{"_context" : {
    "_types" : {
      "ACCEPTED" : {
        "_feature_types" : {"sofa" : "_ref" } }, 
      "DocumentMetaData" : {
        "_feature_types" : {"sofa" : "_ref" } }, 
      "RANK1" : {
        "_feature_types" : {"sofa" : "_ref" } }, 
      "Rank2" : {
        "_feature_types" : {"sofa" : "_ref" } }, 
      "Rank3" : {
        "_feature_types" : {"sofa" : "_ref" } }, 
      "Sentence" : {
        "_feature_types" : {"sofa" : "_ref" } }, 
      "Sofa" : {
        "_feature_types" : {"sofaArray" : "_ref" } }, 
      "TagsetDescription" : {
        "_feature_types" : {"sofa" : "_ref",  "tags" : "_ref" } }, 
      "Token" : {
        "_feature_types" : {"sofa" : "_ref",  "parent" : "_ref",  "lemma" : "_ref",  "stem" : "_ref",  "pos" : "_ref",  "morph" : "_ref",  "form" : "_ref" } }, 
      "Annotation" : {
        "_feature_types" : {"sofa" : "_ref" }, 
        "_subtypes" : ["ACCEPTED",  "DocumentAnnotation",  "RANK1",  "Rank2",  "Rank3",  "Sentence",  "TagsetDescription",  "Token" ] }, 
      "AnnotationBase" : {
        "_feature_types" : {"sofa" : "_ref" }, 
        "_subtypes" : ["Annotation" ] }, 
      "TOP" : {
        "_subtypes" : ["AnnotationBase",  "Sofa" ] }, 
      "DocumentAnnotation" : {
        "_feature_types" : {"sofa" : "_ref" }, 
        "_subtypes" : ["DocumentMetaData" ] } } }, 
  "_views" : {
    "_InitialView" : {
      "DocumentMetaData" : [
        {"sofa" : 12,  "end" : 5796,  "language" : "x-unspecified",  "documentTitle" : "1960_327.txt",  "documentId" : "user2",  "documentUri" : "file:/home/ashutosh/.webanno/repository/project/9/document/258/source/user2",  "collectionId" : "file:/home/ashutosh/.webanno/repository/project/9/document/258/source/",  "documentBaseUri" : "file:/home/ashutosh/.webanno/repository/project/9/document/258/source/",  "isLastSegment" : false } ], 
      "TagsetDescription" : [
        {"sofa" : 12,  "layer" : "de.tudarmstadt.ukp.dkpro.core.api.syntax.type.dependency.Dependency",  "name" : "UD Universal Dependencies (v2)",  "input" : false }, 
        {"sofa" : 12,  "layer" : "de.tudarmstadt.ukp.dkpro.core.api.ner.type.NamedEntity",  "name" : "Named Entity tags",  "input" : false }, 
        {"sofa" : 12,  "layer" : "de.tudarmstadt.ukp.dkpro.core.api.transform.type.SofaChangeAnnotation",  "name" : "Operation",  "input" : false }, 
        {"sofa" : 12,  "layer" : "de.tudarmstadt.ukp.dkpro.core.api.lexmorph.type.pos.POS",  "name" : "UD Universal POS tags (v2)",  "input" : false } ], 
      "Sentence" : [
        {"sofa" : 12,  "end" : 23 }, 
        {"sofa" : 12,  "begin" : 24,  "end" : 26 }, 
        {"sofa" : 12,  "begin" : 27,  "end" : 46 }, 
        {"sofa" : 12,  "begin" : 47,  "end" : 95 }, 
        {"sofa" : 12,  "begin" : 96,  "end" : 151 }, 
        {"sofa" : 12,  "begin" : 152,  "end" : 256 }, 
        {"sofa" : 12,  "begin" : 257,  "end" : 377 }, 
        {"sofa" : 12,  "begin" : 378,  "end" : 534 }, 
        {"sofa" : 12,  "begin" : 535,  "end" : 931 }, 
        {"sofa" : 12,  "begin" : 932,  "end" : 1065 }, 
        {"sofa" : 12,  "begin" : 1066,  "end" : 1068 }, 
        {"sofa" : 12,  "begin" : 1069,  "end" : 1097 }, 
        {"sofa" : 12,  "begin" : 1098,  "end" : 1143 }, 
        {"sofa" : 12,  "begin" : 1145,  "end" : 1381 }, 
        {"sofa" : 12,  "begin" : 1382,  "end" : 1510 }, 
        {"sofa" : 12,  "begin" : 1511,  "end" : 1601 }, 
        {"sofa" : 12,  "begin" : 1602,  "end" : 1650 }, 
        {"sofa" : 12,  "begin" : 1651,  "end" : 1712 }, 
        {"sofa" : 12,  "begin" : 1713,  "end" : 1715 }, 
        {"sofa" : 12,  "begin" : 1716,  "end" : 1866 }, 
        {"sofa" : 12,  "begin" : 1867,  "end" : 2178 }, 
        {"sofa" : 12,  "begin" : 2179,  "end" : 2353 }, 
        {"sofa" : 12,  "begin" : 2354,  "end" : 2373 }, 
        {"sofa" : 12,  "begin" : 2374,  "end" : 2401 }, 
        {"sofa" : 12,  "begin" : 2402,  "end" : 2404 }, 
        {"sofa" : 12,  "begin" : 2405,  "end" : 2407 }, 
        {"sofa" : 12,  "begin" : 2408,  "end" : 2432 }, 
        {"sofa" : 12,  "begin" : 2433,  "end" : 2610 }, 
        {"sofa" : 12,  "begin" : 2611,  "end" : 2813 }, 
        {"sofa" : 12,  "begin" : 2814,  "end" : 3113 }, 
        {"sofa" : 12,  "begin" : 3114,  "end" : 3284 }, 
        {"sofa" : 12,  "begin" : 3285,  "end" : 3410 }, 
        {"sofa" : 12,  "begin" : 3412,  "end" : 3570 }, 
        {"sofa" : 12,  "begin" : 3571,  "end" : 3711 }, 
        {"sofa" : 12,  "begin" : 3712,  "end" : 3714 }, 
        {"sofa" : 12,  "begin" : 3715,  "end" : 3718 }, 
        {"sofa" : 12,  "begin" : 3719,  "end" : 3986 }, 
        {"sofa" : 12,  "begin" : 3987,  "end" : 4279 }, 
        {"sofa" : 12,  "begin" : 4280,  "end" : 4332 }, 
        {"sofa" : 12,  "begin" : 4333,  "end" : 4482 }, 
        {"sofa" : 12,  "begin" : 4483,  "end" : 4723 }, 
        {"sofa" : 12,  "begin" : 4725,  "end" : 4959 }, 
        {"sofa" : 12,  "begin" : 4960,  "end" : 5143 }, 
        {"sofa" : 12,  "begin" : 5144,  "end" : 5364 }, 
        {"sofa" : 12,  "begin" : 5365,  "end" : 5784 }, 
        {"sofa" : 12,  "begin" : 5785,  "end" : 5796 } ], 
      "Token" : [
        {"sofa" : 12,  "end" : 3 }, 
        {"sofa" : 12,  "begin" : 4,  "end" : 13 }, 
        {"sofa" : 12,  "begin" : 14,  "end" : 16 }, 
        {"sofa" : 12,  "begin" : 17,  "end" : 20 }, 
        {"sofa" : 12,  "begin" : 21,  "end" : 22 }, 
        {"sofa" : 12,  "begin" : 22,  "end" : 23 }, 
        {"sofa" : 12,  "begin" : 24,  "end" : 25 }, 
        {"sofa" : 12,  "begin" : 25,  "end" : 26 }, 
        {"sofa" : 12,  "begin" : 27,  "end" : 35 }, 
        {"sofa" : 12,  "begin" : 36,  "end" : 42 }, 
        {"sofa" : 12,  "begin" : 43,  "end" : 45 }, 
        {"sofa" : 12,  "begin" : 45,  "end" : 46 }, 
        {"sofa" : 12,  "begin" : 47,  "end" : 50 }, 
        {"sofa" : 12,  "begin" : 50,  "end" : 51 }, 
        {"sofa" : 12,  "begin" : 51,  "end" : 52 }, 
        {"sofa" : 12,  "begin" : 53,  "end" : 60 }, 
        {"sofa" : 12,  "begin" : 60,  "end" : 61 }, 
        {"sofa" : 12,  "begin" : 62,  "end" : 63 }, 
        {"sofa" : 12,  "begin" : 63,  "end" : 74 }, 
        {"sofa" : 12,  "begin" : 75,  "end" : 81 }, 
        {"sofa" : 12,  "begin" : 82,  "end" : 85 }, 
        {"sofa" : 12,  "begin" : 86,  "end" : 93 }, 
        {"sofa" : 12,  "begin" : 93,  "end" : 94 }, 
        {"sofa" : 12,  "begin" : 94,  "end" : 95 }, 
        {"sofa" : 12,  "begin" : 96,  "end" : 98 }, 
        {"sofa" : 12,  "begin" : 99,  "end" : 106 }, 
        {"sofa" : 12,  "begin" : 107,  "end" : 111 }, 
        {"sofa" : 12,  "begin" : 112,  "end" : 115 }, 
        {"sofa" : 12,  "begin" : 116,  "end" : 123 }, 
        {"sofa" : 12,  "begin" : 124,  "end" : 128 }, 
        {"sofa" : 12,  "begin" : 129,  "end" : 131 }, 
        {"sofa" : 12,  "begin" : 132,  "end" : 138 }, 
        {"sofa" : 12,  "begin" : 139,  "end" : 145 }, 
        {"sofa" : 12,  "begin" : 145,  "end" : 146 }, 
        {"sofa" : 12,  "begin" : 147,  "end" : 148 }, 
        {"sofa" : 12,  "begin" : 149,  "end" : 150 }, 
        {"sofa" : 12,  "begin" : 150,  "end" : 151 }, 
        {"sofa" : 12,  "begin" : 152,  "end" : 161 }, 
        {"sofa" : 12,  "begin" : 162,  "end" : 163 }, 
        {"sofa" : 12,  "begin" : 163,  "end" : 174 }, 
        {"sofa" : 12,  "begin" : 175,  "end" : 183 }, 
        {"sofa" : 12,  "begin" : 184,  "end" : 186 }, 
        {"sofa" : 12,  "begin" : 187,  "end" : 189 }, 
        {"sofa" : 12,  "begin" : 190,  "end" : 193 }, 
        {"sofa" : 12,  "begin" : 194,  "end" : 205 }, 
        {"sofa" : 12,  "begin" : 205,  "end" : 206 }, 
        {"sofa" : 12,  "begin" : 207,  "end" : 209 }, 
        {"sofa" : 12,  "begin" : 210,  "end" : 213 }, 
        {"sofa" : 12,  "begin" : 214,  "end" : 225 }, 
        {"sofa" : 12,  "begin" : 226,  "end" : 229 }, 
        {"sofa" : 12,  "begin" : 230,  "end" : 235 }, 
        {"sofa" : 12,  "begin" : 236,  "end" : 243 }, 
        {"sofa" : 12,  "begin" : 244,  "end" : 248 }, 
        {"sofa" : 12,  "begin" : 249,  "end" : 252 }, 
        {"sofa" : 12,  "begin" : 253,  "end" : 255 }, 
        {"sofa" : 12,  "begin" : 255,  "end" : 256 }, 
        {"sofa" : 12,  "begin" : 257,  "end" : 260 }, 
        {"sofa" : 12,  "begin" : 261,  "end" : 272 }, 
        {"sofa" : 12,  "begin" : 273,  "end" : 275 }, 
        {"sofa" : 12,  "begin" : 276,  "end" : 281 }, 
        {"sofa" : 12,  "begin" : 282,  "end" : 286 }, 
        {"sofa" : 12,  "begin" : 287,  "end" : 291 }, 
        {"sofa" : 12,  "begin" : 292,  "end" : 294 }, 
        {"sofa" : 12,  "begin" : 295,  "end" : 301 }, 
        {"sofa" : 12,  "begin" : 302,  "end" : 303 }, 
        {"sofa" : 12,  "begin" : 304,  "end" : 310 }, 
        {"sofa" : 12,  "begin" : 311,  "end" : 313 }, 
        {"sofa" : 12,  "begin" : 314,  "end" : 321 }, 
        {"sofa" : 12,  "begin" : 322,  "end" : 324 }, 
        {"sofa" : 12,  "begin" : 325,  "end" : 330 }, 
        {"sofa" : 12,  "begin" : 331,  "end" : 334 }, 
        {"sofa" : 12,  "begin" : 335,  "end" : 338 }, 
        {"sofa" : 12,  "begin" : 339,  "end" : 343 }, 
        {"sofa" : 12,  "begin" : 344,  "end" : 349 }, 
        {"sofa" : 12,  "begin" : 350,  "end" : 354 }, 
        {"sofa" : 12,  "begin" : 355,  "end" : 358 }, 
        {"sofa" : 12,  "begin" : 359,  "end" : 364 }, 
        {"sofa" : 12,  "begin" : 365,  "end" : 367 }, 
        {"sofa" : 12,  "begin" : 368,  "end" : 376 }, 
        {"sofa" : 12,  "begin" : 376,  "end" : 377 }, 
        {"sofa" : 12,  "begin" : 378,  "end" : 379 }, 
        {"sofa" : 12,  "begin" : 380,  "end" : 387 }, 
        {"sofa" : 12,  "begin" : 388,  "end" : 393 }, 
        {"sofa" : 12,  "begin" : 394,  "end" : 401 }, 
        {"sofa" : 12,  "begin" : 402,  "end" : 405 }, 
        {"sofa" : 12,  "begin" : 406,  "end" : 417 }, 
        {"sofa" : 12,  "begin" : 418,  "end" : 421 }, 
        {"sofa" : 12,  "begin" : 422,  "end" : 427 }, 
        {"sofa" : 12,  "begin" : 428,  "end" : 435 }, 
        {"sofa" : 12,  "begin" : 436,  "end" : 438 }, 
        {"sofa" : 12,  "begin" : 439,  "end" : 443 }, 
        {"sofa" : 12,  "begin" : 444,  "end" : 447 }, 
        {"sofa" : 12,  "begin" : 448,  "end" : 450 }, 
        {"sofa" : 12,  "begin" : 451,  "end" : 462 }, 
        {"sofa" : 12,  "begin" : 463,  "end" : 466 }, 
        {"sofa" : 12,  "begin" : 467,  "end" : 471 }, 
        {"sofa" : 12,  "begin" : 472,  "end" : 474 }, 
        {"sofa" : 12,  "begin" : 475,  "end" : 479 }, 
        {"sofa" : 12,  "begin" : 480,  "end" : 481 }, 
        {"sofa" : 12,  "begin" : 481,  "end" : 482 }, 
        {"sofa" : 12,  "begin" : 483,  "end" : 487 }, 
        {"sofa" : 12,  "begin" : 487,  "end" : 488 }, 
        {"sofa" : 12,  "begin" : 489,  "end" : 491 }, 
        {"sofa" : 12,  "begin" : 492,  "end" : 495 }, 
        {"sofa" : 12,  "begin" : 496,  "end" : 503 }, 
        {"sofa" : 12,  "begin" : 504,  "end" : 510 }, 
        {"sofa" : 12,  "begin" : 511,  "end" : 514 }, 
        {"sofa" : 12,  "begin" : 515,  "end" : 527 }, 
        {"sofa" : 12,  "begin" : 528,  "end" : 533 }, 
        {"sofa" : 12,  "begin" : 533,  "end" : 534 }, 
        {"sofa" : 12,  "begin" : 535,  "end" : 537 }, 
        {"sofa" : 12,  "begin" : 538,  "end" : 542 }, 
        {"sofa" : 12,  "begin" : 543,  "end" : 554 }, 
        {"sofa" : 12,  "begin" : 555,  "end" : 559 }, 
        {"sofa" : 12,  "begin" : 560,  "end" : 563 }, 
        {"sofa" : 12,  "begin" : 564,  "end" : 571 }, 
        {"sofa" : 12,  "begin" : 572,  "end" : 574 }, 
        {"sofa" : 12,  "begin" : 575,  "end" : 579 }, 
        {"sofa" : 12,  "begin" : 580,  "end" : 582 }, 
        {"sofa" : 12,  "begin" : 583,  "end" : 586 }, 
        {"sofa" : 12,  "begin" : 587,  "end" : 598 }, 
        {"sofa" : 12,  "begin" : 599,  "end" : 603 }, 
        {"sofa" : 12,  "begin" : 604,  "end" : 611 }, 
        {"sofa" : 12,  "begin" : 612,  "end" : 615 }, 
        {"sofa" : 12,  "begin" : 616,  "end" : 620 }, 
        {"sofa" : 12,  "begin" : 621,  "end" : 628 }, 
        {"sofa" : 12,  "begin" : 629,  "end" : 633 }, 
        {"sofa" : 12,  "begin" : 634,  "end" : 642 }, 
        {"sofa" : 12,  "begin" : 643,  "end" : 645 }, 
        {"sofa" : 12,  "begin" : 646,  "end" : 649 }, 
        {"sofa" : 12,  "begin" : 650,  "end" : 657 }, 
        {"sofa" : 12,  "begin" : 658,  "end" : 660 }, 
        {"sofa" : 12,  "begin" : 661,  "end" : 664 }, 
        {"sofa" : 12,  "begin" : 665,  "end" : 677 }, 
        {"sofa" : 12,  "begin" : 678,  "end" : 683 }, 
        {"sofa" : 12,  "begin" : 683,  "end" : 684 }, 
        {"sofa" : 12,  "begin" : 685,  "end" : 691 }, 
        {"sofa" : 12,  "begin" : 691,  "end" : 692 }, 
        {"sofa" : 12,  "begin" : 693,  "end" : 694 }, 
        {"sofa" : 12,  "begin" : 694,  "end" : 695 }, 
        {"sofa" : 12,  "begin" : 695,  "end" : 696 }, 
        {"sofa" : 12,  "begin" : 697,  "end" : 706 }, 
        {"sofa" : 12,  "begin" : 707,  "end" : 709 }, 
        {"sofa" : 12,  "begin" : 710,  "end" : 715 }, 
        {"sofa" : 12,  "begin" : 716,  "end" : 719 }, 
        {"sofa" : 12,  "begin" : 720,  "end" : 723 }, 
        {"sofa" : 12,  "begin" : 724,  "end" : 729 }, 
        {"sofa" : 12,  "begin" : 730,  "end" : 734 }, 
        {"sofa" : 12,  "begin" : 734,  "end" : 735 }, 
        {"sofa" : 12,  "begin" : 735,  "end" : 737 }, 
        {"sofa" : 12,  "begin" : 738,  "end" : 741 }, 
        {"sofa" : 12,  "begin" : 742,  "end" : 746 }, 
        {"sofa" : 12,  "begin" : 746,  "end" : 747 }, 
        {"sofa" : 12,  "begin" : 747,  "end" : 749 }, 
        {"sofa" : 12,  "begin" : 750,  "end" : 751 }, 
        {"sofa" : 12,  "begin" : 751,  "end" : 753 }, 
        {"sofa" : 12,  "begin" : 753,  "end" : 754 }, 
        {"sofa" : 12,  "begin" : 755,  "end" : 763 }, 
        {"sofa" : 12,  "begin" : 764,  "end" : 766 }, 
        {"sofa" : 12,  "begin" : 767,  "end" : 775 }, 
        {"sofa" : 12,  "begin" : 776,  "end" : 784 }, 
        {"sofa" : 12,  "begin" : 785,  "end" : 786 }, 
        {"sofa" : 12,  "begin" : 786,  "end" : 789 }, 
        {"sofa" : 12,  "begin" : 789,  "end" : 790 }, 
        {"sofa" : 12,  "begin" : 791,  "end" : 803 }, 
        {"sofa" : 12,  "begin" : 804,  "end" : 806 }, 
        {"sofa" : 12,  "begin" : 807,  "end" : 814 }, 
        {"sofa" : 12,  "begin" : 815,  "end" : 820 }, 
        {"sofa" : 12,  "begin" : 821,  "end" : 823 }, 
        {"sofa" : 12,  "begin" : 824,  "end" : 829 }, 
        {"sofa" : 12,  "begin" : 830,  "end" : 837 }, 
        {"sofa" : 12,  "begin" : 838,  "end" : 840 }, 
        {"sofa" : 12,  "begin" : 841,  "end" : 844 }, 
        {"sofa" : 12,  "begin" : 845,  "end" : 849 }, 
        {"sofa" : 12,  "begin" : 850,  "end" : 853 }, 
        {"sofa" : 12,  "begin" : 854,  "end" : 861 }, 
        {"sofa" : 12,  "begin" : 862,  "end" : 870 }, 
        {"sofa" : 12,  "begin" : 871,  "end" : 873 }, 
        {"sofa" : 12,  "begin" : 874,  "end" : 877 }, 
        {"sofa" : 12,  "begin" : 878,  "end" : 885 }, 
        {"sofa" : 12,  "begin" : 886,  "end" : 889 }, 
        {"sofa" : 12,  "begin" : 890,  "end" : 891 }, 
        {"sofa" : 12,  "begin" : 891,  "end" : 893 }, 
        {"sofa" : 12,  "begin" : 893,  "end" : 894 }, 
        {"sofa" : 12,  "begin" : 895,  "end" : 907 }, 
        {"sofa" : 12,  "begin" : 908,  "end" : 910 }, 
        {"sofa" : 12,  "begin" : 911,  "end" : 914 }, 
        {"sofa" : 12,  "begin" : 915,  "end" : 923 }, 
        {"sofa" : 12,  "begin" : 924,  "end" : 930 }, 
        {"sofa" : 12,  "begin" : 930,  "end" : 931 }, 
        {"sofa" : 12,  "begin" : 932,  "end" : 939 }, 
        {"sofa" : 12,  "begin" : 940,  "end" : 942 }, 
        {"sofa" : 12,  "begin" : 943,  "end" : 955 }, 
        {"sofa" : 12,  "begin" : 956,  "end" : 962 }, 
        {"sofa" : 12,  "begin" : 963,  "end" : 966 }, 
        {"sofa" : 12,  "begin" : 967,  "end" : 976 }, 
        {"sofa" : 12,  "begin" : 977,  "end" : 980 }, 
        {"sofa" : 12,  "begin" : 981,  "end" : 991 }, 
        {"sofa" : 12,  "begin" : 992,  "end" : 994 }, 
        {"sofa" : 12,  "begin" : 995,  "end" : 1000 }, 
        {"sofa" : 12,  "begin" : 1001,  "end" : 1008 }, 
        {"sofa" : 12,  "begin" : 1009,  "end" : 1013 }, 
        {"sofa" : 12,  "begin" : 1014,  "end" : 1015 }, 
        {"sofa" : 12,  "begin" : 1016,  "end" : 1025 }, 
        {"sofa" : 12,  "begin" : 1026,  "end" : 1028 }, 
        {"sofa" : 12,  "begin" : 1029,  "end" : 1032 }, 
        {"sofa" : 12,  "begin" : 1033,  "end" : 1043 }, 
        {"sofa" : 12,  "begin" : 1044,  "end" : 1052 }, 
        {"sofa" : 12,  "begin" : 1053,  "end" : 1058 }, 
        {"sofa" : 12,  "begin" : 1059,  "end" : 1062 }, 
        {"sofa" : 12,  "begin" : 1063,  "end" : 1064 }, 
        {"sofa" : 12,  "begin" : 1064,  "end" : 1065 }, 
        {"sofa" : 12,  "begin" : 1066,  "end" : 1067 }, 
        {"sofa" : 12,  "begin" : 1067,  "end" : 1068 }, 
        {"sofa" : 12,  "begin" : 1069,  "end" : 1079 }, 
        {"sofa" : 12,  "begin" : 1080,  "end" : 1088 }, 
        {"sofa" : 12,  "begin" : 1089,  "end" : 1092 }, 
        {"sofa" : 12,  "begin" : 1092,  "end" : 1093 }, 
        {"sofa" : 12,  "begin" : 1094,  "end" : 1096 }, 
        {"sofa" : 12,  "begin" : 1096,  "end" : 1097 }, 
        {"sofa" : 12,  "begin" : 1098,  "end" : 1104 }, 
        {"sofa" : 12,  "begin" : 1105,  "end" : 1107 }, 
        {"sofa" : 12,  "begin" : 1108,  "end" : 1112 }, 
        {"sofa" : 12,  "begin" : 1112,  "end" : 1113 }, 
        {"sofa" : 12,  "begin" : 1114,  "end" : 1115 }, 
        {"sofa" : 12,  "begin" : 1115,  "end" : 1126 }, 
        {"sofa" : 12,  "begin" : 1127,  "end" : 1133 }, 
        {"sofa" : 12,  "begin" : 1134,  "end" : 1137 }, 
        {"sofa" : 12,  "begin" : 1138,  "end" : 1141 }, 
        {"sofa" : 12,  "begin" : 1141,  "end" : 1142 }, 
        {"sofa" : 12,  "begin" : 1142,  "end" : 1143 }, 
        {"sofa" : 12,  "begin" : 1145,  "end" : 1147 }, 
        {"sofa" : 12,  "begin" : 1148,  "end" : 1152 }, 
        {"sofa" : 12,  "begin" : 1153,  "end" : 1162 }, 
        {"sofa" : 12,  "begin" : 1163,  "end" : 1167 }, 
        {"sofa" : 12,  "begin" : 1168,  "end" : 1173 }, 
        {"sofa" : 12,  "begin" : 1174,  "end" : 1180 }, 
        {"sofa" : 12,  "begin" : 1181,  "end" : 1185 }, 
        {"sofa" : 12,  "begin" : 1186,  "end" : 1194 }, 
        {"sofa" : 12,  "begin" : 1195,  "end" : 1198 }, 
        {"sofa" : 12,  "begin" : 1199,  "end" : 1201 }, 
        {"sofa" : 12,  "begin" : 1202,  "end" : 1205 }, 
        {"sofa" : 12,  "begin" : 1206,  "end" : 1210 }, 
        {"sofa" : 12,  "begin" : 1211,  "end" : 1216 }, 
        {"sofa" : 12,  "begin" : 1217,  "end" : 1221 }, 
        {"sofa" : 12,  "begin" : 1222,  "end" : 1228 }, 
        {"sofa" : 12,  "begin" : 1229,  "end" : 1232 }, 
        {"sofa" : 12,  "begin" : 1233,  "end" : 1245 }, 
        {"sofa" : 12,  "begin" : 1246,  "end" : 1251 }, 
        {"sofa" : 12,  "begin" : 1251,  "end" : 1252 }, 
        {"sofa" : 12,  "begin" : 1253,  "end" : 1259 }, 
        {"sofa" : 12,  "begin" : 1259,  "end" : 1260 }, 
        {"sofa" : 12,  "begin" : 1261,  "end" : 1266 }, 
        {"sofa" : 12,  "begin" : 1267,  "end" : 1275 }, 
        {"sofa" : 12,  "begin" : 1276,  "end" : 1278 }, 
        {"sofa" : 12,  "begin" : 1279,  "end" : 1284 }, 
        {"sofa" : 12,  "begin" : 1284,  "end" : 1285 }, 
        {"sofa" : 12,  "begin" : 1286,  "end" : 1294 }, 
        {"sofa" : 12,  "begin" : 1295,  "end" : 1303 }, 
        {"sofa" : 12,  "begin" : 1304,  "end" : 1307 }, 
        {"sofa" : 12,  "begin" : 1308,  "end" : 1315 }, 
        {"sofa" : 12,  "begin" : 1316,  "end" : 1318 }, 
        {"sofa" : 12,  "begin" : 1319,  "end" : 1324 }, 
        {"sofa" : 12,  "begin" : 1325,  "end" : 1327 }, 
        {"sofa" : 12,  "begin" : 1328,  "end" : 1333 }, 
        {"sofa" : 12,  "begin" : 1334,  "end" : 1341 }, 
        {"sofa" : 12,  "begin" : 1342,  "end" : 1344 }, 
        {"sofa" : 12,  "begin" : 1345,  "end" : 1348 }, 
        {"sofa" : 12,  "begin" : 1349,  "end" : 1353 }, 
        {"sofa" : 12,  "begin" : 1354,  "end" : 1357 }, 
        {"sofa" : 12,  "begin" : 1358,  "end" : 1365 }, 
        {"sofa" : 12,  "begin" : 1366,  "end" : 1368 }, 
        {"sofa" : 12,  "begin" : 1369,  "end" : 1372 }, 
        {"sofa" : 12,  "begin" : 1373,  "end" : 1380 }, 
        {"sofa" : 12,  "begin" : 1380,  "end" : 1381 }, 
        {"sofa" : 12,  "begin" : 1382,  "end" : 1385 }, 
        {"sofa" : 12,  "begin" : 1386,  "end" : 1392 }, 
        {"sofa" : 12,  "begin" : 1393,  "end" : 1398 }, 
        {"sofa" : 12,  "begin" : 1399,  "end" : 1404 }, 
        {"sofa" : 12,  "begin" : 1405,  "end" : 1408 }, 
        {"sofa" : 12,  "begin" : 1409,  "end" : 1415 }, 
        {"sofa" : 12,  "begin" : 1416,  "end" : 1422 }, 
        {"sofa" : 12,  "begin" : 1423,  "end" : 1426 }, 
        {"sofa" : 12,  "begin" : 1427,  "end" : 1439 }, 
        {"sofa" : 12,  "begin" : 1440,  "end" : 1445 }, 
        {"sofa" : 12,  "begin" : 1446,  "end" : 1447 }, 
        {"sofa" : 12,  "begin" : 1447,  "end" : 1453 }, 
        {"sofa" : 12,  "begin" : 1453,  "end" : 1454 }, 
        {"sofa" : 12,  "begin" : 1455,  "end" : 1468 }, 
        {"sofa" : 12,  "begin" : 1469,  "end" : 1471 }, 
        {"sofa" : 12,  "begin" : 1472,  "end" : 1475 }, 
        {"sofa" : 12,  "begin" : 1476,  "end" : 1484 }, 
        {"sofa" : 12,  "begin" : 1485,  "end" : 1491 }, 
        {"sofa" : 12,  "begin" : 1491,  "end" : 1492 }, 
        {"sofa" : 12,  "begin" : 1493,  "end" : 1496 }, 
        {"sofa" : 12,  "begin" : 1497,  "end" : 1500 }, 
        {"sofa" : 12,  "begin" : 1501,  "end" : 1509 }, 
        {"sofa" : 12,  "begin" : 1509,  "end" : 1510 }, 
        {"sofa" : 12,  "begin" : 1511,  "end" : 1514 }, 
        {"sofa" : 12,  "begin" : 1515,  "end" : 1522 }, 
        {"sofa" : 12,  "begin" : 1523,  "end" : 1525 }, 
        {"sofa" : 12,  "begin" : 1526,  "end" : 1530 }, 
        {"sofa" : 12,  "begin" : 1531,  "end" : 1540 }, 
        {"sofa" : 12,  "begin" : 1541,  "end" : 1545 }, 
        {"sofa" : 12,  "begin" : 1546,  "end" : 1549 }, 
        {"sofa" : 12,  "begin" : 1549,  "end" : 1550 }, 
        {"sofa" : 12,  "begin" : 1551,  "end" : 1557 }, 
        {"sofa" : 12,  "begin" : 1557,  "end" : 1558 }, 
        {"sofa" : 12,  "begin" : 1558,  "end" : 1559 }, 
        {"sofa" : 12,  "begin" : 1559,  "end" : 1560 }, 
        {"sofa" : 12,  "begin" : 1560,  "end" : 1561 }, 
        {"sofa" : 12,  "begin" : 1562,  "end" : 1565 }, 
        {"sofa" : 12,  "begin" : 1566,  "end" : 1577 }, 
        {"sofa" : 12,  "begin" : 1578,  "end" : 1581 }, 
        {"sofa" : 12,  "begin" : 1582,  "end" : 1583 }, 
        {"sofa" : 12,  "begin" : 1583,  "end" : 1585 }, 
        {"sofa" : 12,  "begin" : 1585,  "end" : 1586 }, 
        {"sofa" : 12,  "begin" : 1587,  "end" : 1592 }, 
        {"sofa" : 12,  "begin" : 1593,  "end" : 1600 }, 
        {"sofa" : 12,  "begin" : 1600,  "end" : 1601 }, 
        {"sofa" : 12,  "begin" : 1602,  "end" : 1605 }, 
        {"sofa" : 12,  "begin" : 1606,  "end" : 1615 }, 
        {"sofa" : 12,  "begin" : 1616,  "end" : 1619 }, 
        {"sofa" : 12,  "begin" : 1620,  "end" : 1623 }, 
        {"sofa" : 12,  "begin" : 1624,  "end" : 1625 }, 
        {"sofa" : 12,  "begin" : 1626,  "end" : 1631 }, 
        {"sofa" : 12,  "begin" : 1632,  "end" : 1634 }, 
        {"sofa" : 12,  "begin" : 1635,  "end" : 1639 }, 
        {"sofa" : 12,  "begin" : 1640,  "end" : 1649 }, 
        {"sofa" : 12,  "begin" : 1649,  "end" : 1650 }, 
        {"sofa" : 12,  "begin" : 1651,  "end" : 1653 }, 
        {"sofa" : 12,  "begin" : 1654,  "end" : 1660 }, 
        {"sofa" : 12,  "begin" : 1661,  "end" : 1663 }, 
        {"sofa" : 12,  "begin" : 1663,  "end" : 1664 }, 
        {"sofa" : 12,  "begin" : 1665,  "end" : 1669 }, 
        {"sofa" : 12,  "begin" : 1669,  "end" : 1670 }, 
        {"sofa" : 12,  "begin" : 1671,  "end" : 1678 }, 
        {"sofa" : 12,  "begin" : 1679,  "end" : 1691 }, 
        {"sofa" : 12,  "begin" : 1692,  "end" : 1695 }, 
        {"sofa" : 12,  "begin" : 1696,  "end" : 1702 }, 
        {"sofa" : 12,  "begin" : 1703,  "end" : 1705 }, 
        {"sofa" : 12,  "begin" : 1706,  "end" : 1709 }, 
        {"sofa" : 12,  "begin" : 1710,  "end" : 1711 }, 
        {"sofa" : 12,  "begin" : 1711,  "end" : 1712 }, 
        {"sofa" : 12,  "begin" : 1713,  "end" : 1714 }, 
        {"sofa" : 12,  "begin" : 1714,  "end" : 1715 }, 
        {"sofa" : 12,  "begin" : 1716,  "end" : 1726 }, 
        {"sofa" : 12,  "begin" : 1727,  "end" : 1732 }, 
        {"sofa" : 12,  "begin" : 1733,  "end" : 1735 }, 
        {"sofa" : 12,  "begin" : 1735,  "end" : 1736 }, 
        {"sofa" : 12,  "begin" : 1737,  "end" : 1738 }, 
        {"sofa" : 12,  "begin" : 1738,  "end" : 1739 }, 
        {"sofa" : 12,  "begin" : 1740,  "end" : 1741 }, 
        {"sofa" : 12,  "begin" : 1742,  "end" : 1745 }, 
        {"sofa" : 12,  "begin" : 1746,  "end" : 1747 }, 
        {"sofa" : 12,  "begin" : 1748,  "end" : 1750 }, 
        {"sofa" : 12,  "begin" : 1751,  "end" : 1754 }, 
        {"sofa" : 12,  "begin" : 1755,  "end" : 1758 }, 
        {"sofa" : 12,  "begin" : 1759,  "end" : 1761 }, 
        {"sofa" : 12,  "begin" : 1762,  "end" : 1767 }, 
        {"sofa" : 12,  "begin" : 1768,  "end" : 1771 }, 
        {"sofa" : 12,  "begin" : 1772,  "end" : 1779 }, 
        {"sofa" : 12,  "begin" : 1780,  "end" : 1783 }, 
        {"sofa" : 12,  "begin" : 1784,  "end" : 1793 }, 
        {"sofa" : 12,  "begin" : 1794,  "end" : 1796 }, 
        {"sofa" : 12,  "begin" : 1797,  "end" : 1798 }, 
        {"sofa" : 12,  "begin" : 1799,  "end" : 1804 }, 
        {"sofa" : 12,  "begin" : 1805,  "end" : 1807 }, 
        {"sofa" : 12,  "begin" : 1808,  "end" : 1811 }, 
        {"sofa" : 12,  "begin" : 1812,  "end" : 1819 }, 
        {"sofa" : 12,  "begin" : 1820,  "end" : 1828 }, 
        {"sofa" : 12,  "begin" : 1829,  "end" : 1831 }, 
        {"sofa" : 12,  "begin" : 1832,  "end" : 1835 }, 
        {"sofa" : 12,  "begin" : 1836,  "end" : 1848 }, 
        {"sofa" : 12,  "begin" : 1849,  "end" : 1851 }, 
        {"sofa" : 12,  "begin" : 1852,  "end" : 1856 }, 
        {"sofa" : 12,  "begin" : 1857,  "end" : 1859 }, 
        {"sofa" : 12,  "begin" : 1859,  "end" : 1860 }, 
        {"sofa" : 12,  "begin" : 1861,  "end" : 1865 }, 
        {"sofa" : 12,  "begin" : 1865,  "end" : 1866 }, 
        {"sofa" : 12,  "begin" : 1867,  "end" : 1869 }, 
        {"sofa" : 12,  "begin" : 1870,  "end" : 1872 }, 
        {"sofa" : 12,  "begin" : 1873,  "end" : 1883 }, 
        {"sofa" : 12,  "begin" : 1883,  "end" : 1884 }, 
        {"sofa" : 12,  "begin" : 1885,  "end" : 1892 }, 
        {"sofa" : 12,  "begin" : 1892,  "end" : 1893 }, 
        {"sofa" : 12,  "begin" : 1894,  "end" : 1898 }, 
        {"sofa" : 12,  "begin" : 1899,  "end" : 1902 }, 
        {"sofa" : 12,  "begin" : 1903,  "end" : 1910 }, 
        {"sofa" : 12,  "begin" : 1911,  "end" : 1913 }, 
        {"sofa" : 12,  "begin" : 1914,  "end" : 1921 }, 
        {"sofa" : 12,  "begin" : 1922,  "end" : 1927 }, 
        {"sofa" : 12,  "begin" : 1928,  "end" : 1932 }, 
        {"sofa" : 12,  "begin" : 1933,  "end" : 1942 }, 
        {"sofa" : 12,  "begin" : 1943,  "end" : 1945 }, 
        {"sofa" : 12,  "begin" : 1946,  "end" : 1949 }, 
        {"sofa" : 12,  "begin" : 1950,  "end" : 1959 }, 
        {"sofa" : 12,  "begin" : 1960,  "end" : 1965 }, 
        {"sofa" : 12,  "begin" : 1966,  "end" : 1970 }, 
        {"sofa" : 12,  "begin" : 1971,  "end" : 1973 }, 
        {"sofa" : 12,  "begin" : 1973,  "end" : 1974 }, 
        {"sofa" : 12,  "begin" : 1975,  "end" : 1979 }, 
        {"sofa" : 12,  "begin" : 1979,  "end" : 1980 }, 
        {"sofa" : 12,  "begin" : 1981,  "end" : 1985 }, 
        {"sofa" : 12,  "begin" : 1986,  "end" : 1989 }, 
        {"sofa" : 12,  "begin" : 1990,  "end" : 1997 }, 
        {"sofa" : 12,  "begin" : 1998,  "end" : 2000 }, 
        {"sofa" : 12,  "begin" : 2001,  "end" : 2005 }, 
        {"sofa" : 12,  "begin" : 2006,  "end" : 2011 }, 
        {"sofa" : 12,  "begin" : 2012,  "end" : 2016 }, 
        {"sofa" : 12,  "begin" : 2017,  "end" : 2021 }, 
        {"sofa" : 12,  "begin" : 2022,  "end" : 2027 }, 
        {"sofa" : 12,  "begin" : 2028,  "end" : 2031 }, 
        {"sofa" : 12,  "begin" : 2032,  "end" : 2039 }, 
        {"sofa" : 12,  "begin" : 2040,  "end" : 2042 }, 
        {"sofa" : 12,  "begin" : 2043,  "end" : 2044 }, 
        {"sofa" : 12,  "begin" : 2044,  "end" : 2045 }, 
        {"sofa" : 12,  "begin" : 2046,  "end" : 2047 }, 
        {"sofa" : 12,  "begin" : 2048,  "end" : 2050 }, 
        {"sofa" : 12,  "begin" : 2051,  "end" : 2054 }, 
        {"sofa" : 12,  "begin" : 2055,  "end" : 2058 }, 
        {"sofa" : 12,  "begin" : 2058,  "end" : 2059 }, 
        {"sofa" : 12,  "begin" : 2060,  "end" : 2062 }, 
        {"sofa" : 12,  "begin" : 2063,  "end" : 2069 }, 
        {"sofa" : 12,  "begin" : 2070,  "end" : 2073 }, 
        {"sofa" : 12,  "begin" : 2074,  "end" : 2080 }, 
        {"sofa" : 12,  "begin" : 2081,  "end" : 2086 }, 
        {"sofa" : 12,  "begin" : 2087,  "end" : 2089 }, 
        {"sofa" : 12,  "begin" : 2090,  "end" : 2097 }, 
        {"sofa" : 12,  "begin" : 2098,  "end" : 2104 }, 
        {"sofa" : 12,  "begin" : 2105,  "end" : 2108 }, 
        {"sofa" : 12,  "begin" : 2109,  "end" : 2121 }, 
        {"sofa" : 12,  "begin" : 2122,  "end" : 2127 }, 
        {"sofa" : 12,  "begin" : 2127,  "end" : 2128 }, 
        {"sofa" : 12,  "begin" : 2129,  "end" : 2135 }, 
        {"sofa" : 12,  "begin" : 2135,  "end" : 2136 }, 
        {"sofa" : 12,  "begin" : 2137,  "end" : 2140 }, 
        {"sofa" : 12,  "begin" : 2141,  "end" : 2154 }, 
        {"sofa" : 12,  "begin" : 2155,  "end" : 2157 }, 
        {"sofa" : 12,  "begin" : 2158,  "end" : 2161 }, 
        {"sofa" : 12,  "begin" : 2162,  "end" : 2170 }, 
        {"sofa" : 12,  "begin" : 2171,  "end" : 2177 }, 
        {"sofa" : 12,  "begin" : 2177,  "end" : 2178 }, 
        {"sofa" : 12,  "begin" : 2179,  "end" : 2183 }, 
        {"sofa" : 12,  "begin" : 2184,  "end" : 2187 }, 
        {"sofa" : 12,  "begin" : 2188,  "end" : 2194 }, 
        {"sofa" : 12,  "begin" : 2195,  "end" : 2199 }, 
        {"sofa" : 12,  "begin" : 2200,  "end" : 2202 }, 
        {"sofa" : 12,  "begin" : 2203,  "end" : 2209 }, 
        {"sofa" : 12,  "begin" : 2210,  "end" : 2213 }, 
        {"sofa" : 12,  "begin" : 2214,  "end" : 2224 }, 
        {"sofa" : 12,  "begin" : 2225,  "end" : 2230 }, 
        {"sofa" : 12,  "begin" : 2231,  "end" : 2233 }, 
        {"sofa" : 12,  "begin" : 2234,  "end" : 2240 }, 
        {"sofa" : 12,  "begin" : 2241,  "end" : 2242 }, 
        {"sofa" : 12,  "begin" : 2243,  "end" : 2249 }, 
        {"sofa" : 12,  "begin" : 2250,  "end" : 2252 }, 
        {"sofa" : 12,  "begin" : 2253,  "end" : 2259 }, 
        {"sofa" : 12,  "begin" : 2260,  "end" : 2263 }, 
        {"sofa" : 12,  "begin" : 2264,  "end" : 2267 }, 
        {"sofa" : 12,  "begin" : 2268,  "end" : 2273 }, 
        {"sofa" : 12,  "begin" : 2274,  "end" : 2277 }, 
        {"sofa" : 12,  "begin" : 2278,  "end" : 2282 }, 
        {"sofa" : 12,  "begin" : 2283,  "end" : 2292 }, 
        {"sofa" : 12,  "begin" : 2293,  "end" : 2298 }, 
        {"sofa" : 12,  "begin" : 2299,  "end" : 2302 }, 
        {"sofa" : 12,  "begin" : 2303,  "end" : 2307 }, 
        {"sofa" : 12,  "begin" : 2308,  "end" : 2311 }, 
        {"sofa" : 12,  "begin" : 2312,  "end" : 2315 }, 
        {"sofa" : 12,  "begin" : 2316,  "end" : 2323 }, 
        {"sofa" : 12,  "begin" : 2324,  "end" : 2333 }, 
        {"sofa" : 12,  "begin" : 2334,  "end" : 2343 }, 
        {"sofa" : 12,  "begin" : 2344,  "end" : 2346 }, 
        {"sofa" : 12,  "begin" : 2347,  "end" : 2350 }, 
        {"sofa" : 12,  "begin" : 2351,  "end" : 2352 }, 
        {"sofa" : 12,  "begin" : 2352,  "end" : 2353 }, 
        {"sofa" : 12,  "begin" : 2354,  "end" : 2362 }, 
        {"sofa" : 12,  "begin" : 2363,  "end" : 2369 }, 
        {"sofa" : 12,  "begin" : 2370,  "end" : 2372 }, 
        {"sofa" : 12,  "begin" : 2372,  "end" : 2373 }, 
        {"sofa" : 12,  "begin" : 2374,  "end" : 2377 }, 
        {"sofa" : 12,  "begin" : 2377,  "end" : 2378 }, 
        {"sofa" : 12,  "begin" : 2378,  "end" : 2379 }, 
        {"sofa" : 12,  "begin" : 2380,  "end" : 2387 }, 
        {"sofa" : 12,  "begin" : 2388,  "end" : 2390 }, 
        {"sofa" : 12,  "begin" : 2391,  "end" : 2393 }, 
        {"sofa" : 12,  "begin" : 2394,  "end" : 2400 }, 
        {"sofa" : 12,  "begin" : 2400,  "end" : 2401 }, 
        {"sofa" : 12,  "begin" : 2402,  "end" : 2403 }, 
        {"sofa" : 12,  "begin" : 2403,  "end" : 2404 }, 
        {"sofa" : 12,  "begin" : 2405,  "end" : 2406 }, 
        {"sofa" : 12,  "begin" : 2406,  "end" : 2407 }, 
        {"sofa" : 12,  "begin" : 2408,  "end" : 2417 }, 
        {"sofa" : 12,  "begin" : 2417,  "end" : 2418 }, 
        {"sofa" : 12,  "begin" : 2419,  "end" : 2430 }, 
        {"sofa" : 12,  "begin" : 2431,  "end" : 2432 }, 
        {"sofa" : 12,  "begin" : 2433,  "end" : 2436 }, 
        {"sofa" : 12,  "begin" : 2437,  "end" : 2441 }, 
        {"sofa" : 12,  "begin" : 2442,  "end" : 2451 }, 
        {"sofa" : 12,  "begin" : 2452,  "end" : 2454 }, 
        {"sofa" : 12,  "begin" : 2455,  "end" : 2458 }, 
        {"sofa" : 12,  "begin" : 2459,  "end" : 2466 }, 
        {"sofa" : 12,  "begin" : 2467,  "end" : 2470 }, 
        {"sofa" : 12,  "begin" : 2471,  "end" : 2475 }, 
        {"sofa" : 12,  "begin" : 2476,  "end" : 2479 }, 
        {"sofa" : 12,  "begin" : 2480,  "end" : 2487 }, 
        {"sofa" : 12,  "begin" : 2487,  "end" : 2488 }, 
        {"sofa" : 12,  "begin" : 2489,  "end" : 2491 }, 
        {"sofa" : 12,  "begin" : 2492,  "end" : 2495 }, 
        {"sofa" : 12,  "begin" : 2496,  "end" : 2499 }, 
        {"sofa" : 12,  "begin" : 2500,  "end" : 2507 }, 
        {"sofa" : 12,  "begin" : 2508,  "end" : 2511 }, 
        {"sofa" : 12,  "begin" : 2512,  "end" : 2523 }, 
        {"sofa" : 12,  "begin" : 2524,  "end" : 2527 }, 
        {"sofa" : 12,  "begin" : 2528,  "end" : 2533 }, 
        {"sofa" : 12,  "begin" : 2534,  "end" : 2543 }, 
        {"sofa" : 12,  "begin" : 2544,  "end" : 2547 }, 
        {"sofa" : 12,  "begin" : 2548,  "end" : 2552 }, 
        {"sofa" : 12,  "begin" : 2553,  "end" : 2558 }, 
        {"sofa" : 12,  "begin" : 2559,  "end" : 2562 }, 
        {"sofa" : 12,  "begin" : 2563,  "end" : 2565 }, 
        {"sofa" : 12,  "begin" : 2566,  "end" : 2573 }, 
        {"sofa" : 12,  "begin" : 2574,  "end" : 2581 }, 
        {"sofa" : 12,  "begin" : 2582,  "end" : 2585 }, 
        {"sofa" : 12,  "begin" : 2586,  "end" : 2593 }, 
        {"sofa" : 12,  "begin" : 2594,  "end" : 2597 }, 
        {"sofa" : 12,  "begin" : 2598,  "end" : 2601 }, 
        {"sofa" : 12,  "begin" : 2602,  "end" : 2609 }, 
        {"sofa" : 12,  "begin" : 2609,  "end" : 2610 }, 
        {"sofa" : 12,  "begin" : 2611,  "end" : 2613 }, 
        {"sofa" : 12,  "begin" : 2614,  "end" : 2617 }, 
        {"sofa" : 12,  "begin" : 2618,  "end" : 2625 }, 
        {"sofa" : 12,  "begin" : 2626,  "end" : 2634 }, 
        {"sofa" : 12,  "begin" : 2635,  "end" : 2639 }, 
        {"sofa" : 12,  "begin" : 2640,  "end" : 2645 }, 
        {"sofa" : 12,  "begin" : 2646,  "end" : 2649 }, 
        {"sofa" : 12,  "begin" : 2650,  "end" : 2652 }, 
        {"sofa" : 12,  "begin" : 2653,  "end" : 2658 }, 
        {"sofa" : 12,  "begin" : 2659,  "end" : 2661 }, 
        {"sofa" : 12,  "begin" : 2662,  "end" : 2667 }, 
        {"sofa" : 12,  "begin" : 2668,  "end" : 2673 }, 
        {"sofa" : 12,  "begin" : 2674,  "end" : 2676 }, 
        {"sofa" : 12,  "begin" : 2677,  "end" : 2680 }, 
        {"sofa" : 12,  "begin" : 2681,  "end" : 2691 }, 
        {"sofa" : 12,  "begin" : 2692,  "end" : 2701 }, 
        {"sofa" : 12,  "begin" : 2702,  "end" : 2705 }, 
        {"sofa" : 12,  "begin" : 2706,  "end" : 2713 }, 
        {"sofa" : 12,  "begin" : 2714,  "end" : 2721 }, 
        {"sofa" : 12,  "begin" : 2722,  "end" : 2725 }, 
        {"sofa" : 12,  "begin" : 2726,  "end" : 2733 }, 
        {"sofa" : 12,  "begin" : 2734,  "end" : 2737 }, 
        {"sofa" : 12,  "begin" : 2738,  "end" : 2741 }, 
        {"sofa" : 12,  "begin" : 2742,  "end" : 2749 }, 
        {"sofa" : 12,  "begin" : 2750,  "end" : 2752 }, 
        {"sofa" : 12,  "begin" : 2753,  "end" : 2756 }, 
        {"sofa" : 12,  "begin" : 2757,  "end" : 2765 }, 
        {"sofa" : 12,  "begin" : 2766,  "end" : 2769 }, 
        {"sofa" : 12,  "begin" : 2770,  "end" : 2779 }, 
        {"sofa" : 12,  "begin" : 2780,  "end" : 2783 }, 
        {"sofa" : 12,  "begin" : 2784,  "end" : 2792 }, 
        {"sofa" : 12,  "begin" : 2793,  "end" : 2796 }, 
        {"sofa" : 12,  "begin" : 2797,  "end" : 2799 }, 
        {"sofa" : 12,  "begin" : 2800,  "end" : 2812 }, 
        {"sofa" : 12,  "begin" : 2812,  "end" : 2813 }, 
        {"sofa" : 12,  "begin" : 2814,  "end" : 2816 }, 
        {"sofa" : 12,  "begin" : 2817,  "end" : 2820 }, 
        {"sofa" : 12,  "begin" : 2821,  "end" : 2827 }, 
        {"sofa" : 12,  "begin" : 2828,  "end" : 2830 }, 
        {"sofa" : 12,  "begin" : 2831,  "end" : 2834 }, 
        {"sofa" : 12,  "begin" : 2835,  "end" : 2840 }, 
        {"sofa" : 12,  "begin" : 2841,  "end" : 2845 }, 
        {"sofa" : 12,  "begin" : 2846,  "end" : 2849 }, 
        {"sofa" : 12,  "begin" : 2850,  "end" : 2857 }, 
        {"sofa" : 12,  "begin" : 2858,  "end" : 2867 }, 
        {"sofa" : 12,  "begin" : 2868,  "end" : 2872 }, 
        {"sofa" : 12,  "begin" : 2873,  "end" : 2876 }, 
        {"sofa" : 12,  "begin" : 2877,  "end" : 2880 }, 
        {"sofa" : 12,  "begin" : 2881,  "end" : 2888 }, 
        {"sofa" : 12,  "begin" : 2889,  "end" : 2891 }, 
        {"sofa" : 12,  "begin" : 2892,  "end" : 2895 }, 
        {"sofa" : 12,  "begin" : 2896,  "end" : 2903 }, 
        {"sofa" : 12,  "begin" : 2904,  "end" : 2907 }, 
        {"sofa" : 12,  "begin" : 2908,  "end" : 2913 }, 
        {"sofa" : 12,  "begin" : 2914,  "end" : 2917 }, 
        {"sofa" : 12,  "begin" : 2918,  "end" : 2920 }, 
        {"sofa" : 12,  "begin" : 2921,  "end" : 2933 }, 
        {"sofa" : 12,  "begin" : 2934,  "end" : 2936 }, 
        {"sofa" : 12,  "begin" : 2937,  "end" : 2945 }, 
        {"sofa" : 12,  "begin" : 2946,  "end" : 2949 }, 
        {"sofa" : 12,  "begin" : 2950,  "end" : 2958 }, 
        {"sofa" : 12,  "begin" : 2959,  "end" : 2966 }, 
        {"sofa" : 12,  "begin" : 2967,  "end" : 2970 }, 
        {"sofa" : 12,  "begin" : 2971,  "end" : 2978 }, 
        {"sofa" : 12,  "begin" : 2979,  "end" : 2982 }, 
        {"sofa" : 12,  "begin" : 2983,  "end" : 2988 }, 
        {"sofa" : 12,  "begin" : 2989,  "end" : 2996 }, 
        {"sofa" : 12,  "begin" : 2997,  "end" : 3000 }, 
        {"sofa" : 12,  "begin" : 3001,  "end" : 3010 }, 
        {"sofa" : 12,  "begin" : 3011,  "end" : 3014 }, 
        {"sofa" : 12,  "begin" : 3015,  "end" : 3022 }, 
        {"sofa" : 12,  "begin" : 3023,  "end" : 3028 }, 
        {"sofa" : 12,  "begin" : 3029,  "end" : 3032 }, 
        {"sofa" : 12,  "begin" : 3033,  "end" : 3035 }, 
        {"sofa" : 12,  "begin" : 3036,  "end" : 3044 }, 
        {"sofa" : 12,  "begin" : 3045,  "end" : 3047 }, 
        {"sofa" : 12,  "begin" : 3048,  "end" : 3049 }, 
        {"sofa" : 12,  "begin" : 3050,  "end" : 3055 }, 
        {"sofa" : 12,  "begin" : 3056,  "end" : 3058 }, 
        {"sofa" : 12,  "begin" : 3059,  "end" : 3062 }, 
        {"sofa" : 12,  "begin" : 3063,  "end" : 3070 }, 
        {"sofa" : 12,  "begin" : 3071,  "end" : 3078 }, 
        {"sofa" : 12,  "begin" : 3079,  "end" : 3082 }, 
        {"sofa" : 12,  "begin" : 3083,  "end" : 3094 }, 
        {"sofa" : 12,  "begin" : 3095,  "end" : 3098 }, 
        {"sofa" : 12,  "begin" : 3099,  "end" : 3104 }, 
        {"sofa" : 12,  "begin" : 3105,  "end" : 3112 }, 
        {"sofa" : 12,  "begin" : 3112,  "end" : 3113 }, 
        {"sofa" : 12,  "begin" : 3114,  "end" : 3116 }, 
        {"sofa" : 12,  "begin" : 3117,  "end" : 3119 }, 
        {"sofa" : 12,  "begin" : 3120,  "end" : 3129 }, 
        {"sofa" : 12,  "begin" : 3130,  "end" : 3135 }, 
        {"sofa" : 12,  "begin" : 3136,  "end" : 3140 }, 
        {"sofa" : 12,  "begin" : 3141,  "end" : 3144 }, 
        {"sofa" : 12,  "begin" : 3145,  "end" : 3149 }, 
        {"sofa" : 12,  "begin" : 3150,  "end" : 3158 }, 
        {"sofa" : 12,  "begin" : 3159,  "end" : 3164 }, 
        {"sofa" : 12,  "begin" : 3165,  "end" : 3168 }, 
        {"sofa" : 12,  "begin" : 3169,  "end" : 3179 }, 
        {"sofa" : 12,  "begin" : 3180,  "end" : 3182 }, 
        {"sofa" : 12,  "begin" : 3183,  "end" : 3186 }, 
        {"sofa" : 12,  "begin" : 3187,  "end" : 3195 }, 
        {"sofa" : 12,  "begin" : 3196,  "end" : 3199 }, 
        {"sofa" : 12,  "begin" : 3200,  "end" : 3207 }, 
        {"sofa" : 12,  "begin" : 3208,  "end" : 3211 }, 
        {"sofa" : 12,  "begin" : 3212,  "end" : 3219 }, 
        {"sofa" : 12,  "begin" : 3220,  "end" : 3229 }, 
        {"sofa" : 12,  "begin" : 3230,  "end" : 3234 }, 
        {"sofa" : 12,  "begin" : 3235,  "end" : 3238 }, 
        {"sofa" : 12,  "begin" : 3239,  "end" : 3246 }, 
        {"sofa" : 12,  "begin" : 3247,  "end" : 3249 }, 
        {"sofa" : 12,  "begin" : 3250,  "end" : 3253 }, 
        {"sofa" : 12,  "begin" : 3254,  "end" : 3261 }, 
        {"sofa" : 12,  "begin" : 3262,  "end" : 3264 }, 
        {"sofa" : 12,  "begin" : 3265,  "end" : 3267 }, 
        {"sofa" : 12,  "begin" : 3268,  "end" : 3271 }, 
        {"sofa" : 12,  "begin" : 3272,  "end" : 3283 }, 
        {"sofa" : 12,  "begin" : 3283,  "end" : 3284 }, 
        {"sofa" : 12,  "begin" : 3285,  "end" : 3287 }, 
        {"sofa" : 12,  "begin" : 3288,  "end" : 3291 }, 
        {"sofa" : 12,  "begin" : 3292,  "end" : 3300 }, 
        {"sofa" : 12,  "begin" : 3301,  "end" : 3307 }, 
        {"sofa" : 12,  "begin" : 3308,  "end" : 3312 }, 
        {"sofa" : 12,  "begin" : 3312,  "end" : 3313 }, 
        {"sofa" : 12,  "begin" : 3314,  "end" : 3317 }, 
        {"sofa" : 12,  "begin" : 3318,  "end" : 3322 }, 
        {"sofa" : 12,  "begin" : 3323,  "end" : 3325 }, 
        {"sofa" : 12,  "begin" : 3326,  "end" : 3329 }, 
        {"sofa" : 12,  "begin" : 3330,  "end" : 3335 }, 
        {"sofa" : 12,  "begin" : 3336,  "end" : 3340 }, 
        {"sofa" : 12,  "begin" : 3341,  "end" : 3344 }, 
        {"sofa" : 12,  "begin" : 3345,  "end" : 3352 }, 
        {"sofa" : 12,  "begin" : 3353,  "end" : 3356 }, 
        {"sofa" : 12,  "begin" : 3357,  "end" : 3364 }, 
        {"sofa" : 12,  "begin" : 3365,  "end" : 3374 }, 
        {"sofa" : 12,  "begin" : 3375,  "end" : 3379 }, 
        {"sofa" : 12,  "begin" : 3380,  "end" : 3383 }, 
        {"sofa" : 12,  "begin" : 3384,  "end" : 3393 }, 
        {"sofa" : 12,  "begin" : 3394,  "end" : 3396 }, 
        {"sofa" : 12,  "begin" : 3397,  "end" : 3400 }, 
        {"sofa" : 12,  "begin" : 3401,  "end" : 3408 }, 
        {"sofa" : 12,  "begin" : 3409,  "end" : 3410 }, 
        {"sofa" : 12,  "begin" : 3412,  "end" : 3415 }, 
        {"sofa" : 12,  "begin" : 3416,  "end" : 3424 }, 
        {"sofa" : 12,  "begin" : 3425,  "end" : 3429 }, 
        {"sofa" : 12,  "begin" : 3430,  "end" : 3434 }, 
        {"sofa" : 12,  "begin" : 3435,  "end" : 3438 }, 
        {"sofa" : 12,  "begin" : 3439,  "end" : 3447 }, 
        {"sofa" : 12,  "begin" : 3448,  "end" : 3450 }, 
        {"sofa" : 12,  "begin" : 3451,  "end" : 3455 }, 
        {"sofa" : 12,  "begin" : 3456,  "end" : 3466 }, 
        {"sofa" : 12,  "begin" : 3467,  "end" : 3470 }, 
        {"sofa" : 12,  "begin" : 3471,  "end" : 3475 }, 
        {"sofa" : 12,  "begin" : 3476,  "end" : 3478 }, 
        {"sofa" : 12,  "begin" : 3479,  "end" : 3482 }, 
        {"sofa" : 12,  "begin" : 3483,  "end" : 3493 }, 
        {"sofa" : 12,  "begin" : 3494,  "end" : 3498 }, 
        {"sofa" : 12,  "begin" : 3499,  "end" : 3504 }, 
        {"sofa" : 12,  "begin" : 3505,  "end" : 3512 }, 
        {"sofa" : 12,  "begin" : 3513,  "end" : 3517 }, 
        {"sofa" : 12,  "begin" : 3518,  "end" : 3520 }, 
        {"sofa" : 12,  "begin" : 3521,  "end" : 3525 }, 
        {"sofa" : 12,  "begin" : 3526,  "end" : 3529 }, 
        {"sofa" : 12,  "begin" : 3530,  "end" : 3532 }, 
        {"sofa" : 12,  "begin" : 3533,  "end" : 3540 }, 
        {"sofa" : 12,  "begin" : 3541,  "end" : 3544 }, 
        {"sofa" : 12,  "begin" : 3545,  "end" : 3554 }, 
        {"sofa" : 12,  "begin" : 3555,  "end" : 3557 }, 
        {"sofa" : 12,  "begin" : 3558,  "end" : 3561 }, 
        {"sofa" : 12,  "begin" : 3562,  "end" : 3569 }, 
        {"sofa" : 12,  "begin" : 3569,  "end" : 3570 }, 
        {"sofa" : 12,  "begin" : 3571,  "end" : 3574 }, 
        {"sofa" : 12,  "begin" : 3575,  "end" : 3579 }, 
        {"sofa" : 12,  "begin" : 3580,  "end" : 3590 }, 
        {"sofa" : 12,  "begin" : 3591,  "end" : 3593 }, 
        {"sofa" : 12,  "begin" : 3594,  "end" : 3600 }, 
        {"sofa" : 12,  "begin" : 3601,  "end" : 3603 }, 
        {"sofa" : 12,  "begin" : 3604,  "end" : 3607 }, 
        {"sofa" : 12,  "begin" : 3608,  "end" : 3615 }, 
        {"sofa" : 12,  "begin" : 3616,  "end" : 3622 }, 
        {"sofa" : 12,  "begin" : 3623,  "end" : 3625 }, 
        {"sofa" : 12,  "begin" : 3626,  "end" : 3628 }, 
        {"sofa" : 12,  "begin" : 3629,  "end" : 3633 }, 
        {"sofa" : 12,  "begin" : 3634,  "end" : 3638 }, 
        {"sofa" : 12,  "begin" : 3639,  "end" : 3647 }, 
        {"sofa" : 12,  "begin" : 3648,  "end" : 3652 }, 
        {"sofa" : 12,  "begin" : 3653,  "end" : 3656 }, 
        {"sofa" : 12,  "begin" : 3657,  "end" : 3667 }, 
        {"sofa" : 12,  "begin" : 3668,  "end" : 3671 }, 
        {"sofa" : 12,  "begin" : 3672,  "end" : 3677 }, 
        {"sofa" : 12,  "begin" : 3678,  "end" : 3683 }, 
        {"sofa" : 12,  "begin" : 3684,  "end" : 3685 }, 
        {"sofa" : 12,  "begin" : 3685,  "end" : 3686 }, 
        {"sofa" : 12,  "begin" : 3687,  "end" : 3688 }, 
        {"sofa" : 12,  "begin" : 3689,  "end" : 3693 }, 
        {"sofa" : 12,  "begin" : 3694,  "end" : 3698 }, 
        {"sofa" : 12,  "begin" : 3699,  "end" : 3701 }, 
        {"sofa" : 12,  "begin" : 3701,  "end" : 3702 }, 
        {"sofa" : 12,  "begin" : 3703,  "end" : 3705 }, 
        {"sofa" : 12,  "begin" : 3706,  "end" : 3708 }, 
        {"sofa" : 12,  "begin" : 3709,  "end" : 3710 }, 
        {"sofa" : 12,  "begin" : 3710,  "end" : 3711 }, 
        {"sofa" : 12,  "begin" : 3712,  "end" : 3713 }, 
        {"sofa" : 12,  "begin" : 3713,  "end" : 3714 }, 
        {"sofa" : 12,  "begin" : 3715,  "end" : 3717 }, 
        {"sofa" : 12,  "begin" : 3717,  "end" : 3718 }, 
        {"sofa" : 12,  "begin" : 3719,  "end" : 3720 }, 
        {"sofa" : 12,  "begin" : 3720,  "end" : 3721 }, 
        {"sofa" : 12,  "begin" : 3721,  "end" : 3724 }, 
        {"sofa" : 12,  "begin" : 3725,  "end" : 3726 }, 
        {"sofa" : 12,  "begin" : 3726,  "end" : 3728 }, 
        {"sofa" : 12,  "begin" : 3728,  "end" : 3729 }, 
        {"sofa" : 12,  "begin" : 3729,  "end" : 3736 }, 
        {"sofa" : 12,  "begin" : 3736,  "end" : 3737 }, 
        {"sofa" : 12,  "begin" : 3738,  "end" : 3741 }, 
        {"sofa" : 12,  "begin" : 3741,  "end" : 3742 }, 
        {"sofa" : 12,  "begin" : 3742,  "end" : 3744 }, 
        {"sofa" : 12,  "begin" : 3744,  "end" : 3745 }, 
        {"sofa" : 12,  "begin" : 3745,  "end" : 3746 }, 
        {"sofa" : 12,  "begin" : 3746,  "end" : 3750 }, 
        {"sofa" : 12,  "begin" : 3750,  "end" : 3751 }, 
        {"sofa" : 12,  "begin" : 3752,  "end" : 3757 }, 
        {"sofa" : 12,  "begin" : 3758,  "end" : 3762 }, 
        {"sofa" : 12,  "begin" : 3763,  "end" : 3765 }, 
        {"sofa" : 12,  "begin" : 3765,  "end" : 3766 }, 
        {"sofa" : 12,  "begin" : 3767,  "end" : 3771 }, 
        {"sofa" : 12,  "begin" : 3771,  "end" : 3772 }, 
        {"sofa" : 12,  "begin" : 3773,  "end" : 3775 }, 
        {"sofa" : 12,  "begin" : 3776,  "end" : 3783 }, 
        {"sofa" : 12,  "begin" : 3784,  "end" : 3787 }, 
        {"sofa" : 12,  "begin" : 3788,  "end" : 3795 }, 
        {"sofa" : 12,  "begin" : 3796,  "end" : 3798 }, 
        {"sofa" : 12,  "begin" : 3799,  "end" : 3800 }, 
        {"sofa" : 12,  "begin" : 3801,  "end" : 3806 }, 
        {"sofa" : 12,  "begin" : 3806,  "end" : 3807 }, 
        {"sofa" : 12,  "begin" : 3808,  "end" : 3811 }, 
        {"sofa" : 12,  "begin" : 3812,  "end" : 3816 }, 
        {"sofa" : 12,  "begin" : 3817,  "end" : 3822 }, 
        {"sofa" : 12,  "begin" : 3823,  "end" : 3830 }, 
        {"sofa" : 12,  "begin" : 3831,  "end" : 3833 }, 
        {"sofa" : 12,  "begin" : 3834,  "end" : 3837 }, 
        {"sofa" : 12,  "begin" : 3838,  "end" : 3846 }, 
        {"sofa" : 12,  "begin" : 3847,  "end" : 3850 }, 
        {"sofa" : 12,  "begin" : 3851,  "end" : 3854 }, 
        {"sofa" : 12,  "begin" : 3855,  "end" : 3863 }, 
        {"sofa" : 12,  "begin" : 3864,  "end" : 3866 }, 
        {"sofa" : 12,  "begin" : 3867,  "end" : 3869 }, 
        {"sofa" : 12,  "begin" : 3870,  "end" : 3873 }, 
        {"sofa" : 12,  "begin" : 3874,  "end" : 3877 }, 
        {"sofa" : 12,  "begin" : 3878,  "end" : 3886 }, 
        {"sofa" : 12,  "begin" : 3887,  "end" : 3892 }, 
        {"sofa" : 12,  "begin" : 3893,  "end" : 3897 }, 
        {"sofa" : 12,  "begin" : 3898,  "end" : 3904 }, 
        {"sofa" : 12,  "begin" : 3905,  "end" : 3908 }, 
        {"sofa" : 12,  "begin" : 3909,  "end" : 3914 }, 
        {"sofa" : 12,  "begin" : 3915,  "end" : 3922 }, 
        {"sofa" : 12,  "begin" : 3923,  "end" : 3925 }, 
        {"sofa" : 12,  "begin" : 3926,  "end" : 3933 }, 
        {"sofa" : 12,  "begin" : 3934,  "end" : 3942 }, 
        {"sofa" : 12,  "begin" : 3943,  "end" : 3945 }, 
        {"sofa" : 12,  "begin" : 3946,  "end" : 3949 }, 
        {"sofa" : 12,  "begin" : 3950,  "end" : 3955 }, 
        {"sofa" : 12,  "begin" : 3956,  "end" : 3958 }, 
        {"sofa" : 12,  "begin" : 3959,  "end" : 3968 }, 
        {"sofa" : 12,  "begin" : 3969,  "end" : 3971 }, 
        {"sofa" : 12,  "begin" : 3972,  "end" : 3976 }, 
        {"sofa" : 12,  "begin" : 3977,  "end" : 3979 }, 
        {"sofa" : 12,  "begin" : 3979,  "end" : 3980 }, 
        {"sofa" : 12,  "begin" : 3981,  "end" : 3985 }, 
        {"sofa" : 12,  "begin" : 3985,  "end" : 3986 }, 
        {"sofa" : 12,  "begin" : 3987,  "end" : 3996 }, 
        {"sofa" : 12,  "begin" : 3996,  "end" : 3997 }, 
        {"sofa" : 12,  "begin" : 3998,  "end" : 4000 }, 
        {"sofa" : 12,  "begin" : 4001,  "end" : 4003 }, 
        {"sofa" : 12,  "begin" : 4004,  "end" : 4007 }, 
        {"sofa" : 12,  "begin" : 4008,  "end" : 4010 }, 
        {"sofa" : 12,  "begin" : 4011,  "end" : 4014 }, 
        {"sofa" : 12,  "begin" : 4015,  "end" : 4023 }, 
        {"sofa" : 12,  "begin" : 4024,  "end" : 4028 }, 
        {"sofa" : 12,  "begin" : 4029,  "end" : 4035 }, 
        {"sofa" : 12,  "begin" : 4036,  "end" : 4039 }, 
        {"sofa" : 12,  "begin" : 4039,  "end" : 4040 }, 
        {"sofa" : 12,  "begin" : 4041,  "end" : 4046 }, 
        {"sofa" : 12,  "begin" : 4047,  "end" : 4054 }, 
        {"sofa" : 12,  "begin" : 4055,  "end" : 4057 }, 
        {"sofa" : 12,  "begin" : 4058,  "end" : 4065 }, 
        {"sofa" : 12,  "begin" : 4066,  "end" : 4075 }, 
        {"sofa" : 12,  "begin" : 4076,  "end" : 4078 }, 
        {"sofa" : 12,  "begin" : 4079,  "end" : 4082 }, 
        {"sofa" : 12,  "begin" : 4083,  "end" : 4092 }, 
        {"sofa" : 12,  "begin" : 4093,  "end" : 4096 }, 
        {"sofa" : 12,  "begin" : 4097,  "end" : 4104 }, 
        {"sofa" : 12,  "begin" : 4105,  "end" : 4108 }, 
        {"sofa" : 12,  "begin" : 4109,  "end" : 4117 }, 
        {"sofa" : 12,  "begin" : 4118,  "end" : 4125 }, 
        {"sofa" : 12,  "begin" : 4126,  "end" : 4129 }, 
        {"sofa" : 12,  "begin" : 4130,  "end" : 4137 }, 
        {"sofa" : 12,  "begin" : 4138,  "end" : 4147 }, 
        {"sofa" : 12,  "begin" : 4148,  "end" : 4152 }, 
        {"sofa" : 12,  "begin" : 4153,  "end" : 4155 }, 
        {"sofa" : 12,  "begin" : 4156,  "end" : 4159 }, 
        {"sofa" : 12,  "begin" : 4160,  "end" : 4166 }, 
        {"sofa" : 12,  "begin" : 4167,  "end" : 4169 }, 
        {"sofa" : 12,  "begin" : 4170,  "end" : 4173 }, 
        {"sofa" : 12,  "begin" : 4174,  "end" : 4181 }, 
        {"sofa" : 12,  "begin" : 4182,  "end" : 4184 }, 
        {"sofa" : 12,  "begin" : 4185,  "end" : 4187 }, 
        {"sofa" : 12,  "begin" : 4188,  "end" : 4191 }, 
        {"sofa" : 12,  "begin" : 4192,  "end" : 4203 }, 
        {"sofa" : 12,  "begin" : 4204,  "end" : 4206 }, 
        {"sofa" : 12,  "begin" : 4207,  "end" : 4210 }, 
        {"sofa" : 12,  "begin" : 4211,  "end" : 4217 }, 
        {"sofa" : 12,  "begin" : 4218,  "end" : 4225 }, 
        {"sofa" : 12,  "begin" : 4226,  "end" : 4238 }, 
        {"sofa" : 12,  "begin" : 4239,  "end" : 4241 }, 
        {"sofa" : 12,  "begin" : 4242,  "end" : 4246 }, 
        {"sofa" : 12,  "begin" : 4247,  "end" : 4253 }, 
        {"sofa" : 12,  "begin" : 4254,  "end" : 4257 }, 
        {"sofa" : 12,  "begin" : 4258,  "end" : 4263 }, 
        {"sofa" : 12,  "begin" : 4264,  "end" : 4272 }, 
        {"sofa" : 12,  "begin" : 4273,  "end" : 4275 }, 
        {"sofa" : 12,  "begin" : 4276,  "end" : 4278 }, 
        {"sofa" : 12,  "begin" : 4278,  "end" : 4279 }, 
        {"sofa" : 12,  "begin" : 4280,  "end" : 4282 }, 
        {"sofa" : 12,  "begin" : 4283,  "end" : 4286 }, 
        {"sofa" : 12,  "begin" : 4287,  "end" : 4289 }, 
        {"sofa" : 12,  "begin" : 4290,  "end" : 4297 }, 
        {"sofa" : 12,  "begin" : 4298,  "end" : 4302 }, 
        {"sofa" : 12,  "begin" : 4303,  "end" : 4307 }, 
        {"sofa" : 12,  "begin" : 4308,  "end" : 4318 }, 
        {"sofa" : 12,  "begin" : 4319,  "end" : 4323 }, 
        {"sofa" : 12,  "begin" : 4324,  "end" : 4331 }, 
        {"sofa" : 12,  "begin" : 4331,  "end" : 4332 }, 
        {"sofa" : 12,  "begin" : 4333,  "end" : 4335 }, 
        {"sofa" : 12,  "begin" : 4336,  "end" : 4338 }, 
        {"sofa" : 12,  "begin" : 4339,  "end" : 4343 }, 
        {"sofa" : 12,  "begin" : 4344,  "end" : 4351 }, 
        {"sofa" : 12,  "begin" : 4352,  "end" : 4359 }, 
        {"sofa" : 12,  "begin" : 4360,  "end" : 4363 }, 
        {"sofa" : 12,  "begin" : 4363,  "end" : 4364 }, 
        {"sofa" : 12,  "begin" : 4365,  "end" : 4370 }, 
        {"sofa" : 12,  "begin" : 4371,  "end" : 4375 }, 
        {"sofa" : 12,  "begin" : 4376,  "end" : 4380 }, 
        {"sofa" : 12,  "begin" : 4381,  "end" : 4388 }, 
        {"sofa" : 12,  "begin" : 4389,  "end" : 4395 }, 
        {"sofa" : 12,  "begin" : 4396,  "end" : 4399 }, 
        {"sofa" : 12,  "begin" : 4400,  "end" : 4412 }, 
        {"sofa" : 12,  "begin" : 4413,  "end" : 4418 }, 
        {"sofa" : 12,  "begin" : 4419,  "end" : 4428 }, 
        {"sofa" : 12,  "begin" : 4429,  "end" : 4432 }, 
        {"sofa" : 12,  "begin" : 4433,  "end" : 4441 }, 
        {"sofa" : 12,  "begin" : 4442,  "end" : 4444 }, 
        {"sofa" : 12,  "begin" : 4445,  "end" : 4458 }, 
        {"sofa" : 12,  "begin" : 4459,  "end" : 4461 }, 
        {"sofa" : 12,  "begin" : 4462,  "end" : 4465 }, 
        {"sofa" : 12,  "begin" : 4466,  "end" : 4474 }, 
        {"sofa" : 12,  "begin" : 4475,  "end" : 4481 }, 
        {"sofa" : 12,  "begin" : 4481,  "end" : 4482 }, 
        {"sofa" : 12,  "begin" : 4483,  "end" : 4490 }, 
        {"sofa" : 12,  "begin" : 4491,  "end" : 4497 }, 
        {"sofa" : 12,  "begin" : 4498,  "end" : 4501 }, 
        {"sofa" : 12,  "begin" : 4502,  "end" : 4514 }, 
        {"sofa" : 12,  "begin" : 4515,  "end" : 4520 }, 
        {"sofa" : 12,  "begin" : 4521,  "end" : 4524 }, 
        {"sofa" : 12,  "begin" : 4525,  "end" : 4529 }, 
        {"sofa" : 12,  "begin" : 4530,  "end" : 4533 }, 
        {"sofa" : 12,  "begin" : 4534,  "end" : 4545 }, 
        {"sofa" : 12,  "begin" : 4546,  "end" : 4549 }, 
        {"sofa" : 12,  "begin" : 4550,  "end" : 4553 }, 
        {"sofa" : 12,  "begin" : 4554,  "end" : 4561 }, 
        {"sofa" : 12,  "begin" : 4562,  "end" : 4565 }, 
        {"sofa" : 12,  "begin" : 4566,  "end" : 4570 }, 
        {"sofa" : 12,  "begin" : 4571,  "end" : 4572 }, 
        {"sofa" : 12,  "begin" : 4573,  "end" : 4578 }, 
        {"sofa" : 12,  "begin" : 4578,  "end" : 4579 }, 
        {"sofa" : 12,  "begin" : 4580,  "end" : 4583 }, 
        {"sofa" : 12,  "begin" : 4584,  "end" : 4593 }, 
        {"sofa" : 12,  "begin" : 4594,  "end" : 4597 }, 
        {"sofa" : 12,  "begin" : 4598,  "end" : 4606 }, 
        {"sofa" : 12,  "begin" : 4607,  "end" : 4609 }, 
        {"sofa" : 12,  "begin" : 4610,  "end" : 4623 }, 
        {"sofa" : 12,  "begin" : 4624,  "end" : 4626 }, 
        {"sofa" : 12,  "begin" : 4627,  "end" : 4630 }, 
        {"sofa" : 12,  "begin" : 4631,  "end" : 4639 }, 
        {"sofa" : 12,  "begin" : 4640,  "end" : 4646 }, 
        {"sofa" : 12,  "begin" : 4647,  "end" : 4652 }, 
        {"sofa" : 12,  "begin" : 4653,  "end" : 4664 }, 
        {"sofa" : 12,  "begin" : 4665,  "end" : 4668 }, 
        {"sofa" : 12,  "begin" : 4669,  "end" : 4677 }, 
        {"sofa" : 12,  "begin" : 4678,  "end" : 4680 }, 
        {"sofa" : 12,  "begin" : 4681,  "end" : 4684 }, 
        {"sofa" : 12,  "begin" : 4685,  "end" : 4692 }, 
        {"sofa" : 12,  "begin" : 4693,  "end" : 4695 }, 
        {"sofa" : 12,  "begin" : 4696,  "end" : 4697 }, 
        {"sofa" : 12,  "begin" : 4698,  "end" : 4703 }, 
        {"sofa" : 12,  "begin" : 4704,  "end" : 4706 }, 
        {"sofa" : 12,  "begin" : 4707,  "end" : 4710 }, 
        {"sofa" : 12,  "begin" : 4711,  "end" : 4722 }, 
        {"sofa" : 12,  "begin" : 4722,  "end" : 4723 }, 
        {"sofa" : 12,  "begin" : 4725,  "end" : 4729 }, 
        {"sofa" : 12,  "begin" : 4730,  "end" : 4737 }, 
        {"sofa" : 12,  "begin" : 4738,  "end" : 4741 }, 
        {"sofa" : 12,  "begin" : 4742,  "end" : 4752 }, 
        {"sofa" : 12,  "begin" : 4753,  "end" : 4761 }, 
        {"sofa" : 12,  "begin" : 4762,  "end" : 4765 }, 
        {"sofa" : 12,  "begin" : 4766,  "end" : 4773 }, 
        {"sofa" : 12,  "begin" : 4774,  "end" : 4776 }, 
        {"sofa" : 12,  "begin" : 4777,  "end" : 4780 }, 
        {"sofa" : 12,  "begin" : 4781,  "end" : 4789 }, 
        {"sofa" : 12,  "begin" : 4790,  "end" : 4792 }, 
        {"sofa" : 12,  "begin" : 4793,  "end" : 4797 }, 
        {"sofa" : 12,  "begin" : 4798,  "end" : 4800 }, 
        {"sofa" : 12,  "begin" : 4800,  "end" : 4801 }, 
        {"sofa" : 12,  "begin" : 4802,  "end" : 4804 }, 
        {"sofa" : 12,  "begin" : 4805,  "end" : 4808 }, 
        {"sofa" : 12,  "begin" : 4809,  "end" : 4812 }, 
        {"sofa" : 12,  "begin" : 4813,  "end" : 4820 }, 
        {"sofa" : 12,  "begin" : 4821,  "end" : 4824 }, 
        {"sofa" : 12,  "begin" : 4825,  "end" : 4831 }, 
        {"sofa" : 12,  "begin" : 4832,  "end" : 4836 }, 
        {"sofa" : 12,  "begin" : 4837,  "end" : 4842 }, 
        {"sofa" : 12,  "begin" : 4843,  "end" : 4846 }, 
        {"sofa" : 12,  "begin" : 4847,  "end" : 4853 }, 
        {"sofa" : 12,  "begin" : 4854,  "end" : 4857 }, 
        {"sofa" : 12,  "begin" : 4858,  "end" : 4870 }, 
        {"sofa" : 12,  "begin" : 4871,  "end" : 4876 }, 
        {"sofa" : 12,  "begin" : 4877,  "end" : 4885 }, 
        {"sofa" : 12,  "begin" : 4886,  "end" : 4888 }, 
        {"sofa" : 12,  "begin" : 4889,  "end" : 4892 }, 
        {"sofa" : 12,  "begin" : 4893,  "end" : 4906 }, 
        {"sofa" : 12,  "begin" : 4907,  "end" : 4909 }, 
        {"sofa" : 12,  "begin" : 4910,  "end" : 4913 }, 
        {"sofa" : 12,  "begin" : 4914,  "end" : 4922 }, 
        {"sofa" : 12,  "begin" : 4923,  "end" : 4929 }, 
        {"sofa" : 12,  "begin" : 4930,  "end" : 4935 }, 
        {"sofa" : 12,  "begin" : 4936,  "end" : 4939 }, 
        {"sofa" : 12,  "begin" : 4940,  "end" : 4947 }, 
        {"sofa" : 12,  "begin" : 4948,  "end" : 4950 }, 
        {"sofa" : 12,  "begin" : 4951,  "end" : 4958 }, 
        {"sofa" : 12,  "begin" : 4958,  "end" : 4959 }, 
        {"sofa" : 12,  "begin" : 4960,  "end" : 4962 }, 
        {"sofa" : 12,  "begin" : 4963,  "end" : 4967 }, 
        {"sofa" : 12,  "begin" : 4968,  "end" : 4971 }, 
        {"sofa" : 12,  "begin" : 4972,  "end" : 4975 }, 
        {"sofa" : 12,  "begin" : 4976,  "end" : 4983 }, 
        {"sofa" : 12,  "begin" : 4984,  "end" : 4987 }, 
        {"sofa" : 12,  "begin" : 4988,  "end" : 4995 }, 
        {"sofa" : 12,  "begin" : 4996,  "end" : 4998 }, 
        {"sofa" : 12,  "begin" : 4999,  "end" : 5002 }, 
        {"sofa" : 12,  "begin" : 5003,  "end" : 5005 }, 
        {"sofa" : 12,  "begin" : 5006,  "end" : 5009 }, 
        {"sofa" : 12,  "begin" : 5010,  "end" : 5017 }, 
        {"sofa" : 12,  "begin" : 5018,  "end" : 5020 }, 
        {"sofa" : 12,  "begin" : 5021,  "end" : 5024 }, 
        {"sofa" : 12,  "begin" : 5025,  "end" : 5032 }, 
        {"sofa" : 12,  "begin" : 5032,  "end" : 5033 }, 
        {"sofa" : 12,  "begin" : 5034,  "end" : 5037 }, 
        {"sofa" : 12,  "begin" : 5038,  "end" : 5041 }, 
        {"sofa" : 12,  "begin" : 5042,  "end" : 5057 }, 
        {"sofa" : 12,  "begin" : 5058,  "end" : 5064 }, 
        {"sofa" : 12,  "begin" : 5065,  "end" : 5069 }, 
        {"sofa" : 12,  "begin" : 5070,  "end" : 5072 }, 
        {"sofa" : 12,  "begin" : 5073,  "end" : 5076 }, 
        {"sofa" : 12,  "begin" : 5077,  "end" : 5084 }, 
        {"sofa" : 12,  "begin" : 5085,  "end" : 5087 }, 
        {"sofa" : 12,  "begin" : 5088,  "end" : 5091 }, 
        {"sofa" : 12,  "begin" : 5092,  "end" : 5099 }, 
        {"sofa" : 12,  "begin" : 5099,  "end" : 5100 }, 
        {"sofa" : 12,  "begin" : 5101,  "end" : 5107 }, 
        {"sofa" : 12,  "begin" : 5107,  "end" : 5108 }, 
        {"sofa" : 12,  "begin" : 5109,  "end" : 5112 }, 
        {"sofa" : 12,  "begin" : 5113,  "end" : 5124 }, 
        {"sofa" : 12,  "begin" : 5125,  "end" : 5128 }, 
        {"sofa" : 12,  "begin" : 5129,  "end" : 5134 }, 
        {"sofa" : 12,  "begin" : 5135,  "end" : 5142 }, 
        {"sofa" : 12,  "begin" : 5142,  "end" : 5143 }, 
        {"sofa" : 12,  "begin" : 5144,  "end" : 5146 }, 
        {"sofa" : 12,  "begin" : 5147,  "end" : 5151 }, 
        {"sofa" : 12,  "begin" : 5152,  "end" : 5153 }, 
        {"sofa" : 12,  "begin" : 5154,  "end" : 5163 }, 
        {"sofa" : 12,  "begin" : 5164,  "end" : 5169 }, 
        {"sofa" : 12,  "begin" : 5170,  "end" : 5175 }, 
        {"sofa" : 12,  "begin" : 5176,  "end" : 5178 }, 
        {"sofa" : 12,  "begin" : 5179,  "end" : 5181 }, 
        {"sofa" : 12,  "begin" : 5182,  "end" : 5194 }, 
        {"sofa" : 12,  "begin" : 5195,  "end" : 5197 }, 
        {"sofa" : 12,  "begin" : 5198,  "end" : 5201 }, 
        {"sofa" : 12,  "begin" : 5202,  "end" : 5210 }, 
        {"sofa" : 12,  "begin" : 5211,  "end" : 5213 }, 
        {"sofa" : 12,  "begin" : 5214,  "end" : 5220 }, 
        {"sofa" : 12,  "begin" : 5221,  "end" : 5224 }, 
        {"sofa" : 12,  "begin" : 5225,  "end" : 5233 }, 
        {"sofa" : 12,  "begin" : 5234,  "end" : 5241 }, 
        {"sofa" : 12,  "begin" : 5242,  "end" : 5247 }, 
        {"sofa" : 12,  "begin" : 5248,  "end" : 5255 }, 
        {"sofa" : 12,  "begin" : 5256,  "end" : 5260 }, 
        {"sofa" : 12,  "begin" : 5261,  "end" : 5264 }, 
        {"sofa" : 12,  "begin" : 5265,  "end" : 5272 }, 
        {"sofa" : 12,  "begin" : 5273,  "end" : 5275 }, 
        {"sofa" : 12,  "begin" : 5276,  "end" : 5279 }, 
        {"sofa" : 12,  "begin" : 5280,  "end" : 5287 }, 
        {"sofa" : 12,  "begin" : 5288,  "end" : 5290 }, 
        {"sofa" : 12,  "begin" : 5291,  "end" : 5293 }, 
        {"sofa" : 12,  "begin" : 5294,  "end" : 5297 }, 
        {"sofa" : 12,  "begin" : 5298,  "end" : 5309 }, 
        {"sofa" : 12,  "begin" : 5309,  "end" : 5310 }, 
        {"sofa" : 12,  "begin" : 5311,  "end" : 5314 }, 
        {"sofa" : 12,  "begin" : 5315,  "end" : 5319 }, 
        {"sofa" : 12,  "begin" : 5320,  "end" : 5321 }, 
        {"sofa" : 12,  "begin" : 5322,  "end" : 5330 }, 
        {"sofa" : 12,  "begin" : 5331,  "end" : 5334 }, 
        {"sofa" : 12,  "begin" : 5335,  "end" : 5338 }, 
        {"sofa" : 12,  "begin" : 5339,  "end" : 5347 }, 
        {"sofa" : 12,  "begin" : 5348,  "end" : 5350 }, 
        {"sofa" : 12,  "begin" : 5351,  "end" : 5354 }, 
        {"sofa" : 12,  "begin" : 5355,  "end" : 5363 }, 
        {"sofa" : 12,  "begin" : 5363,  "end" : 5364 }, 
        {"sofa" : 12,  "begin" : 5365,  "end" : 5367 }, 
        {"sofa" : 12,  "begin" : 5368,  "end" : 5370 }, 
        {"sofa" : 12,  "begin" : 5371,  "end" : 5375 }, 
        {"sofa" : 12,  "begin" : 5376,  "end" : 5380 }, 
        {"sofa" : 12,  "begin" : 5381,  "end" : 5383 }, 
        {"sofa" : 12,  "begin" : 5384,  "end" : 5390 }, 
        {"sofa" : 12,  "begin" : 5391,  "end" : 5393 }, 
        {"sofa" : 12,  "begin" : 5393,  "end" : 5394 }, 
        {"sofa" : 12,  "begin" : 5395,  "end" : 5399 }, 
        {"sofa" : 12,  "begin" : 5399,  "end" : 5400 }, 
        {"sofa" : 12,  "begin" : 5401,  "end" : 5404 }, 
        {"sofa" : 12,  "begin" : 5405,  "end" : 5412 }, 
        {"sofa" : 12,  "begin" : 5413,  "end" : 5416 }, 
        {"sofa" : 12,  "begin" : 5417,  "end" : 5426 }, 
        {"sofa" : 12,  "begin" : 5427,  "end" : 5429 }, 
        {"sofa" : 12,  "begin" : 5430,  "end" : 5431 }, 
        {"sofa" : 12,  "begin" : 5432,  "end" : 5437 }, 
        {"sofa" : 12,  "begin" : 5438,  "end" : 5440 }, 
        {"sofa" : 12,  "begin" : 5441,  "end" : 5444 }, 
        {"sofa" : 12,  "begin" : 5445,  "end" : 5452 }, 
        {"sofa" : 12,  "begin" : 5453,  "end" : 5461 }, 
        {"sofa" : 12,  "begin" : 5462,  "end" : 5464 }, 
        {"sofa" : 12,  "begin" : 5465,  "end" : 5468 }, 
        {"sofa" : 12,  "begin" : 5469,  "end" : 5481 }, 
        {"sofa" : 12,  "begin" : 5482,  "end" : 5484 }, 
        {"sofa" : 12,  "begin" : 5485,  "end" : 5489 }, 
        {"sofa" : 12,  "begin" : 5490,  "end" : 5492 }, 
        {"sofa" : 12,  "begin" : 5493,  "end" : 5496 }, 
        {"sofa" : 12,  "begin" : 5497,  "end" : 5500 }, 
        {"sofa" : 12,  "begin" : 5501,  "end" : 5508 }, 
        {"sofa" : 12,  "begin" : 5509,  "end" : 5511 }, 
        {"sofa" : 12,  "begin" : 5512,  "end" : 5519 }, 
        {"sofa" : 12,  "begin" : 5520,  "end" : 5528 }, 
        {"sofa" : 12,  "begin" : 5529,  "end" : 5537 }, 
        {"sofa" : 12,  "begin" : 5537,  "end" : 5538 }, 
        {"sofa" : 12,  "begin" : 5539,  "end" : 5542 }, 
        {"sofa" : 12,  "begin" : 5543,  "end" : 5546 }, 
        {"sofa" : 12,  "begin" : 5547,  "end" : 5555 }, 
        {"sofa" : 12,  "begin" : 5556,  "end" : 5558 }, 
        {"sofa" : 12,  "begin" : 5559,  "end" : 5572 }, 
        {"sofa" : 12,  "begin" : 5573,  "end" : 5575 }, 
        {"sofa" : 12,  "begin" : 5576,  "end" : 5579 }, 
        {"sofa" : 12,  "begin" : 5580,  "end" : 5588 }, 
        {"sofa" : 12,  "begin" : 5589,  "end" : 5595 }, 
        {"sofa" : 12,  "begin" : 5596,  "end" : 5598 }, 
        {"sofa" : 12,  "begin" : 5599,  "end" : 5602 }, 
        {"sofa" : 12,  "begin" : 5603,  "end" : 5611 }, 
        {"sofa" : 12,  "begin" : 5612,  "end" : 5619 }, 
        {"sofa" : 12,  "begin" : 5620,  "end" : 5625 }, 
        {"sofa" : 12,  "begin" : 5626,  "end" : 5633 }, 
        {"sofa" : 12,  "begin" : 5634,  "end" : 5638 }, 
        {"sofa" : 12,  "begin" : 5639,  "end" : 5642 }, 
        {"sofa" : 12,  "begin" : 5643,  "end" : 5652 }, 
        {"sofa" : 12,  "begin" : 5653,  "end" : 5655 }, 
        {"sofa" : 12,  "begin" : 5656,  "end" : 5659 }, 
        {"sofa" : 12,  "begin" : 5660,  "end" : 5667 }, 
        {"sofa" : 12,  "begin" : 5668,  "end" : 5670 }, 
        {"sofa" : 12,  "begin" : 5671,  "end" : 5675 }, 
        {"sofa" : 12,  "begin" : 5676,  "end" : 5679 }, 
        {"sofa" : 12,  "begin" : 5680,  "end" : 5682 }, 
        {"sofa" : 12,  "begin" : 5683,  "end" : 5690 }, 
        {"sofa" : 12,  "begin" : 5691,  "end" : 5694 }, 
        {"sofa" : 12,  "begin" : 5695,  "end" : 5698 }, 
        {"sofa" : 12,  "begin" : 5699,  "end" : 5707 }, 
        {"sofa" : 12,  "begin" : 5708,  "end" : 5710 }, 
        {"sofa" : 12,  "begin" : 5711,  "end" : 5714 }, 
        {"sofa" : 12,  "begin" : 5715,  "end" : 5722 }, 
        {"sofa" : 12,  "begin" : 5723,  "end" : 5725 }, 
        {"sofa" : 12,  "begin" : 5726,  "end" : 5733 }, 
        {"sofa" : 12,  "begin" : 5734,  "end" : 5736 }, 
        {"sofa" : 12,  "begin" : 5737,  "end" : 5746 }, 
        {"sofa" : 12,  "begin" : 5747,  "end" : 5752 }, 
        {"sofa" : 12,  "begin" : 5753,  "end" : 5756 }, 
        {"sofa" : 12,  "begin" : 5757,  "end" : 5764 }, 
        {"sofa" : 12,  "begin" : 5765,  "end" : 5767 }, 
        {"sofa" : 12,  "begin" : 5768,  "end" : 5769 }, 
        {"sofa" : 12,  "begin" : 5769,  "end" : 5770 }, 
        {"sofa" : 12,  "begin" : 5771,  "end" : 5772 }, 
        {"sofa" : 12,  "begin" : 5773,  "end" : 5775 }, 
        {"sofa" : 12,  "begin" : 5776,  "end" : 5779 }, 
        {"sofa" : 12,  "begin" : 5780,  "end" : 5783 }, 
        {"sofa" : 12,  "begin" : 5783,  "end" : 5784 }, 
        {"sofa" : 12,  "begin" : 5785,  "end" : 5793 }, 
        {"sofa" : 12,  "begin" : 5794,  "end" : 5795 }, 
        {"sofa" : 12,  "begin" : 5795,  "end" : 5796 } ], 
      "ACCEPTED" : [
        {"sofa" : 12,  "begin" : 5785,  "end" : 5793 } ], 
      "RANK1" : [
        {"sofa" : 12,  "begin" : 4333,  "end" : 5364 } ], 
      "Rank2" : [
        {"sofa" : 12,  "begin" : 2433,  "end" : 2813 } ], 
      "Rank3" : [
        {"sofa" : 12,  "begin" : 378,  "end" : 534 }, 
        {"sofa" : 12,  "begin" : 1145,  "end" : 1510 } ] } }, 
  "_referenced_fss" : {
    "12" : {"_type" : "Sofa",  "sofaNum" : 1,  "sofaID" : "_InitialView",  "mimeType" : "text",  "sofaString" : "The appellant is the U. P. Electric Supply Co. Ltd., Lucknow, (hereinafter called the company). It appears that the company used to employ Messrs. s M. Choudhary (hereinafter referred to as the contractors) as its contractors for doing certain work for it. The contractors in their turn used to employ a number of persons to carry out the work which they had taken on contract. A dispute arose between the contractors and their workmen in 1956 and an application was made on June 6, 1956, by the workmen before the conciliation board. To this application both the company as well as the contractors were parties and four matters were referred by the workmen to the conciliation board, namely, (i) non-grant of bonus for the years 1953-54 and 1954-55 (ii) nongrant of festival holidays (iii) non-fixation of minimum wages of these workmen at par with the workmen employed by the company and (iv) nonabolition of the contract system. Efforts at conciliation failed and thereupon the Government of Uttar Pradesh made a reference to the Industrial Tribunal under the U. P. Industrial Disputes Act, No. XXVIII of 1947, (hereinafter called the Act).\n In this reference only three points were referred out of the four which were before the conciliation board, namely, those relating to bonus, festival holidays and payment of wages to these workmen at par with the workmen of the company. The fourth point which was raised before the conciliation board (namely, non-abolition of the contract system) was not referred. The parties to this reference were two, namely-(i) the contractors and (ii) their workmen. The appellant was not a party to this reference. On August 13, 1956, another notification was issued by the U. P. Government under ss. 3, 5 and 8 of the Act by which the company was impleaded as a party to the dispute referred by the notification of July 31, 1956. It is remarkable, however, that the matters of dispute which were specified in the reference dated July 31, 1956, were not amended as they could have been under the proviso to s. 4 of the Act, by adding the fourth point of dispute before the conciliation board, namely, the non-abolition of the contract system. When the matter came up before the industrial court it framed a number of issues and the first and most important issue ran thus Are the workmen concerned employees of the P. Electric Supply Co. Ltd., Lucknow or of Messrs. S. M. Chaudhary, contractors ? The main objection of the company was that the dispute, if any was between the contractors and their employees and that there was no dispute between the company and its workmen. It was further objected that there was no valid or legal order of the Government referring any dispute between the company and its workmen to the tribunal and therefore the tribunal had no jurisdiction. On the merits it was urged that the workmen concerned were not the workmen of the company and there was no relationship of employer and employee between the company and these workmen and therefore the company could not be regarded as a party to the dispute between the contractors and their workmen. It is therefore clear that the main question which was considered by the tribunal was whether the workmen concerned were the workmen of the company or of the contractors. As the tribunal itself says, the crux of the whole case was whether the workmen concerned were the employees of the company .\n The tribunal went into the evidence in this connection and came to the conclusion that these workmen were in fact and in reality the employees of the company. The main contention on behalf of the company before us is that even assuming that the Government had power under s. 5 read with cl. 12 of G. O. No. U-464 (LL)XXXVI-B- 257(LL)/1954, dated July 14, 1954, to implied the company as a party, the main issue decided by the tribunal was not referred to it and the tribunal could only decide the three matters of dispute included in the order of reference of July 31, 1956. Therefore, in so far as the tribunal went beyond the, three matters of dispute specified in the reference and decided the question whether the workmen concerned were in the employ of the company or of the contractors it was acting without jurisdiction as this matter was never referred to it. We are of opinion that this contention must prevail. As we have already pointed out, there were four matters before the conciliation board including the question of non-abolition of the contract system. Further before the conciliation board not only the contractors but the company was also a party, for obviously the question of non-abolition of the contract system would necessitate the presence of the company as a party to the proceedings.\n When however the Government referred the dispute to the tribunal on July 31, it did not include the fourth item which was before the conciliation board relating to the non-abolition of the contract system among the matters in dispute. It also did not include the company as one of the parties to the dispute, for the reference-order refers only to two parties to the dispute, namely, the contractors and their workmen. On such a reference there could be no jurisdiction in the tribunal to decide the question whether these workmen were the workmen of the company or of the contractors, for such a question was not referred to the tribunal. It is true that on August 13, 1956, the company was impleaded as a party to the dispute referred by the notification of July 31 but the matters in dispute remained unmended, and the question of non-abolition of the contract system or the question whether these workmen were the employees of the company in fact and in reality was not included in the matters of dispute by amendment under the proviso to s. 4 of the Act.\nDECISION ??" } } }