{"_context" : {
    "_types" : {
      "ACCEPTED" : {
        "_feature_types" : {"sofa" : "_ref" } }, 
      "DocumentMetaData" : {
        "_feature_types" : {"sofa" : "_ref" } }, 
      "RANK1" : {
        "_feature_types" : {"sofa" : "_ref" } }, 
      "Rank2" : {
        "_feature_types" : {"sofa" : "_ref" } }, 
      "Rank3" : {
        "_feature_types" : {"sofa" : "_ref" } }, 
      "Sentence" : {
        "_feature_types" : {"sofa" : "_ref" } }, 
      "Sofa" : {
        "_feature_types" : {"sofaArray" : "_ref" } }, 
      "TagsetDescription" : {
        "_feature_types" : {"sofa" : "_ref",  "tags" : "_ref" } }, 
      "Token" : {
        "_feature_types" : {"sofa" : "_ref",  "parent" : "_ref",  "lemma" : "_ref",  "stem" : "_ref",  "pos" : "_ref",  "morph" : "_ref",  "form" : "_ref" } }, 
      "Annotation" : {
        "_feature_types" : {"sofa" : "_ref" }, 
        "_subtypes" : ["ACCEPTED",  "DocumentAnnotation",  "RANK1",  "Rank2",  "Rank3",  "Sentence",  "TagsetDescription",  "Token" ] }, 
      "AnnotationBase" : {
        "_feature_types" : {"sofa" : "_ref" }, 
        "_subtypes" : ["Annotation" ] }, 
      "TOP" : {
        "_subtypes" : ["AnnotationBase",  "Sofa" ] }, 
      "DocumentAnnotation" : {
        "_feature_types" : {"sofa" : "_ref" }, 
        "_subtypes" : ["DocumentMetaData" ] } } }, 
  "_views" : {
    "_InitialView" : {
      "DocumentMetaData" : [
        {"sofa" : 12,  "end" : 5618,  "language" : "x-unspecified",  "documentTitle" : "1951_80.txt",  "documentId" : "user2",  "documentUri" : "file:/home/ashutosh/.webanno/repository/project/9/document/242/source/user2",  "collectionId" : "file:/home/ashutosh/.webanno/repository/project/9/document/242/source/",  "documentBaseUri" : "file:/home/ashutosh/.webanno/repository/project/9/document/242/source/",  "isLastSegment" : false } ], 
      "TagsetDescription" : [
        {"sofa" : 12,  "layer" : "de.tudarmstadt.ukp.dkpro.core.api.syntax.type.dependency.Dependency",  "name" : "UD Universal Dependencies (v2)",  "input" : false }, 
        {"sofa" : 12,  "layer" : "de.tudarmstadt.ukp.dkpro.core.api.ner.type.NamedEntity",  "name" : "Named Entity tags",  "input" : false }, 
        {"sofa" : 12,  "layer" : "de.tudarmstadt.ukp.dkpro.core.api.transform.type.SofaChangeAnnotation",  "name" : "Operation",  "input" : false }, 
        {"sofa" : 12,  "layer" : "de.tudarmstadt.ukp.dkpro.core.api.lexmorph.type.pos.POS",  "name" : "UD Universal POS tags (v2)",  "input" : false } ], 
      "Sentence" : [
        {"sofa" : 12,  "end" : 22 }, 
        {"sofa" : 12,  "begin" : 23,  "end" : 48 }, 
        {"sofa" : 12,  "begin" : 49,  "end" : 197 }, 
        {"sofa" : 12,  "begin" : 198,  "end" : 200 }, 
        {"sofa" : 12,  "begin" : 201,  "end" : 245 }, 
        {"sofa" : 12,  "begin" : 246,  "end" : 248 }, 
        {"sofa" : 12,  "begin" : 249,  "end" : 336 }, 
        {"sofa" : 12,  "begin" : 337,  "end" : 349 }, 
        {"sofa" : 12,  "begin" : 350,  "end" : 416 }, 
        {"sofa" : 12,  "begin" : 416,  "end" : 554 }, 
        {"sofa" : 12,  "begin" : 556,  "end" : 709 }, 
        {"sofa" : 12,  "begin" : 710,  "end" : 1046 }, 
        {"sofa" : 12,  "begin" : 1048,  "end" : 1543 }, 
        {"sofa" : 12,  "begin" : 1545,  "end" : 1856 }, 
        {"sofa" : 12,  "begin" : 1857,  "end" : 2178 }, 
        {"sofa" : 12,  "begin" : 2180,  "end" : 3181 }, 
        {"sofa" : 12,  "begin" : 3183,  "end" : 3586 }, 
        {"sofa" : 12,  "begin" : 3587,  "end" : 3976 }, 
        {"sofa" : 12,  "begin" : 3978,  "end" : 4345 }, 
        {"sofa" : 12,  "begin" : 4346,  "end" : 4829 }, 
        {"sofa" : 12,  "begin" : 4831,  "end" : 5063 }, 
        {"sofa" : 12,  "begin" : 5064,  "end" : 5224 }, 
        {"sofa" : 12,  "begin" : 5225,  "end" : 5606 }, 
        {"sofa" : 12,  "begin" : 5607,  "end" : 5618 } ], 
      "Token" : [
        {"sofa" : 12,  "end" : 8 }, 
        {"sofa" : 12,  "begin" : 9,  "end" : 21 }, 
        {"sofa" : 12,  "begin" : 21,  "end" : 22 }, 
        {"sofa" : 12,  "begin" : 23,  "end" : 31 }, 
        {"sofa" : 12,  "begin" : 32,  "end" : 34 }, 
        {"sofa" : 12,  "begin" : 34,  "end" : 35 }, 
        {"sofa" : 12,  "begin" : 36,  "end" : 39 }, 
        {"sofa" : 12,  "begin" : 40,  "end" : 42 }, 
        {"sofa" : 12,  "begin" : 43,  "end" : 47 }, 
        {"sofa" : 12,  "begin" : 47,  "end" : 48 }, 
        {"sofa" : 12,  "begin" : 49,  "end" : 60 }, 
        {"sofa" : 12,  "begin" : 61,  "end" : 66 }, 
        {"sofa" : 12,  "begin" : 67,  "end" : 74 }, 
        {"sofa" : 12,  "begin" : 75,  "end" : 77 }, 
        {"sofa" : 12,  "begin" : 78,  "end" : 80 }, 
        {"sofa" : 12,  "begin" : 81,  "end" : 84 }, 
        {"sofa" : 12,  "begin" : 85,  "end" : 97 }, 
        {"sofa" : 12,  "begin" : 98,  "end" : 101 }, 
        {"sofa" : 12,  "begin" : 102,  "end" : 103 }, 
        {"sofa" : 12,  "begin" : 104,  "end" : 108 }, 
        {"sofa" : 12,  "begin" : 109,  "end" : 111 }, 
        {"sofa" : 12,  "begin" : 112,  "end" : 115 }, 
        {"sofa" : 12,  "begin" : 116,  "end" : 122 }, 
        {"sofa" : 12,  "begin" : 123,  "end" : 125 }, 
        {"sofa" : 12,  "begin" : 126,  "end" : 132 }, 
        {"sofa" : 12,  "begin" : 133,  "end" : 139 }, 
        {"sofa" : 12,  "begin" : 140,  "end" : 147 }, 
        {"sofa" : 12,  "begin" : 148,  "end" : 151 }, 
        {"sofa" : 12,  "begin" : 152,  "end" : 155 }, 
        {"sofa" : 12,  "begin" : 156,  "end" : 163 }, 
        {"sofa" : 12,  "begin" : 164,  "end" : 166 }, 
        {"sofa" : 12,  "begin" : 167,  "end" : 170 }, 
        {"sofa" : 12,  "begin" : 171,  "end" : 181 }, 
        {"sofa" : 12,  "begin" : 182,  "end" : 186 }, 
        {"sofa" : 12,  "begin" : 187,  "end" : 196 }, 
        {"sofa" : 12,  "begin" : 196,  "end" : 197 }, 
        {"sofa" : 12,  "begin" : 198,  "end" : 199 }, 
        {"sofa" : 12,  "begin" : 199,  "end" : 200 }, 
        {"sofa" : 12,  "begin" : 201,  "end" : 208 }, 
        {"sofa" : 12,  "begin" : 209,  "end" : 210 }, 
        {"sofa" : 12,  "begin" : 210,  "end" : 216 }, 
        {"sofa" : 12,  "begin" : 217,  "end" : 223 }, 
        {"sofa" : 12,  "begin" : 223,  "end" : 224 }, 
        {"sofa" : 12,  "begin" : 224,  "end" : 225 }, 
        {"sofa" : 12,  "begin" : 226,  "end" : 229 }, 
        {"sofa" : 12,  "begin" : 230,  "end" : 233 }, 
        {"sofa" : 12,  "begin" : 234,  "end" : 244 }, 
        {"sofa" : 12,  "begin" : 244,  "end" : 245 }, 
        {"sofa" : 12,  "begin" : 246,  "end" : 247 }, 
        {"sofa" : 12,  "begin" : 247,  "end" : 248 }, 
        {"sofa" : 12,  "begin" : 249,  "end" : 254 }, 
        {"sofa" : 12,  "begin" : 254,  "end" : 255 }, 
        {"sofa" : 12,  "begin" : 256,  "end" : 272 }, 
        {"sofa" : 12,  "begin" : 273,  "end" : 275 }, 
        {"sofa" : 12,  "begin" : 276,  "end" : 279 }, 
        {"sofa" : 12,  "begin" : 280,  "end" : 286 }, 
        {"sofa" : 12,  "begin" : 286,  "end" : 287 }, 
        {"sofa" : 12,  "begin" : 288,  "end" : 289 }, 
        {"sofa" : 12,  "begin" : 289,  "end" : 295 }, 
        {"sofa" : 12,  "begin" : 296,  "end" : 299 }, 
        {"sofa" : 12,  "begin" : 299,  "end" : 300 }, 
        {"sofa" : 12,  "begin" : 301,  "end" : 305 }, 
        {"sofa" : 12,  "begin" : 306,  "end" : 309 }, 
        {"sofa" : 12,  "begin" : 309,  "end" : 310 }, 
        {"sofa" : 12,  "begin" : 311,  "end" : 314 }, 
        {"sofa" : 12,  "begin" : 315,  "end" : 318 }, 
        {"sofa" : 12,  "begin" : 319,  "end" : 329 }, 
        {"sofa" : 12,  "begin" : 329,  "end" : 330 }, 
        {"sofa" : 12,  "begin" : 331,  "end" : 335 }, 
        {"sofa" : 12,  "begin" : 335,  "end" : 336 }, 
        {"sofa" : 12,  "begin" : 337,  "end" : 345 }, 
        {"sofa" : 12,  "begin" : 346,  "end" : 348 }, 
        {"sofa" : 12,  "begin" : 348,  "end" : 349 }, 
        {"sofa" : 12,  "begin" : 350,  "end" : 353 }, 
        {"sofa" : 12,  "begin" : 354,  "end" : 362 }, 
        {"sofa" : 12,  "begin" : 363,  "end" : 365 }, 
        {"sofa" : 12,  "begin" : 366,  "end" : 369 }, 
        {"sofa" : 12,  "begin" : 370,  "end" : 375 }, 
        {"sofa" : 12,  "begin" : 376,  "end" : 379 }, 
        {"sofa" : 12,  "begin" : 380,  "end" : 385 }, 
        {"sofa" : 12,  "begin" : 385,  "end" : 386 }, 
        {"sofa" : 12,  "begin" : 387,  "end" : 391 }, 
        {"sofa" : 12,  "begin" : 392,  "end" : 394 }, 
        {"sofa" : 12,  "begin" : 395,  "end" : 404 }, 
        {"sofa" : 12,  "begin" : 405,  "end" : 411 }, 
        {"sofa" : 12,  "begin" : 412,  "end" : 415 }, 
        {"sofa" : 12,  "begin" : 415,  "end" : 416 }, 
        {"sofa" : 12,  "begin" : 416,  "end" : 417 }, 
        {"sofa" : 12,  "begin" : 417,  "end" : 418 }, 
        {"sofa" : 12,  "begin" : 418,  "end" : 422 }, 
        {"sofa" : 12,  "begin" : 423,  "end" : 425 }, 
        {"sofa" : 12,  "begin" : 426,  "end" : 427 }, 
        {"sofa" : 12,  "begin" : 428,  "end" : 436 }, 
        {"sofa" : 12,  "begin" : 437,  "end" : 442 }, 
        {"sofa" : 12,  "begin" : 443,  "end" : 450 }, 
        {"sofa" : 12,  "begin" : 451,  "end" : 453 }, 
        {"sofa" : 12,  "begin" : 454,  "end" : 456 }, 
        {"sofa" : 12,  "begin" : 457,  "end" : 460 }, 
        {"sofa" : 12,  "begin" : 461,  "end" : 473 }, 
        {"sofa" : 12,  "begin" : 474,  "end" : 481 }, 
        {"sofa" : 12,  "begin" : 482,  "end" : 485 }, 
        {"sofa" : 12,  "begin" : 486,  "end" : 489 }, 
        {"sofa" : 12,  "begin" : 490,  "end" : 497 }, 
        {"sofa" : 12,  "begin" : 498,  "end" : 500 }, 
        {"sofa" : 12,  "begin" : 501,  "end" : 504 }, 
        {"sofa" : 12,  "begin" : 505,  "end" : 509 }, 
        {"sofa" : 12,  "begin" : 509,  "end" : 510 }, 
        {"sofa" : 12,  "begin" : 511,  "end" : 517 }, 
        {"sofa" : 12,  "begin" : 518,  "end" : 522 }, 
        {"sofa" : 12,  "begin" : 523,  "end" : 526 }, 
        {"sofa" : 12,  "begin" : 527,  "end" : 534 }, 
        {"sofa" : 12,  "begin" : 535,  "end" : 543 }, 
        {"sofa" : 12,  "begin" : 544,  "end" : 553 }, 
        {"sofa" : 12,  "begin" : 553,  "end" : 554 }, 
        {"sofa" : 12,  "begin" : 556,  "end" : 558 }, 
        {"sofa" : 12,  "begin" : 559,  "end" : 567 }, 
        {"sofa" : 12,  "begin" : 568,  "end" : 571 }, 
        {"sofa" : 12,  "begin" : 572,  "end" : 580 }, 
        {"sofa" : 12,  "begin" : 581,  "end" : 584 }, 
        {"sofa" : 12,  "begin" : 584,  "end" : 585 }, 
        {"sofa" : 12,  "begin" : 586,  "end" : 588 }, 
        {"sofa" : 12,  "begin" : 589,  "end" : 592 }, 
        {"sofa" : 12,  "begin" : 593,  "end" : 603 }, 
        {"sofa" : 12,  "begin" : 604,  "end" : 606 }, 
        {"sofa" : 12,  "begin" : 607,  "end" : 610 }, 
        {"sofa" : 12,  "begin" : 611,  "end" : 618 }, 
        {"sofa" : 12,  "begin" : 618,  "end" : 619 }, 
        {"sofa" : 12,  "begin" : 620,  "end" : 627 }, 
        {"sofa" : 12,  "begin" : 628,  "end" : 631 }, 
        {"sofa" : 12,  "begin" : 632,  "end" : 642 }, 
        {"sofa" : 12,  "begin" : 643,  "end" : 645 }, 
        {"sofa" : 12,  "begin" : 646,  "end" : 648 }, 
        {"sofa" : 12,  "begin" : 649,  "end" : 657 }, 
        {"sofa" : 12,  "begin" : 657,  "end" : 658 }, 
        {"sofa" : 12,  "begin" : 658,  "end" : 659 }, 
        {"sofa" : 12,  "begin" : 660,  "end" : 662 }, 
        {"sofa" : 12,  "begin" : 663,  "end" : 666 }, 
        {"sofa" : 12,  "begin" : 667,  "end" : 674 }, 
        {"sofa" : 12,  "begin" : 675,  "end" : 677 }, 
        {"sofa" : 12,  "begin" : 678,  "end" : 682 }, 
        {"sofa" : 12,  "begin" : 683,  "end" : 686 }, 
        {"sofa" : 12,  "begin" : 687,  "end" : 694 }, 
        {"sofa" : 12,  "begin" : 695,  "end" : 698 }, 
        {"sofa" : 12,  "begin" : 699,  "end" : 702 }, 
        {"sofa" : 12,  "begin" : 703,  "end" : 708 }, 
        {"sofa" : 12,  "begin" : 708,  "end" : 709 }, 
        {"sofa" : 12,  "begin" : 710,  "end" : 713 }, 
        {"sofa" : 12,  "begin" : 714,  "end" : 724 }, 
        {"sofa" : 12,  "begin" : 725,  "end" : 728 }, 
        {"sofa" : 12,  "begin" : 729,  "end" : 737 }, 
        {"sofa" : 12,  "begin" : 738,  "end" : 741 }, 
        {"sofa" : 12,  "begin" : 742,  "end" : 750 }, 
        {"sofa" : 12,  "begin" : 751,  "end" : 756 }, 
        {"sofa" : 12,  "begin" : 757,  "end" : 759 }, 
        {"sofa" : 12,  "begin" : 760,  "end" : 765 }, 
        {"sofa" : 12,  "begin" : 766,  "end" : 771 }, 
        {"sofa" : 12,  "begin" : 772,  "end" : 775 }, 
        {"sofa" : 12,  "begin" : 776,  "end" : 781 }, 
        {"sofa" : 12,  "begin" : 781,  "end" : 782 }, 
        {"sofa" : 12,  "begin" : 783,  "end" : 787 }, 
        {"sofa" : 12,  "begin" : 787,  "end" : 788 }, 
        {"sofa" : 12,  "begin" : 789,  "end" : 793 }, 
        {"sofa" : 12,  "begin" : 794,  "end" : 796 }, 
        {"sofa" : 12,  "begin" : 797,  "end" : 800 }, 
        {"sofa" : 12,  "begin" : 801,  "end" : 809 }, 
        {"sofa" : 12,  "begin" : 810,  "end" : 820 }, 
        {"sofa" : 12,  "begin" : 820,  "end" : 821 }, 
        {"sofa" : 12,  "begin" : 822,  "end" : 830 }, 
        {"sofa" : 12,  "begin" : 830,  "end" : 831 }, 
        {"sofa" : 12,  "begin" : 832,  "end" : 837 }, 
        {"sofa" : 12,  "begin" : 838,  "end" : 846 }, 
        {"sofa" : 12,  "begin" : 846,  "end" : 847 }, 
        {"sofa" : 12,  "begin" : 847,  "end" : 848 }, 
        {"sofa" : 12,  "begin" : 848,  "end" : 849 }, 
        {"sofa" : 12,  "begin" : 850,  "end" : 852 }, 
        {"sofa" : 12,  "begin" : 853,  "end" : 856 }, 
        {"sofa" : 12,  "begin" : 857,  "end" : 867 }, 
        {"sofa" : 12,  "begin" : 868,  "end" : 877 }, 
        {"sofa" : 12,  "begin" : 878,  "end" : 881 }, 
        {"sofa" : 12,  "begin" : 881,  "end" : 882 }, 
        {"sofa" : 12,  "begin" : 883,  "end" : 887 }, 
        {"sofa" : 12,  "begin" : 888,  "end" : 889 }, 
        {"sofa" : 12,  "begin" : 889,  "end" : 900 }, 
        {"sofa" : 12,  "begin" : 901,  "end" : 909 }, 
        {"sofa" : 12,  "begin" : 910,  "end" : 912 }, 
        {"sofa" : 12,  "begin" : 913,  "end" : 915 }, 
        {"sofa" : 12,  "begin" : 916,  "end" : 919 }, 
        {"sofa" : 12,  "begin" : 920,  "end" : 923 }, 
        {"sofa" : 12,  "begin" : 924,  "end" : 925 }, 
        {"sofa" : 12,  "begin" : 926,  "end" : 929 }, 
        {"sofa" : 12,  "begin" : 930,  "end" : 933 }, 
        {"sofa" : 12,  "begin" : 934,  "end" : 941 }, 
        {"sofa" : 12,  "begin" : 942,  "end" : 944 }, 
        {"sofa" : 12,  "begin" : 945,  "end" : 954 }, 
        {"sofa" : 12,  "begin" : 955,  "end" : 959 }, 
        {"sofa" : 12,  "begin" : 960,  "end" : 972 }, 
        {"sofa" : 12,  "begin" : 973,  "end" : 975 }, 
        {"sofa" : 12,  "begin" : 976,  "end" : 979 }, 
        {"sofa" : 12,  "begin" : 980,  "end" : 990 }, 
        {"sofa" : 12,  "begin" : 991,  "end" : 993 }, 
        {"sofa" : 12,  "begin" : 994,  "end" : 1002 }, 
        {"sofa" : 12,  "begin" : 1003,  "end" : 1005 }, 
        {"sofa" : 12,  "begin" : 1006,  "end" : 1014 }, 
        {"sofa" : 12,  "begin" : 1015,  "end" : 1017 }, 
        {"sofa" : 12,  "begin" : 1018,  "end" : 1021 }, 
        {"sofa" : 12,  "begin" : 1022,  "end" : 1025 }, 
        {"sofa" : 12,  "begin" : 1026,  "end" : 1028 }, 
        {"sofa" : 12,  "begin" : 1029,  "end" : 1033 }, 
        {"sofa" : 12,  "begin" : 1034,  "end" : 1039 }, 
        {"sofa" : 12,  "begin" : 1039,  "end" : 1040 }, 
        {"sofa" : 12,  "begin" : 1041,  "end" : 1045 }, 
        {"sofa" : 12,  "begin" : 1045,  "end" : 1046 }, 
        {"sofa" : 12,  "begin" : 1048,  "end" : 1051 }, 
        {"sofa" : 12,  "begin" : 1052,  "end" : 1062 }, 
        {"sofa" : 12,  "begin" : 1063,  "end" : 1073 }, 
        {"sofa" : 12,  "begin" : 1074,  "end" : 1077 }, 
        {"sofa" : 12,  "begin" : 1078,  "end" : 1086 }, 
        {"sofa" : 12,  "begin" : 1087,  "end" : 1089 }, 
        {"sofa" : 12,  "begin" : 1090,  "end" : 1093 }, 
        {"sofa" : 12,  "begin" : 1094,  "end" : 1099 }, 
        {"sofa" : 12,  "begin" : 1100,  "end" : 1102 }, 
        {"sofa" : 12,  "begin" : 1103,  "end" : 1110 }, 
        {"sofa" : 12,  "begin" : 1111,  "end" : 1118 }, 
        {"sofa" : 12,  "begin" : 1119,  "end" : 1122 }, 
        {"sofa" : 12,  "begin" : 1122,  "end" : 1123 }, 
        {"sofa" : 12,  "begin" : 1124,  "end" : 1129 }, 
        {"sofa" : 12,  "begin" : 1130,  "end" : 1133 }, 
        {"sofa" : 12,  "begin" : 1134,  "end" : 1142 }, 
        {"sofa" : 12,  "begin" : 1143,  "end" : 1146 }, 
        {"sofa" : 12,  "begin" : 1147,  "end" : 1154 }, 
        {"sofa" : 12,  "begin" : 1155,  "end" : 1160 }, 
        {"sofa" : 12,  "begin" : 1161,  "end" : 1165 }, 
        {"sofa" : 12,  "begin" : 1166,  "end" : 1171 }, 
        {"sofa" : 12,  "begin" : 1172,  "end" : 1178 }, 
        {"sofa" : 12,  "begin" : 1179,  "end" : 1180 }, 
        {"sofa" : 12,  "begin" : 1181,  "end" : 1185 }, 
        {"sofa" : 12,  "begin" : 1186,  "end" : 1190 }, 
        {"sofa" : 12,  "begin" : 1191,  "end" : 1193 }, 
        {"sofa" : 12,  "begin" : 1194,  "end" : 1197 }, 
        {"sofa" : 12,  "begin" : 1198,  "end" : 1208 }, 
        {"sofa" : 12,  "begin" : 1208,  "end" : 1209 }, 
        {"sofa" : 12,  "begin" : 1210,  "end" : 1213 }, 
        {"sofa" : 12,  "begin" : 1214,  "end" : 1224 }, 
        {"sofa" : 12,  "begin" : 1225,  "end" : 1228 }, 
        {"sofa" : 12,  "begin" : 1229,  "end" : 1235 }, 
        {"sofa" : 12,  "begin" : 1236,  "end" : 1238 }, 
        {"sofa" : 12,  "begin" : 1239,  "end" : 1242 }, 
        {"sofa" : 12,  "begin" : 1243,  "end" : 1249 }, 
        {"sofa" : 12,  "begin" : 1250,  "end" : 1254 }, 
        {"sofa" : 12,  "begin" : 1255,  "end" : 1262 }, 
        {"sofa" : 12,  "begin" : 1263,  "end" : 1272 }, 
        {"sofa" : 12,  "begin" : 1273,  "end" : 1278 }, 
        {"sofa" : 12,  "begin" : 1279,  "end" : 1284 }, 
        {"sofa" : 12,  "begin" : 1285,  "end" : 1289 }, 
        {"sofa" : 12,  "begin" : 1290,  "end" : 1294 }, 
        {"sofa" : 12,  "begin" : 1294,  "end" : 1295 }, 
        {"sofa" : 12,  "begin" : 1295,  "end" : 1299 }, 
        {"sofa" : 12,  "begin" : 1300,  "end" : 1301 }, 
        {"sofa" : 12,  "begin" : 1301,  "end" : 1302 }, 
        {"sofa" : 12,  "begin" : 1303,  "end" : 1313 }, 
        {"sofa" : 12,  "begin" : 1314,  "end" : 1316 }, 
        {"sofa" : 12,  "begin" : 1317,  "end" : 1319 }, 
        {"sofa" : 12,  "begin" : 1320,  "end" : 1324 }, 
        {"sofa" : 12,  "begin" : 1325,  "end" : 1327 }, 
        {"sofa" : 12,  "begin" : 1328,  "end" : 1331 }, 
        {"sofa" : 12,  "begin" : 1332,  "end" : 1340 }, 
        {"sofa" : 12,  "begin" : 1341,  "end" : 1343 }, 
        {"sofa" : 12,  "begin" : 1344,  "end" : 1350 }, 
        {"sofa" : 12,  "begin" : 1351,  "end" : 1356 }, 
        {"sofa" : 12,  "begin" : 1357,  "end" : 1368 }, 
        {"sofa" : 12,  "begin" : 1368,  "end" : 1369 }, 
        {"sofa" : 12,  "begin" : 1369,  "end" : 1370 }, 
        {"sofa" : 12,  "begin" : 1370,  "end" : 1371 }, 
        {"sofa" : 12,  "begin" : 1372,  "end" : 1374 }, 
        {"sofa" : 12,  "begin" : 1375,  "end" : 1382 }, 
        {"sofa" : 12,  "begin" : 1383,  "end" : 1384 }, 
        {"sofa" : 12,  "begin" : 1385,  "end" : 1388 }, 
        {"sofa" : 12,  "begin" : 1389,  "end" : 1396 }, 
        {"sofa" : 12,  "begin" : 1397,  "end" : 1398 }, 
        {"sofa" : 12,  "begin" : 1399,  "end" : 1401 }, 
        {"sofa" : 12,  "begin" : 1402,  "end" : 1405 }, 
        {"sofa" : 12,  "begin" : 1406,  "end" : 1409 }, 
        {"sofa" : 12,  "begin" : 1410,  "end" : 1412 }, 
        {"sofa" : 12,  "begin" : 1413,  "end" : 1420 }, 
        {"sofa" : 12,  "begin" : 1421,  "end" : 1423 }, 
        {"sofa" : 12,  "begin" : 1424,  "end" : 1427 }, 
        {"sofa" : 12,  "begin" : 1428,  "end" : 1438 }, 
        {"sofa" : 12,  "begin" : 1439,  "end" : 1448 }, 
        {"sofa" : 12,  "begin" : 1449,  "end" : 1450 }, 
        {"sofa" : 12,  "begin" : 1450,  "end" : 1459 }, 
        {"sofa" : 12,  "begin" : 1459,  "end" : 1460 }, 
        {"sofa" : 12,  "begin" : 1461,  "end" : 1464 }, 
        {"sofa" : 12,  "begin" : 1464,  "end" : 1465 }, 
        {"sofa" : 12,  "begin" : 1466,  "end" : 1470 }, 
        {"sofa" : 12,  "begin" : 1470,  "end" : 1471 }, 
        {"sofa" : 12,  "begin" : 1472,  "end" : 1475 }, 
        {"sofa" : 12,  "begin" : 1476,  "end" : 1478 }, 
        {"sofa" : 12,  "begin" : 1479,  "end" : 1482 }, 
        {"sofa" : 12,  "begin" : 1483,  "end" : 1489 }, 
        {"sofa" : 12,  "begin" : 1490,  "end" : 1494 }, 
        {"sofa" : 12,  "begin" : 1495,  "end" : 1500 }, 
        {"sofa" : 12,  "begin" : 1501,  "end" : 1508 }, 
        {"sofa" : 12,  "begin" : 1509,  "end" : 1511 }, 
        {"sofa" : 12,  "begin" : 1512,  "end" : 1521 }, 
        {"sofa" : 12,  "begin" : 1522,  "end" : 1524 }, 
        {"sofa" : 12,  "begin" : 1525,  "end" : 1529 }, 
        {"sofa" : 12,  "begin" : 1530,  "end" : 1536 }, 
        {"sofa" : 12,  "begin" : 1536,  "end" : 1537 }, 
        {"sofa" : 12,  "begin" : 1538,  "end" : 1542 }, 
        {"sofa" : 12,  "begin" : 1542,  "end" : 1543 }, 
        {"sofa" : 12,  "begin" : 1545,  "end" : 1554 }, 
        {"sofa" : 12,  "begin" : 1555,  "end" : 1558 }, 
        {"sofa" : 12,  "begin" : 1559,  "end" : 1569 }, 
        {"sofa" : 12,  "begin" : 1570,  "end" : 1575 }, 
        {"sofa" : 12,  "begin" : 1576,  "end" : 1577 }, 
        {"sofa" : 12,  "begin" : 1578,  "end" : 1591 }, 
        {"sofa" : 12,  "begin" : 1592,  "end" : 1600 }, 
        {"sofa" : 12,  "begin" : 1601,  "end" : 1610 }, 
        {"sofa" : 12,  "begin" : 1611,  "end" : 1614 }, 
        {"sofa" : 12,  "begin" : 1615,  "end" : 1623 }, 
        {"sofa" : 12,  "begin" : 1624,  "end" : 1626 }, 
        {"sofa" : 12,  "begin" : 1627,  "end" : 1630 }, 
        {"sofa" : 12,  "begin" : 1631,  "end" : 1635 }, 
        {"sofa" : 12,  "begin" : 1636,  "end" : 1641 }, 
        {"sofa" : 12,  "begin" : 1642,  "end" : 1644 }, 
        {"sofa" : 12,  "begin" : 1645,  "end" : 1648 }, 
        {"sofa" : 12,  "begin" : 1649,  "end" : 1655 }, 
        {"sofa" : 12,  "begin" : 1655,  "end" : 1656 }, 
        {"sofa" : 12,  "begin" : 1657,  "end" : 1662 }, 
        {"sofa" : 12,  "begin" : 1663,  "end" : 1667 }, 
        {"sofa" : 12,  "begin" : 1667,  "end" : 1668 }, 
        {"sofa" : 12,  "begin" : 1669,  "end" : 1673 }, 
        {"sofa" : 12,  "begin" : 1674,  "end" : 1676 }, 
        {"sofa" : 12,  "begin" : 1677,  "end" : 1685 }, 
        {"sofa" : 12,  "begin" : 1686,  "end" : 1689 }, 
        {"sofa" : 12,  "begin" : 1690,  "end" : 1699 }, 
        {"sofa" : 12,  "begin" : 1700,  "end" : 1702 }, 
        {"sofa" : 12,  "begin" : 1703,  "end" : 1706 }, 
        {"sofa" : 12,  "begin" : 1707,  "end" : 1717 }, 
        {"sofa" : 12,  "begin" : 1718,  "end" : 1720 }, 
        {"sofa" : 12,  "begin" : 1721,  "end" : 1723 }, 
        {"sofa" : 12,  "begin" : 1724,  "end" : 1728 }, 
        {"sofa" : 12,  "begin" : 1729,  "end" : 1734 }, 
        {"sofa" : 12,  "begin" : 1734,  "end" : 1735 }, 
        {"sofa" : 12,  "begin" : 1736,  "end" : 1740 }, 
        {"sofa" : 12,  "begin" : 1740,  "end" : 1741 }, 
        {"sofa" : 12,  "begin" : 1742,  "end" : 1745 }, 
        {"sofa" : 12,  "begin" : 1746,  "end" : 1750 }, 
        {"sofa" : 12,  "begin" : 1751,  "end" : 1753 }, 
        {"sofa" : 12,  "begin" : 1754,  "end" : 1759 }, 
        {"sofa" : 12,  "begin" : 1760,  "end" : 1763 }, 
        {"sofa" : 12,  "begin" : 1764,  "end" : 1767 }, 
        {"sofa" : 12,  "begin" : 1768,  "end" : 1774 }, 
        {"sofa" : 12,  "begin" : 1775,  "end" : 1778 }, 
        {"sofa" : 12,  "begin" : 1779,  "end" : 1781 }, 
        {"sofa" : 12,  "begin" : 1782,  "end" : 1788 }, 
        {"sofa" : 12,  "begin" : 1789,  "end" : 1792 }, 
        {"sofa" : 12,  "begin" : 1793,  "end" : 1797 }, 
        {"sofa" : 12,  "begin" : 1798,  "end" : 1802 }, 
        {"sofa" : 12,  "begin" : 1803,  "end" : 1806 }, 
        {"sofa" : 12,  "begin" : 1807,  "end" : 1815 }, 
        {"sofa" : 12,  "begin" : 1816,  "end" : 1818 }, 
        {"sofa" : 12,  "begin" : 1819,  "end" : 1822 }, 
        {"sofa" : 12,  "begin" : 1823,  "end" : 1833 }, 
        {"sofa" : 12,  "begin" : 1834,  "end" : 1836 }, 
        {"sofa" : 12,  "begin" : 1837,  "end" : 1840 }, 
        {"sofa" : 12,  "begin" : 1841,  "end" : 1844 }, 
        {"sofa" : 12,  "begin" : 1845,  "end" : 1847 }, 
        {"sofa" : 12,  "begin" : 1848,  "end" : 1855 }, 
        {"sofa" : 12,  "begin" : 1855,  "end" : 1856 }, 
        {"sofa" : 12,  "begin" : 1857,  "end" : 1859 }, 
        {"sofa" : 12,  "begin" : 1860,  "end" : 1866 }, 
        {"sofa" : 12,  "begin" : 1867,  "end" : 1869 }, 
        {"sofa" : 12,  "begin" : 1870,  "end" : 1873 }, 
        {"sofa" : 12,  "begin" : 1874,  "end" : 1884 }, 
        {"sofa" : 12,  "begin" : 1884,  "end" : 1885 }, 
        {"sofa" : 12,  "begin" : 1886,  "end" : 1889 }, 
        {"sofa" : 12,  "begin" : 1890,  "end" : 1906 }, 
        {"sofa" : 12,  "begin" : 1907,  "end" : 1909 }, 
        {"sofa" : 12,  "begin" : 1910,  "end" : 1916 }, 
        {"sofa" : 12,  "begin" : 1917,  "end" : 1922 }, 
        {"sofa" : 12,  "begin" : 1923,  "end" : 1927 }, 
        {"sofa" : 12,  "begin" : 1928,  "end" : 1931 }, 
        {"sofa" : 12,  "begin" : 1932,  "end" : 1936 }, 
        {"sofa" : 12,  "begin" : 1937,  "end" : 1942 }, 
        {"sofa" : 12,  "begin" : 1943,  "end" : 1946 }, 
        {"sofa" : 12,  "begin" : 1947,  "end" : 1950 }, 
        {"sofa" : 12,  "begin" : 1951,  "end" : 1959 }, 
        {"sofa" : 12,  "begin" : 1960,  "end" : 1962 }, 
        {"sofa" : 12,  "begin" : 1963,  "end" : 1965 }, 
        {"sofa" : 12,  "begin" : 1966,  "end" : 1967 }, 
        {"sofa" : 12,  "begin" : 1968,  "end" : 1973 }, 
        {"sofa" : 12,  "begin" : 1974,  "end" : 1979 }, 
        {"sofa" : 12,  "begin" : 1980,  "end" : 1982 }, 
        {"sofa" : 12,  "begin" : 1983,  "end" : 1992 }, 
        {"sofa" : 12,  "begin" : 1993,  "end" : 1996 }, 
        {"sofa" : 12,  "begin" : 1997,  "end" : 2000 }, 
        {"sofa" : 12,  "begin" : 2001,  "end" : 2007 }, 
        {"sofa" : 12,  "begin" : 2008,  "end" : 2012 }, 
        {"sofa" : 12,  "begin" : 2013,  "end" : 2017 }, 
        {"sofa" : 12,  "begin" : 2018,  "end" : 2019 }, 
        {"sofa" : 12,  "begin" : 2020,  "end" : 2024 }, 
        {"sofa" : 12,  "begin" : 2025,  "end" : 2027 }, 
        {"sofa" : 12,  "begin" : 2028,  "end" : 2036 }, 
        {"sofa" : 12,  "begin" : 2037,  "end" : 2040 }, 
        {"sofa" : 12,  "begin" : 2041,  "end" : 2047 }, 
        {"sofa" : 12,  "begin" : 2048,  "end" : 2050 }, 
        {"sofa" : 12,  "begin" : 2051,  "end" : 2060 }, 
        {"sofa" : 12,  "begin" : 2061,  "end" : 2065 }, 
        {"sofa" : 12,  "begin" : 2066,  "end" : 2070 }, 
        {"sofa" : 12,  "begin" : 2071,  "end" : 2076 }, 
        {"sofa" : 12,  "begin" : 2076,  "end" : 2077 }, 
        {"sofa" : 12,  "begin" : 2078,  "end" : 2082 }, 
        {"sofa" : 12,  "begin" : 2082,  "end" : 2083 }, 
        {"sofa" : 12,  "begin" : 2084,  "end" : 2086 }, 
        {"sofa" : 12,  "begin" : 2087,  "end" : 2089 }, 
        {"sofa" : 12,  "begin" : 2090,  "end" : 2093 }, 
        {"sofa" : 12,  "begin" : 2094,  "end" : 2098 }, 
        {"sofa" : 12,  "begin" : 2099,  "end" : 2103 }, 
        {"sofa" : 12,  "begin" : 2104,  "end" : 2106 }, 
        {"sofa" : 12,  "begin" : 2107,  "end" : 2111 }, 
        {"sofa" : 12,  "begin" : 2112,  "end" : 2117 }, 
        {"sofa" : 12,  "begin" : 2118,  "end" : 2122 }, 
        {"sofa" : 12,  "begin" : 2123,  "end" : 2125 }, 
        {"sofa" : 12,  "begin" : 2126,  "end" : 2131 }, 
        {"sofa" : 12,  "begin" : 2132,  "end" : 2134 }, 
        {"sofa" : 12,  "begin" : 2135,  "end" : 2144 }, 
        {"sofa" : 12,  "begin" : 2145,  "end" : 2148 }, 
        {"sofa" : 12,  "begin" : 2149,  "end" : 2151 }, 
        {"sofa" : 12,  "begin" : 2152,  "end" : 2162 }, 
        {"sofa" : 12,  "begin" : 2163,  "end" : 2169 }, 
        {"sofa" : 12,  "begin" : 2170,  "end" : 2173 }, 
        {"sofa" : 12,  "begin" : 2174,  "end" : 2177 }, 
        {"sofa" : 12,  "begin" : 2177,  "end" : 2178 }, 
        {"sofa" : 12,  "begin" : 2180,  "end" : 2183 }, 
        {"sofa" : 12,  "begin" : 2184,  "end" : 2189 }, 
        {"sofa" : 12,  "begin" : 2190,  "end" : 2194 }, 
        {"sofa" : 12,  "begin" : 2195,  "end" : 2197 }, 
        {"sofa" : 12,  "begin" : 2198,  "end" : 2205 }, 
        {"sofa" : 12,  "begin" : 2206,  "end" : 2207 }, 
        {"sofa" : 12,  "begin" : 2208,  "end" : 2215 }, 
        {"sofa" : 12,  "begin" : 2216,  "end" : 2219 }, 
        {"sofa" : 12,  "begin" : 2220,  "end" : 2228 }, 
        {"sofa" : 12,  "begin" : 2229,  "end" : 2231 }, 
        {"sofa" : 12,  "begin" : 2232,  "end" : 2238 }, 
        {"sofa" : 12,  "begin" : 2239,  "end" : 2241 }, 
        {"sofa" : 12,  "begin" : 2242,  "end" : 2251 }, 
        {"sofa" : 12,  "begin" : 2252,  "end" : 2256 }, 
        {"sofa" : 12,  "begin" : 2257,  "end" : 2264 }, 
        {"sofa" : 12,  "begin" : 2265,  "end" : 2267 }, 
        {"sofa" : 12,  "begin" : 2268,  "end" : 2271 }, 
        {"sofa" : 12,  "begin" : 2272,  "end" : 2278 }, 
        {"sofa" : 12,  "begin" : 2279,  "end" : 2284 }, 
        {"sofa" : 12,  "begin" : 2285,  "end" : 2287 }, 
        {"sofa" : 12,  "begin" : 2288,  "end" : 2294 }, 
        {"sofa" : 12,  "begin" : 2295,  "end" : 2300 }, 
        {"sofa" : 12,  "begin" : 2301,  "end" : 2309 }, 
        {"sofa" : 12,  "begin" : 2309,  "end" : 2310 }, 
        {"sofa" : 12,  "begin" : 2311,  "end" : 2314 }, 
        {"sofa" : 12,  "begin" : 2315,  "end" : 2317 }, 
        {"sofa" : 12,  "begin" : 2318,  "end" : 2324 }, 
        {"sofa" : 12,  "begin" : 2325,  "end" : 2330 }, 
        {"sofa" : 12,  "begin" : 2330,  "end" : 2331 }, 
        {"sofa" : 12,  "begin" : 2332,  "end" : 2335 }, 
        {"sofa" : 12,  "begin" : 2335,  "end" : 2336 }, 
        {"sofa" : 12,  "begin" : 2337,  "end" : 2339 }, 
        {"sofa" : 12,  "begin" : 2340,  "end" : 2348 }, 
        {"sofa" : 12,  "begin" : 2348,  "end" : 2349 }, 
        {"sofa" : 12,  "begin" : 2350,  "end" : 2356 }, 
        {"sofa" : 12,  "begin" : 2357,  "end" : 2364 }, 
        {"sofa" : 12,  "begin" : 2365,  "end" : 2373 }, 
        {"sofa" : 12,  "begin" : 2373,  "end" : 2374 }, 
        {"sofa" : 12,  "begin" : 2375,  "end" : 2383 }, 
        {"sofa" : 12,  "begin" : 2384,  "end" : 2392 }, 
        {"sofa" : 12,  "begin" : 2392,  "end" : 2393 }, 
        {"sofa" : 12,  "begin" : 2394,  "end" : 2398 }, 
        {"sofa" : 12,  "begin" : 2399,  "end" : 2403 }, 
        {"sofa" : 12,  "begin" : 2404,  "end" : 2405 }, 
        {"sofa" : 12,  "begin" : 2406,  "end" : 2410 }, 
        {"sofa" : 12,  "begin" : 2411,  "end" : 2413 }, 
        {"sofa" : 12,  "begin" : 2414,  "end" : 2424 }, 
        {"sofa" : 12,  "begin" : 2425,  "end" : 2428 }, 
        {"sofa" : 12,  "begin" : 2429,  "end" : 2433 }, 
        {"sofa" : 12,  "begin" : 2434,  "end" : 2440 }, 
        {"sofa" : 12,  "begin" : 2441,  "end" : 2443 }, 
        {"sofa" : 12,  "begin" : 2444,  "end" : 2445 }, 
        {"sofa" : 12,  "begin" : 2446,  "end" : 2452 }, 
        {"sofa" : 12,  "begin" : 2453,  "end" : 2464 }, 
        {"sofa" : 12,  "begin" : 2465,  "end" : 2467 }, 
        {"sofa" : 12,  "begin" : 2468,  "end" : 2471 }, 
        {"sofa" : 12,  "begin" : 2472,  "end" : 2480 }, 
        {"sofa" : 12,  "begin" : 2481,  "end" : 2483 }, 
        {"sofa" : 12,  "begin" : 2484,  "end" : 2487 }, 
        {"sofa" : 12,  "begin" : 2488,  "end" : 2493 }, 
        {"sofa" : 12,  "begin" : 2493,  "end" : 2494 }, 
        {"sofa" : 12,  "begin" : 2495,  "end" : 2497 }, 
        {"sofa" : 12,  "begin" : 2498,  "end" : 2500 }, 
        {"sofa" : 12,  "begin" : 2501,  "end" : 2510 }, 
        {"sofa" : 12,  "begin" : 2511,  "end" : 2513 }, 
        {"sofa" : 12,  "begin" : 2514,  "end" : 2518 }, 
        {"sofa" : 12,  "begin" : 2519,  "end" : 2522 }, 
        {"sofa" : 12,  "begin" : 2523,  "end" : 2532 }, 
        {"sofa" : 12,  "begin" : 2533,  "end" : 2538 }, 
        {"sofa" : 12,  "begin" : 2539,  "end" : 2542 }, 
        {"sofa" : 12,  "begin" : 2542,  "end" : 2543 }, 
        {"sofa" : 12,  "begin" : 2544,  "end" : 2553 }, 
        {"sofa" : 12,  "begin" : 2553,  "end" : 2554 }, 
        {"sofa" : 12,  "begin" : 2555,  "end" : 2557 }, 
        {"sofa" : 12,  "begin" : 2558,  "end" : 2566 }, 
        {"sofa" : 12,  "begin" : 2567,  "end" : 2569 }, 
        {"sofa" : 12,  "begin" : 2570,  "end" : 2573 }, 
        {"sofa" : 12,  "begin" : 2574,  "end" : 2580 }, 
        {"sofa" : 12,  "begin" : 2581,  "end" : 2590 }, 
        {"sofa" : 12,  "begin" : 2591,  "end" : 2593 }, 
        {"sofa" : 12,  "begin" : 2594,  "end" : 2605 }, 
        {"sofa" : 12,  "begin" : 2606,  "end" : 2607 }, 
        {"sofa" : 12,  "begin" : 2607,  "end" : 2608 }, 
        {"sofa" : 12,  "begin" : 2608,  "end" : 2609 }, 
        {"sofa" : 12,  "begin" : 2610,  "end" : 2612 }, 
        {"sofa" : 12,  "begin" : 2613,  "end" : 2620 }, 
        {"sofa" : 12,  "begin" : 2621,  "end" : 2622 }, 
        {"sofa" : 12,  "begin" : 2623,  "end" : 2626 }, 
        {"sofa" : 12,  "begin" : 2627,  "end" : 2634 }, 
        {"sofa" : 12,  "begin" : 2635,  "end" : 2636 }, 
        {"sofa" : 12,  "begin" : 2637,  "end" : 2639 }, 
        {"sofa" : 12,  "begin" : 2640,  "end" : 2643 }, 
        {"sofa" : 12,  "begin" : 2644,  "end" : 2654 }, 
        {"sofa" : 12,  "begin" : 2655,  "end" : 2664 }, 
        {"sofa" : 12,  "begin" : 2665,  "end" : 2668 }, 
        {"sofa" : 12,  "begin" : 2668,  "end" : 2669 }, 
        {"sofa" : 12,  "begin" : 2670,  "end" : 2674 }, 
        {"sofa" : 12,  "begin" : 2675,  "end" : 2676 }, 
        {"sofa" : 12,  "begin" : 2676,  "end" : 2679 }, 
        {"sofa" : 12,  "begin" : 2680,  "end" : 2682 }, 
        {"sofa" : 12,  "begin" : 2683,  "end" : 2685 }, 
        {"sofa" : 12,  "begin" : 2686,  "end" : 2690 }, 
        {"sofa" : 12,  "begin" : 2690,  "end" : 2691 }, 
        {"sofa" : 12,  "begin" : 2691,  "end" : 2692 }, 
        {"sofa" : 12,  "begin" : 2693,  "end" : 2695 }, 
        {"sofa" : 12,  "begin" : 2696,  "end" : 2703 }, 
        {"sofa" : 12,  "begin" : 2704,  "end" : 2706 }, 
        {"sofa" : 12,  "begin" : 2707,  "end" : 2710 }, 
        {"sofa" : 12,  "begin" : 2711,  "end" : 2721 }, 
        {"sofa" : 12,  "begin" : 2722,  "end" : 2731 }, 
        {"sofa" : 12,  "begin" : 2732,  "end" : 2733 }, 
        {"sofa" : 12,  "begin" : 2733,  "end" : 2742 }, 
        {"sofa" : 12,  "begin" : 2742,  "end" : 2743 }, 
        {"sofa" : 12,  "begin" : 2744,  "end" : 2747 }, 
        {"sofa" : 12,  "begin" : 2747,  "end" : 2748 }, 
        {"sofa" : 12,  "begin" : 2749,  "end" : 2753 }, 
        {"sofa" : 12,  "begin" : 2754,  "end" : 2755 }, 
        {"sofa" : 12,  "begin" : 2755,  "end" : 2758 }, 
        {"sofa" : 12,  "begin" : 2759,  "end" : 2761 }, 
        {"sofa" : 12,  "begin" : 2762,  "end" : 2764 }, 
        {"sofa" : 12,  "begin" : 2765,  "end" : 2769 }, 
        {"sofa" : 12,  "begin" : 2769,  "end" : 2770 }, 
        {"sofa" : 12,  "begin" : 2770,  "end" : 2771 }, 
        {"sofa" : 12,  "begin" : 2772,  "end" : 2775 }, 
        {"sofa" : 12,  "begin" : 2776,  "end" : 2784 }, 
        {"sofa" : 12,  "begin" : 2785,  "end" : 2787 }, 
        {"sofa" : 12,  "begin" : 2788,  "end" : 2794 }, 
        {"sofa" : 12,  "begin" : 2795,  "end" : 2801 }, 
        {"sofa" : 12,  "begin" : 2802,  "end" : 2809 }, 
        {"sofa" : 12,  "begin" : 2810,  "end" : 2814 }, 
        {"sofa" : 12,  "begin" : 2815,  "end" : 2818 }, 
        {"sofa" : 12,  "begin" : 2819,  "end" : 2823 }, 
        {"sofa" : 12,  "begin" : 2824,  "end" : 2830 }, 
        {"sofa" : 12,  "begin" : 2831,  "end" : 2836 }, 
        {"sofa" : 12,  "begin" : 2837,  "end" : 2845 }, 
        {"sofa" : 12,  "begin" : 2846,  "end" : 2848 }, 
        {"sofa" : 12,  "begin" : 2849,  "end" : 2858 }, 
        {"sofa" : 12,  "begin" : 2859,  "end" : 2861 }, 
        {"sofa" : 12,  "begin" : 2862,  "end" : 2865 }, 
        {"sofa" : 12,  "begin" : 2866,  "end" : 2873 }, 
        {"sofa" : 12,  "begin" : 2874,  "end" : 2876 }, 
        {"sofa" : 12,  "begin" : 2877,  "end" : 2880 }, 
        {"sofa" : 12,  "begin" : 2881,  "end" : 2897 }, 
        {"sofa" : 12,  "begin" : 2898,  "end" : 2900 }, 
        {"sofa" : 12,  "begin" : 2901,  "end" : 2908 }, 
        {"sofa" : 12,  "begin" : 2908,  "end" : 2909 }, 
        {"sofa" : 12,  "begin" : 2910,  "end" : 2916 }, 
        {"sofa" : 12,  "begin" : 2916,  "end" : 2917 }, 
        {"sofa" : 12,  "begin" : 2918,  "end" : 2921 }, 
        {"sofa" : 12,  "begin" : 2922,  "end" : 2930 }, 
        {"sofa" : 12,  "begin" : 2931,  "end" : 2933 }, 
        {"sofa" : 12,  "begin" : 2934,  "end" : 2937 }, 
        {"sofa" : 12,  "begin" : 2938,  "end" : 2942 }, 
        {"sofa" : 12,  "begin" : 2943,  "end" : 2945 }, 
        {"sofa" : 12,  "begin" : 2946,  "end" : 2949 }, 
        {"sofa" : 12,  "begin" : 2950,  "end" : 2955 }, 
        {"sofa" : 12,  "begin" : 2956,  "end" : 2960 }, 
        {"sofa" : 12,  "begin" : 2961,  "end" : 2965 }, 
        {"sofa" : 12,  "begin" : 2966,  "end" : 2971 }, 
        {"sofa" : 12,  "begin" : 2971,  "end" : 2972 }, 
        {"sofa" : 12,  "begin" : 2973,  "end" : 2977 }, 
        {"sofa" : 12,  "begin" : 2977,  "end" : 2978 }, 
        {"sofa" : 12,  "begin" : 2979,  "end" : 2986 }, 
        {"sofa" : 12,  "begin" : 2987,  "end" : 2989 }, 
        {"sofa" : 12,  "begin" : 2990,  "end" : 2994 }, 
        {"sofa" : 12,  "begin" : 2995,  "end" : 3005 }, 
        {"sofa" : 12,  "begin" : 3006,  "end" : 3008 }, 
        {"sofa" : 12,  "begin" : 3009,  "end" : 3011 }, 
        {"sofa" : 12,  "begin" : 3012,  "end" : 3018 }, 
        {"sofa" : 12,  "begin" : 3018,  "end" : 3019 }, 
        {"sofa" : 12,  "begin" : 3020,  "end" : 3025 }, 
        {"sofa" : 12,  "begin" : 3025,  "end" : 3026 }, 
        {"sofa" : 12,  "begin" : 3027,  "end" : 3037 }, 
        {"sofa" : 12,  "begin" : 3038,  "end" : 3041 }, 
        {"sofa" : 12,  "begin" : 3042,  "end" : 3052 }, 
        {"sofa" : 12,  "begin" : 3053,  "end" : 3056 }, 
        {"sofa" : 12,  "begin" : 3057,  "end" : 3065 }, 
        {"sofa" : 12,  "begin" : 3066,  "end" : 3068 }, 
        {"sofa" : 12,  "begin" : 3069,  "end" : 3079 }, 
        {"sofa" : 12,  "begin" : 3080,  "end" : 3082 }, 
        {"sofa" : 12,  "begin" : 3083,  "end" : 3087 }, 
        {"sofa" : 12,  "begin" : 3088,  "end" : 3092 }, 
        {"sofa" : 12,  "begin" : 3093,  "end" : 3102 }, 
        {"sofa" : 12,  "begin" : 3103,  "end" : 3105 }, 
        {"sofa" : 12,  "begin" : 3106,  "end" : 3107 }, 
        {"sofa" : 12,  "begin" : 3108,  "end" : 3115 }, 
        {"sofa" : 12,  "begin" : 3116,  "end" : 3121 }, 
        {"sofa" : 12,  "begin" : 3122,  "end" : 3124 }, 
        {"sofa" : 12,  "begin" : 3125,  "end" : 3127 }, 
        {"sofa" : 12,  "begin" : 3128,  "end" : 3137 }, 
        {"sofa" : 12,  "begin" : 3138,  "end" : 3140 }, 
        {"sofa" : 12,  "begin" : 3141,  "end" : 3144 }, 
        {"sofa" : 12,  "begin" : 3145,  "end" : 3151 }, 
        {"sofa" : 12,  "begin" : 3152,  "end" : 3161 }, 
        {"sofa" : 12,  "begin" : 3162,  "end" : 3168 }, 
        {"sofa" : 12,  "begin" : 3169,  "end" : 3174 }, 
        {"sofa" : 12,  "begin" : 3174,  "end" : 3175 }, 
        {"sofa" : 12,  "begin" : 3176,  "end" : 3180 }, 
        {"sofa" : 12,  "begin" : 3180,  "end" : 3181 }, 
        {"sofa" : 12,  "begin" : 3183,  "end" : 3185 }, 
        {"sofa" : 12,  "begin" : 3186,  "end" : 3190 }, 
        {"sofa" : 12,  "begin" : 3191,  "end" : 3193 }, 
        {"sofa" : 12,  "begin" : 3194,  "end" : 3198 }, 
        {"sofa" : 12,  "begin" : 3199,  "end" : 3203 }, 
        {"sofa" : 12,  "begin" : 3204,  "end" : 3207 }, 
        {"sofa" : 12,  "begin" : 3208,  "end" : 3213 }, 
        {"sofa" : 12,  "begin" : 3214,  "end" : 3216 }, 
        {"sofa" : 12,  "begin" : 3217,  "end" : 3220 }, 
        {"sofa" : 12,  "begin" : 3221,  "end" : 3226 }, 
        {"sofa" : 12,  "begin" : 3227,  "end" : 3231 }, 
        {"sofa" : 12,  "begin" : 3232,  "end" : 3234 }, 
        {"sofa" : 12,  "begin" : 3235,  "end" : 3240 }, 
        {"sofa" : 12,  "begin" : 3241,  "end" : 3245 }, 
        {"sofa" : 12,  "begin" : 3246,  "end" : 3248 }, 
        {"sofa" : 12,  "begin" : 3249,  "end" : 3252 }, 
        {"sofa" : 12,  "begin" : 3253,  "end" : 3261 }, 
        {"sofa" : 12,  "begin" : 3262,  "end" : 3264 }, 
        {"sofa" : 12,  "begin" : 3265,  "end" : 3272 }, 
        {"sofa" : 12,  "begin" : 3273,  "end" : 3275 }, 
        {"sofa" : 12,  "begin" : 3276,  "end" : 3277 }, 
        {"sofa" : 12,  "begin" : 3278,  "end" : 3283 }, 
        {"sofa" : 12,  "begin" : 3284,  "end" : 3289 }, 
        {"sofa" : 12,  "begin" : 3290,  "end" : 3293 }, 
        {"sofa" : 12,  "begin" : 3294,  "end" : 3297 }, 
        {"sofa" : 12,  "begin" : 3298,  "end" : 3307 }, 
        {"sofa" : 12,  "begin" : 3308,  "end" : 3310 }, 
        {"sofa" : 12,  "begin" : 3311,  "end" : 3314 }, 
        {"sofa" : 12,  "begin" : 3315,  "end" : 3325 }, 
        {"sofa" : 12,  "begin" : 3326,  "end" : 3329 }, 
        {"sofa" : 12,  "begin" : 3330,  "end" : 3334 }, 
        {"sofa" : 12,  "begin" : 3335,  "end" : 3339 }, 
        {"sofa" : 12,  "begin" : 3340,  "end" : 3342 }, 
        {"sofa" : 12,  "begin" : 3343,  "end" : 3355 }, 
        {"sofa" : 12,  "begin" : 3356,  "end" : 3358 }, 
        {"sofa" : 12,  "begin" : 3359,  "end" : 3362 }, 
        {"sofa" : 12,  "begin" : 3363,  "end" : 3367 }, 
        {"sofa" : 12,  "begin" : 3368,  "end" : 3372 }, 
        {"sofa" : 12,  "begin" : 3373,  "end" : 3376 }, 
        {"sofa" : 12,  "begin" : 3377,  "end" : 3382 }, 
        {"sofa" : 12,  "begin" : 3383,  "end" : 3386 }, 
        {"sofa" : 12,  "begin" : 3387,  "end" : 3395 }, 
        {"sofa" : 12,  "begin" : 3396,  "end" : 3398 }, 
        {"sofa" : 12,  "begin" : 3399,  "end" : 3402 }, 
        {"sofa" : 12,  "begin" : 3403,  "end" : 3410 }, 
        {"sofa" : 12,  "begin" : 3411,  "end" : 3413 }, 
        {"sofa" : 12,  "begin" : 3414,  "end" : 3415 }, 
        {"sofa" : 12,  "begin" : 3416,  "end" : 3421 }, 
        {"sofa" : 12,  "begin" : 3422,  "end" : 3425 }, 
        {"sofa" : 12,  "begin" : 3426,  "end" : 3428 }, 
        {"sofa" : 12,  "begin" : 3429,  "end" : 3436 }, 
        {"sofa" : 12,  "begin" : 3437,  "end" : 3439 }, 
        {"sofa" : 12,  "begin" : 3440,  "end" : 3443 }, 
        {"sofa" : 12,  "begin" : 3444,  "end" : 3454 }, 
        {"sofa" : 12,  "begin" : 3455,  "end" : 3457 }, 
        {"sofa" : 12,  "begin" : 3458,  "end" : 3466 }, 
        {"sofa" : 12,  "begin" : 3467,  "end" : 3469 }, 
        {"sofa" : 12,  "begin" : 3470,  "end" : 3473 }, 
        {"sofa" : 12,  "begin" : 3473,  "end" : 3474 }, 
        {"sofa" : 12,  "begin" : 3475,  "end" : 3479 }, 
        {"sofa" : 12,  "begin" : 3480,  "end" : 3481 }, 
        {"sofa" : 12,  "begin" : 3482,  "end" : 3484 }, 
        {"sofa" : 12,  "begin" : 3485,  "end" : 3488 }, 
        {"sofa" : 12,  "begin" : 3489,  "end" : 3492 }, 
        {"sofa" : 12,  "begin" : 3493,  "end" : 3494 }, 
        {"sofa" : 12,  "begin" : 3495,  "end" : 3505 }, 
        {"sofa" : 12,  "begin" : 3506,  "end" : 3511 }, 
        {"sofa" : 12,  "begin" : 3512,  "end" : 3517 }, 
        {"sofa" : 12,  "begin" : 3518,  "end" : 3520 }, 
        {"sofa" : 12,  "begin" : 3521,  "end" : 3527 }, 
        {"sofa" : 12,  "begin" : 3528,  "end" : 3533 }, 
        {"sofa" : 12,  "begin" : 3533,  "end" : 3534 }, 
        {"sofa" : 12,  "begin" : 3535,  "end" : 3541 }, 
        {"sofa" : 12,  "begin" : 3542,  "end" : 3544 }, 
        {"sofa" : 12,  "begin" : 3545,  "end" : 3547 }, 
        {"sofa" : 12,  "begin" : 3548,  "end" : 3553 }, 
        {"sofa" : 12,  "begin" : 3554,  "end" : 3559 }, 
        {"sofa" : 12,  "begin" : 3560,  "end" : 3562 }, 
        {"sofa" : 12,  "begin" : 3563,  "end" : 3572 }, 
        {"sofa" : 12,  "begin" : 3573,  "end" : 3576 }, 
        {"sofa" : 12,  "begin" : 3577,  "end" : 3585 }, 
        {"sofa" : 12,  "begin" : 3585,  "end" : 3586 }, 
        {"sofa" : 12,  "begin" : 3587,  "end" : 3593 }, 
        {"sofa" : 12,  "begin" : 3593,  "end" : 3594 }, 
        {"sofa" : 12,  "begin" : 3595,  "end" : 3597 }, 
        {"sofa" : 12,  "begin" : 3598,  "end" : 3601 }, 
        {"sofa" : 12,  "begin" : 3602,  "end" : 3611 }, 
        {"sofa" : 12,  "begin" : 3612,  "end" : 3614 }, 
        {"sofa" : 12,  "begin" : 3615,  "end" : 3621 }, 
        {"sofa" : 12,  "begin" : 3622,  "end" : 3624 }, 
        {"sofa" : 12,  "begin" : 3625,  "end" : 3628 }, 
        {"sofa" : 12,  "begin" : 3629,  "end" : 3639 }, 
        {"sofa" : 12,  "begin" : 3640,  "end" : 3644 }, 
        {"sofa" : 12,  "begin" : 3645,  "end" : 3648 }, 
        {"sofa" : 12,  "begin" : 3649,  "end" : 3653 }, 
        {"sofa" : 12,  "begin" : 3654,  "end" : 3659 }, 
        {"sofa" : 12,  "begin" : 3660,  "end" : 3668 }, 
        {"sofa" : 12,  "begin" : 3669,  "end" : 3671 }, 
        {"sofa" : 12,  "begin" : 3672,  "end" : 3679 }, 
        {"sofa" : 12,  "begin" : 3680,  "end" : 3682 }, 
        {"sofa" : 12,  "begin" : 3683,  "end" : 3688 }, 
        {"sofa" : 12,  "begin" : 3689,  "end" : 3696 }, 
        {"sofa" : 12,  "begin" : 3697,  "end" : 3701 }, 
        {"sofa" : 12,  "begin" : 3702,  "end" : 3706 }, 
        {"sofa" : 12,  "begin" : 3707,  "end" : 3711 }, 
        {"sofa" : 12,  "begin" : 3712,  "end" : 3718 }, 
        {"sofa" : 12,  "begin" : 3719,  "end" : 3722 }, 
        {"sofa" : 12,  "begin" : 3723,  "end" : 3727 }, 
        {"sofa" : 12,  "begin" : 3728,  "end" : 3733 }, 
        {"sofa" : 12,  "begin" : 3734,  "end" : 3737 }, 
        {"sofa" : 12,  "begin" : 3738,  "end" : 3741 }, 
        {"sofa" : 12,  "begin" : 3742,  "end" : 3749 }, 
        {"sofa" : 12,  "begin" : 3750,  "end" : 3752 }, 
        {"sofa" : 12,  "begin" : 3753,  "end" : 3756 }, 
        {"sofa" : 12,  "begin" : 3757,  "end" : 3765 }, 
        {"sofa" : 12,  "begin" : 3766,  "end" : 3768 }, 
        {"sofa" : 12,  "begin" : 3769,  "end" : 3773 }, 
        {"sofa" : 12,  "begin" : 3774,  "end" : 3779 }, 
        {"sofa" : 12,  "begin" : 3780,  "end" : 3783 }, 
        {"sofa" : 12,  "begin" : 3784,  "end" : 3785 }, 
        {"sofa" : 12,  "begin" : 3786,  "end" : 3796 }, 
        {"sofa" : 12,  "begin" : 3797,  "end" : 3801 }, 
        {"sofa" : 12,  "begin" : 3802,  "end" : 3804 }, 
        {"sofa" : 12,  "begin" : 3805,  "end" : 3808 }, 
        {"sofa" : 12,  "begin" : 3809,  "end" : 3819 }, 
        {"sofa" : 12,  "begin" : 3820,  "end" : 3822 }, 
        {"sofa" : 12,  "begin" : 3823,  "end" : 3826 }, 
        {"sofa" : 12,  "begin" : 3826,  "end" : 3827 }, 
        {"sofa" : 12,  "begin" : 3828,  "end" : 3835 }, 
        {"sofa" : 12,  "begin" : 3836,  "end" : 3839 }, 
        {"sofa" : 12,  "begin" : 3840,  "end" : 3850 }, 
        {"sofa" : 12,  "begin" : 3851,  "end" : 3857 }, 
        {"sofa" : 12,  "begin" : 3858,  "end" : 3860 }, 
        {"sofa" : 12,  "begin" : 3861,  "end" : 3864 }, 
        {"sofa" : 12,  "begin" : 3865,  "end" : 3875 }, 
        {"sofa" : 12,  "begin" : 3876,  "end" : 3878 }, 
        {"sofa" : 12,  "begin" : 3879,  "end" : 3882 }, 
        {"sofa" : 12,  "begin" : 3883,  "end" : 3891 }, 
        {"sofa" : 12,  "begin" : 3892,  "end" : 3894 }, 
        {"sofa" : 12,  "begin" : 3895,  "end" : 3898 }, 
        {"sofa" : 12,  "begin" : 3899,  "end" : 3906 }, 
        {"sofa" : 12,  "begin" : 3907,  "end" : 3912 }, 
        {"sofa" : 12,  "begin" : 3913,  "end" : 3915 }, 
        {"sofa" : 12,  "begin" : 3916,  "end" : 3919 }, 
        {"sofa" : 12,  "begin" : 3920,  "end" : 3925 }, 
        {"sofa" : 12,  "begin" : 3925,  "end" : 3926 }, 
        {"sofa" : 12,  "begin" : 3927,  "end" : 3931 }, 
        {"sofa" : 12,  "begin" : 3931,  "end" : 3932 }, 
        {"sofa" : 12,  "begin" : 3933,  "end" : 3936 }, 
        {"sofa" : 12,  "begin" : 3937,  "end" : 3941 }, 
        {"sofa" : 12,  "begin" : 3942,  "end" : 3948 }, 
        {"sofa" : 12,  "begin" : 3949,  "end" : 3952 }, 
        {"sofa" : 12,  "begin" : 3953,  "end" : 3963 }, 
        {"sofa" : 12,  "begin" : 3964,  "end" : 3975 }, 
        {"sofa" : 12,  "begin" : 3975,  "end" : 3976 }, 
        {"sofa" : 12,  "begin" : 3978,  "end" : 3985 }, 
        {"sofa" : 12,  "begin" : 3986,  "end" : 3990 }, 
        {"sofa" : 12,  "begin" : 3991,  "end" : 3994 }, 
        {"sofa" : 12,  "begin" : 3995,  "end" : 3997 }, 
        {"sofa" : 12,  "begin" : 3997,  "end" : 3998 }, 
        {"sofa" : 12,  "begin" : 3999,  "end" : 4001 }, 
        {"sofa" : 12,  "begin" : 4002,  "end" : 4005 }, 
        {"sofa" : 12,  "begin" : 4006,  "end" : 4013 }, 
        {"sofa" : 12,  "begin" : 4014,  "end" : 4016 }, 
        {"sofa" : 12,  "begin" : 4017,  "end" : 4024 }, 
        {"sofa" : 12,  "begin" : 4025,  "end" : 4029 }, 
        {"sofa" : 12,  "begin" : 4030,  "end" : 4033 }, 
        {"sofa" : 12,  "begin" : 4034,  "end" : 4039 }, 
        {"sofa" : 12,  "begin" : 4040,  "end" : 4045 }, 
        {"sofa" : 12,  "begin" : 4046,  "end" : 4050 }, 
        {"sofa" : 12,  "begin" : 4051,  "end" : 4055 }, 
        {"sofa" : 12,  "begin" : 4055,  "end" : 4056 }, 
        {"sofa" : 12,  "begin" : 4057,  "end" : 4061 }, 
        {"sofa" : 12,  "begin" : 4061,  "end" : 4062 }, 
        {"sofa" : 12,  "begin" : 4063,  "end" : 4067 }, 
        {"sofa" : 12,  "begin" : 4068,  "end" : 4070 }, 
        {"sofa" : 12,  "begin" : 4071,  "end" : 4079 }, 
        {"sofa" : 12,  "begin" : 4080,  "end" : 4082 }, 
        {"sofa" : 12,  "begin" : 4083,  "end" : 4084 }, 
        {"sofa" : 12,  "begin" : 4085,  "end" : 4090 }, 
        {"sofa" : 12,  "begin" : 4091,  "end" : 4096 }, 
        {"sofa" : 12,  "begin" : 4097,  "end" : 4101 }, 
        {"sofa" : 12,  "begin" : 4102,  "end" : 4105 }, 
        {"sofa" : 12,  "begin" : 4106,  "end" : 4109 }, 
        {"sofa" : 12,  "begin" : 4110,  "end" : 4121 }, 
        {"sofa" : 12,  "begin" : 4122,  "end" : 4131 }, 
        {"sofa" : 12,  "begin" : 4132,  "end" : 4134 }, 
        {"sofa" : 12,  "begin" : 4135,  "end" : 4146 }, 
        {"sofa" : 12,  "begin" : 4147,  "end" : 4149 }, 
        {"sofa" : 12,  "begin" : 4150,  "end" : 4153 }, 
        {"sofa" : 12,  "begin" : 4154,  "end" : 4161 }, 
        {"sofa" : 12,  "begin" : 4162,  "end" : 4167 }, 
        {"sofa" : 12,  "begin" : 4168,  "end" : 4171 }, 
        {"sofa" : 12,  "begin" : 4172,  "end" : 4175 }, 
        {"sofa" : 12,  "begin" : 4176,  "end" : 4180 }, 
        {"sofa" : 12,  "begin" : 4180,  "end" : 4181 }, 
        {"sofa" : 12,  "begin" : 4182,  "end" : 4186 }, 
        {"sofa" : 12,  "begin" : 4187,  "end" : 4189 }, 
        {"sofa" : 12,  "begin" : 4190,  "end" : 4197 }, 
        {"sofa" : 12,  "begin" : 4198,  "end" : 4200 }, 
        {"sofa" : 12,  "begin" : 4201,  "end" : 4204 }, 
        {"sofa" : 12,  "begin" : 4205,  "end" : 4212 }, 
        {"sofa" : 12,  "begin" : 4213,  "end" : 4215 }, 
        {"sofa" : 12,  "begin" : 4216,  "end" : 4220 }, 
        {"sofa" : 12,  "begin" : 4221,  "end" : 4223 }, 
        {"sofa" : 12,  "begin" : 4224,  "end" : 4236 }, 
        {"sofa" : 12,  "begin" : 4237,  "end" : 4245 }, 
        {"sofa" : 12,  "begin" : 4246,  "end" : 4250 }, 
        {"sofa" : 12,  "begin" : 4251,  "end" : 4254 }, 
        {"sofa" : 12,  "begin" : 4255,  "end" : 4265 }, 
        {"sofa" : 12,  "begin" : 4266,  "end" : 4268 }, 
        {"sofa" : 12,  "begin" : 4269,  "end" : 4277 }, 
        {"sofa" : 12,  "begin" : 4278,  "end" : 4282 }, 
        {"sofa" : 12,  "begin" : 4283,  "end" : 4287 }, 
        {"sofa" : 12,  "begin" : 4288,  "end" : 4293 }, 
        {"sofa" : 12,  "begin" : 4293,  "end" : 4294 }, 
        {"sofa" : 12,  "begin" : 4295,  "end" : 4299 }, 
        {"sofa" : 12,  "begin" : 4299,  "end" : 4300 }, 
        {"sofa" : 12,  "begin" : 4301,  "end" : 4306 }, 
        {"sofa" : 12,  "begin" : 4307,  "end" : 4310 }, 
        {"sofa" : 12,  "begin" : 4311,  "end" : 4314 }, 
        {"sofa" : 12,  "begin" : 4315,  "end" : 4319 }, 
        {"sofa" : 12,  "begin" : 4320,  "end" : 4322 }, 
        {"sofa" : 12,  "begin" : 4323,  "end" : 4326 }, 
        {"sofa" : 12,  "begin" : 4327,  "end" : 4333 }, 
        {"sofa" : 12,  "begin" : 4334,  "end" : 4336 }, 
        {"sofa" : 12,  "begin" : 4337,  "end" : 4340 }, 
        {"sofa" : 12,  "begin" : 4341,  "end" : 4344 }, 
        {"sofa" : 12,  "begin" : 4344,  "end" : 4345 }, 
        {"sofa" : 12,  "begin" : 4346,  "end" : 4354 }, 
        {"sofa" : 12,  "begin" : 4355,  "end" : 4360 }, 
        {"sofa" : 12,  "begin" : 4361,  "end" : 4363 }, 
        {"sofa" : 12,  "begin" : 4364,  "end" : 4367 }, 
        {"sofa" : 12,  "begin" : 4368,  "end" : 4376 }, 
        {"sofa" : 12,  "begin" : 4377,  "end" : 4382 }, 
        {"sofa" : 12,  "begin" : 4383,  "end" : 4386 }, 
        {"sofa" : 12,  "begin" : 4387,  "end" : 4390 }, 
        {"sofa" : 12,  "begin" : 4391,  "end" : 4397 }, 
        {"sofa" : 12,  "begin" : 4398,  "end" : 4401 }, 
        {"sofa" : 12,  "begin" : 4402,  "end" : 4411 }, 
        {"sofa" : 12,  "begin" : 4412,  "end" : 4414 }, 
        {"sofa" : 12,  "begin" : 4415,  "end" : 4423 }, 
        {"sofa" : 12,  "begin" : 4423,  "end" : 4424 }, 
        {"sofa" : 12,  "begin" : 4425,  "end" : 4429 }, 
        {"sofa" : 12,  "begin" : 4429,  "end" : 4430 }, 
        {"sofa" : 12,  "begin" : 4431,  "end" : 4433 }, 
        {"sofa" : 12,  "begin" : 4434,  "end" : 4436 }, 
        {"sofa" : 12,  "begin" : 4437,  "end" : 4442 }, 
        {"sofa" : 12,  "begin" : 4443,  "end" : 4447 }, 
        {"sofa" : 12,  "begin" : 4448,  "end" : 4451 }, 
        {"sofa" : 12,  "begin" : 4452,  "end" : 4455 }, 
        {"sofa" : 12,  "begin" : 4456,  "end" : 4458 }, 
        {"sofa" : 12,  "begin" : 4459,  "end" : 4466 }, 
        {"sofa" : 12,  "begin" : 4467,  "end" : 4475 }, 
        {"sofa" : 12,  "begin" : 4476,  "end" : 4480 }, 
        {"sofa" : 12,  "begin" : 4481,  "end" : 4491 }, 
        {"sofa" : 12,  "begin" : 4492,  "end" : 4494 }, 
        {"sofa" : 12,  "begin" : 4495,  "end" : 4504 }, 
        {"sofa" : 12,  "begin" : 4505,  "end" : 4511 }, 
        {"sofa" : 12,  "begin" : 4512,  "end" : 4514 }, 
        {"sofa" : 12,  "begin" : 4515,  "end" : 4521 }, 
        {"sofa" : 12,  "begin" : 4522,  "end" : 4528 }, 
        {"sofa" : 12,  "begin" : 4529,  "end" : 4531 }, 
        {"sofa" : 12,  "begin" : 4532,  "end" : 4540 }, 
        {"sofa" : 12,  "begin" : 4541,  "end" : 4546 }, 
        {"sofa" : 12,  "begin" : 4547,  "end" : 4558 }, 
        {"sofa" : 12,  "begin" : 4559,  "end" : 4564 }, 
        {"sofa" : 12,  "begin" : 4565,  "end" : 4568 }, 
        {"sofa" : 12,  "begin" : 4569,  "end" : 4572 }, 
        {"sofa" : 12,  "begin" : 4573,  "end" : 4574 }, 
        {"sofa" : 12,  "begin" : 4574,  "end" : 4581 }, 
        {"sofa" : 12,  "begin" : 4582,  "end" : 4583 }, 
        {"sofa" : 12,  "begin" : 4583,  "end" : 4584 }, 
        {"sofa" : 12,  "begin" : 4585,  "end" : 4588 }, 
        {"sofa" : 12,  "begin" : 4589,  "end" : 4597 }, 
        {"sofa" : 12,  "begin" : 4598,  "end" : 4602 }, 
        {"sofa" : 12,  "begin" : 4603,  "end" : 4605 }, 
        {"sofa" : 12,  "begin" : 4606,  "end" : 4609 }, 
        {"sofa" : 12,  "begin" : 4610,  "end" : 4615 }, 
        {"sofa" : 12,  "begin" : 4616,  "end" : 4623 }, 
        {"sofa" : 12,  "begin" : 4624,  "end" : 4628 }, 
        {"sofa" : 12,  "begin" : 4629,  "end" : 4634 }, 
        {"sofa" : 12,  "begin" : 4635,  "end" : 4637 }, 
        {"sofa" : 12,  "begin" : 4638,  "end" : 4648 }, 
        {"sofa" : 12,  "begin" : 4649,  "end" : 4654 }, 
        {"sofa" : 12,  "begin" : 4655,  "end" : 4658 }, 
        {"sofa" : 12,  "begin" : 4659,  "end" : 4662 }, 
        {"sofa" : 12,  "begin" : 4663,  "end" : 4672 }, 
        {"sofa" : 12,  "begin" : 4673,  "end" : 4676 }, 
        {"sofa" : 12,  "begin" : 4677,  "end" : 4688 }, 
        {"sofa" : 12,  "begin" : 4689,  "end" : 4699 }, 
        {"sofa" : 12,  "begin" : 4700,  "end" : 4703 }, 
        {"sofa" : 12,  "begin" : 4704,  "end" : 4711 }, 
        {"sofa" : 12,  "begin" : 4712,  "end" : 4715 }, 
        {"sofa" : 12,  "begin" : 4716,  "end" : 4725 }, 
        {"sofa" : 12,  "begin" : 4726,  "end" : 4731 }, 
        {"sofa" : 12,  "begin" : 4732,  "end" : 4735 }, 
        {"sofa" : 12,  "begin" : 4736,  "end" : 4744 }, 
        {"sofa" : 12,  "begin" : 4745,  "end" : 4748 }, 
        {"sofa" : 12,  "begin" : 4749,  "end" : 4758 }, 
        {"sofa" : 12,  "begin" : 4759,  "end" : 4761 }, 
        {"sofa" : 12,  "begin" : 4762,  "end" : 4765 }, 
        {"sofa" : 12,  "begin" : 4766,  "end" : 4772 }, 
        {"sofa" : 12,  "begin" : 4773,  "end" : 4782 }, 
        {"sofa" : 12,  "begin" : 4783,  "end" : 4786 }, 
        {"sofa" : 12,  "begin" : 4787,  "end" : 4791 }, 
        {"sofa" : 12,  "begin" : 4792,  "end" : 4798 }, 
        {"sofa" : 12,  "begin" : 4799,  "end" : 4801 }, 
        {"sofa" : 12,  "begin" : 4802,  "end" : 4804 }, 
        {"sofa" : 12,  "begin" : 4805,  "end" : 4811 }, 
        {"sofa" : 12,  "begin" : 4812,  "end" : 4815 }, 
        {"sofa" : 12,  "begin" : 4816,  "end" : 4817 }, 
        {"sofa" : 12,  "begin" : 4817,  "end" : 4824 }, 
        {"sofa" : 12,  "begin" : 4825,  "end" : 4827 }, 
        {"sofa" : 12,  "begin" : 4827,  "end" : 4828 }, 
        {"sofa" : 12,  "begin" : 4828,  "end" : 4829 }, 
        {"sofa" : 12,  "begin" : 4831,  "end" : 4833 }, 
        {"sofa" : 12,  "begin" : 4834,  "end" : 4836 }, 
        {"sofa" : 12,  "begin" : 4836,  "end" : 4837 }, 
        {"sofa" : 12,  "begin" : 4838,  "end" : 4847 }, 
        {"sofa" : 12,  "begin" : 4847,  "end" : 4848 }, 
        {"sofa" : 12,  "begin" : 4849,  "end" : 4854 }, 
        {"sofa" : 12,  "begin" : 4855,  "end" : 4859 }, 
        {"sofa" : 12,  "begin" : 4860,  "end" : 4862 }, 
        {"sofa" : 12,  "begin" : 4863,  "end" : 4865 }, 
        {"sofa" : 12,  "begin" : 4866,  "end" : 4870 }, 
        {"sofa" : 12,  "begin" : 4871,  "end" : 4876 }, 
        {"sofa" : 12,  "begin" : 4877,  "end" : 4880 }, 
        {"sofa" : 12,  "begin" : 4881,  "end" : 4889 }, 
        {"sofa" : 12,  "begin" : 4890,  "end" : 4895 }, 
        {"sofa" : 12,  "begin" : 4895,  "end" : 4896 }, 
        {"sofa" : 12,  "begin" : 4897,  "end" : 4899 }, 
        {"sofa" : 12,  "begin" : 4900,  "end" : 4905 }, 
        {"sofa" : 12,  "begin" : 4906,  "end" : 4909 }, 
        {"sofa" : 12,  "begin" : 4910,  "end" : 4914 }, 
        {"sofa" : 12,  "begin" : 4915,  "end" : 4918 }, 
        {"sofa" : 12,  "begin" : 4919,  "end" : 4923 }, 
        {"sofa" : 12,  "begin" : 4924,  "end" : 4932 }, 
        {"sofa" : 12,  "begin" : 4932,  "end" : 4933 }, 
        {"sofa" : 12,  "begin" : 4934,  "end" : 4941 }, 
        {"sofa" : 12,  "begin" : 4942,  "end" : 4946 }, 
        {"sofa" : 12,  "begin" : 4947,  "end" : 4950 }, 
        {"sofa" : 12,  "begin" : 4951,  "end" : 4960 }, 
        {"sofa" : 12,  "begin" : 4961,  "end" : 4963 }, 
        {"sofa" : 12,  "begin" : 4964,  "end" : 4973 }, 
        {"sofa" : 12,  "begin" : 4973,  "end" : 4974 }, 
        {"sofa" : 12,  "begin" : 4975,  "end" : 4978 }, 
        {"sofa" : 12,  "begin" : 4979,  "end" : 4989 }, 
        {"sofa" : 12,  "begin" : 4990,  "end" : 4996 }, 
        {"sofa" : 12,  "begin" : 4997,  "end" : 5006 }, 
        {"sofa" : 12,  "begin" : 5007,  "end" : 5011 }, 
        {"sofa" : 12,  "begin" : 5012,  "end" : 5015 }, 
        {"sofa" : 12,  "begin" : 5016,  "end" : 5022 }, 
        {"sofa" : 12,  "begin" : 5023,  "end" : 5025 }, 
        {"sofa" : 12,  "begin" : 5026,  "end" : 5031 }, 
        {"sofa" : 12,  "begin" : 5031,  "end" : 5032 }, 
        {"sofa" : 12,  "begin" : 5033,  "end" : 5037 }, 
        {"sofa" : 12,  "begin" : 5038,  "end" : 5044 }, 
        {"sofa" : 12,  "begin" : 5045,  "end" : 5047 }, 
        {"sofa" : 12,  "begin" : 5048,  "end" : 5051 }, 
        {"sofa" : 12,  "begin" : 5052,  "end" : 5055 }, 
        {"sofa" : 12,  "begin" : 5056,  "end" : 5062 }, 
        {"sofa" : 12,  "begin" : 5062,  "end" : 5063 }, 
        {"sofa" : 12,  "begin" : 5064,  "end" : 5067 }, 
        {"sofa" : 12,  "begin" : 5068,  "end" : 5074 }, 
        {"sofa" : 12,  "begin" : 5075,  "end" : 5077 }, 
        {"sofa" : 12,  "begin" : 5078,  "end" : 5081 }, 
        {"sofa" : 12,  "begin" : 5082,  "end" : 5088 }, 
        {"sofa" : 12,  "begin" : 5089,  "end" : 5091 }, 
        {"sofa" : 12,  "begin" : 5092,  "end" : 5101 }, 
        {"sofa" : 12,  "begin" : 5102,  "end" : 5104 }, 
        {"sofa" : 12,  "begin" : 5105,  "end" : 5108 }, 
        {"sofa" : 12,  "begin" : 5109,  "end" : 5116 }, 
        {"sofa" : 12,  "begin" : 5117,  "end" : 5122 }, 
        {"sofa" : 12,  "begin" : 5123,  "end" : 5129 }, 
        {"sofa" : 12,  "begin" : 5130,  "end" : 5132 }, 
        {"sofa" : 12,  "begin" : 5133,  "end" : 5136 }, 
        {"sofa" : 12,  "begin" : 5137,  "end" : 5144 }, 
        {"sofa" : 12,  "begin" : 5145,  "end" : 5149 }, 
        {"sofa" : 12,  "begin" : 5150,  "end" : 5153 }, 
        {"sofa" : 12,  "begin" : 5153,  "end" : 5154 }, 
        {"sofa" : 12,  "begin" : 5155,  "end" : 5164 }, 
        {"sofa" : 12,  "begin" : 5164,  "end" : 5165 }, 
        {"sofa" : 12,  "begin" : 5166,  "end" : 5174 }, 
        {"sofa" : 12,  "begin" : 5175,  "end" : 5177 }, 
        {"sofa" : 12,  "begin" : 5178,  "end" : 5181 }, 
        {"sofa" : 12,  "begin" : 5182,  "end" : 5188 }, 
        {"sofa" : 12,  "begin" : 5189,  "end" : 5191 }, 
        {"sofa" : 12,  "begin" : 5192,  "end" : 5195 }, 
        {"sofa" : 12,  "begin" : 5196,  "end" : 5199 }, 
        {"sofa" : 12,  "begin" : 5200,  "end" : 5203 }, 
        {"sofa" : 12,  "begin" : 5204,  "end" : 5210 }, 
        {"sofa" : 12,  "begin" : 5211,  "end" : 5213 }, 
        {"sofa" : 12,  "begin" : 5214,  "end" : 5223 }, 
        {"sofa" : 12,  "begin" : 5223,  "end" : 5224 }, 
        {"sofa" : 12,  "begin" : 5225,  "end" : 5228 }, 
        {"sofa" : 12,  "begin" : 5229,  "end" : 5236 }, 
        {"sofa" : 12,  "begin" : 5237,  "end" : 5253 }, 
        {"sofa" : 12,  "begin" : 5253,  "end" : 5254 }, 
        {"sofa" : 12,  "begin" : 5255,  "end" : 5262 }, 
        {"sofa" : 12,  "begin" : 5262,  "end" : 5263 }, 
        {"sofa" : 12,  "begin" : 5264,  "end" : 5269 }, 
        {"sofa" : 12,  "begin" : 5270,  "end" : 5274 }, 
        {"sofa" : 12,  "begin" : 5275,  "end" : 5277 }, 
        {"sofa" : 12,  "begin" : 5278,  "end" : 5282 }, 
        {"sofa" : 12,  "begin" : 5283,  "end" : 5285 }, 
        {"sofa" : 12,  "begin" : 5286,  "end" : 5289 }, 
        {"sofa" : 12,  "begin" : 5290,  "end" : 5299 }, 
        {"sofa" : 12,  "begin" : 5300,  "end" : 5302 }, 
        {"sofa" : 12,  "begin" : 5303,  "end" : 5310 }, 
        {"sofa" : 12,  "begin" : 5311,  "end" : 5313 }, 
        {"sofa" : 12,  "begin" : 5314,  "end" : 5315 }, 
        {"sofa" : 12,  "begin" : 5315,  "end" : 5316 }, 
        {"sofa" : 12,  "begin" : 5316,  "end" : 5317 }, 
        {"sofa" : 12,  "begin" : 5318,  "end" : 5322 }, 
        {"sofa" : 12,  "begin" : 5323,  "end" : 5325 }, 
        {"sofa" : 12,  "begin" : 5326,  "end" : 5329 }, 
        {"sofa" : 12,  "begin" : 5330,  "end" : 5338 }, 
        {"sofa" : 12,  "begin" : 5339,  "end" : 5344 }, 
        {"sofa" : 12,  "begin" : 5345,  "end" : 5352 }, 
        {"sofa" : 12,  "begin" : 5353,  "end" : 5357 }, 
        {"sofa" : 12,  "begin" : 5358,  "end" : 5363 }, 
        {"sofa" : 12,  "begin" : 5364,  "end" : 5366 }, 
        {"sofa" : 12,  "begin" : 5367,  "end" : 5369 }, 
        {"sofa" : 12,  "begin" : 5370,  "end" : 5380 }, 
        {"sofa" : 12,  "begin" : 5381,  "end" : 5386 }, 
        {"sofa" : 12,  "begin" : 5387,  "end" : 5390 }, 
        {"sofa" : 12,  "begin" : 5391,  "end" : 5394 }, 
        {"sofa" : 12,  "begin" : 5395,  "end" : 5404 }, 
        {"sofa" : 12,  "begin" : 5404,  "end" : 5405 }, 
        {"sofa" : 12,  "begin" : 5406,  "end" : 5409 }, 
        {"sofa" : 12,  "begin" : 5410,  "end" : 5416 }, 
        {"sofa" : 12,  "begin" : 5417,  "end" : 5426 }, 
        {"sofa" : 12,  "begin" : 5427,  "end" : 5432 }, 
        {"sofa" : 12,  "begin" : 5433,  "end" : 5435 }, 
        {"sofa" : 12,  "begin" : 5436,  "end" : 5444 }, 
        {"sofa" : 12,  "begin" : 5445,  "end" : 5450 }, 
        {"sofa" : 12,  "begin" : 5450,  "end" : 5451 }, 
        {"sofa" : 12,  "begin" : 5452,  "end" : 5456 }, 
        {"sofa" : 12,  "begin" : 5456,  "end" : 5457 }, 
        {"sofa" : 12,  "begin" : 5458,  "end" : 5461 }, 
        {"sofa" : 12,  "begin" : 5462,  "end" : 5471 }, 
        {"sofa" : 12,  "begin" : 5472,  "end" : 5474 }, 
        {"sofa" : 12,  "begin" : 5475,  "end" : 5478 }, 
        {"sofa" : 12,  "begin" : 5479,  "end" : 5484 }, 
        {"sofa" : 12,  "begin" : 5485,  "end" : 5490 }, 
        {"sofa" : 12,  "begin" : 5491,  "end" : 5495 }, 
        {"sofa" : 12,  "begin" : 5496,  "end" : 5500 }, 
        {"sofa" : 12,  "begin" : 5500,  "end" : 5501 }, 
        {"sofa" : 12,  "begin" : 5502,  "end" : 5506 }, 
        {"sofa" : 12,  "begin" : 5506,  "end" : 5507 }, 
        {"sofa" : 12,  "begin" : 5508,  "end" : 5512 }, 
        {"sofa" : 12,  "begin" : 5513,  "end" : 5516 }, 
        {"sofa" : 12,  "begin" : 5517,  "end" : 5527 }, 
        {"sofa" : 12,  "begin" : 5528,  "end" : 5534 }, 
        {"sofa" : 12,  "begin" : 5535,  "end" : 5537 }, 
        {"sofa" : 12,  "begin" : 5538,  "end" : 5546 }, 
        {"sofa" : 12,  "begin" : 5547,  "end" : 5551 }, 
        {"sofa" : 12,  "begin" : 5552,  "end" : 5556 }, 
        {"sofa" : 12,  "begin" : 5557,  "end" : 5562 }, 
        {"sofa" : 12,  "begin" : 5562,  "end" : 5563 }, 
        {"sofa" : 12,  "begin" : 5564,  "end" : 5568 }, 
        {"sofa" : 12,  "begin" : 5568,  "end" : 5569 }, 
        {"sofa" : 12,  "begin" : 5570,  "end" : 5575 }, 
        {"sofa" : 12,  "begin" : 5576,  "end" : 5578 }, 
        {"sofa" : 12,  "begin" : 5579,  "end" : 5586 }, 
        {"sofa" : 12,  "begin" : 5587,  "end" : 5589 }, 
        {"sofa" : 12,  "begin" : 5590,  "end" : 5594 }, 
        {"sofa" : 12,  "begin" : 5595,  "end" : 5605 }, 
        {"sofa" : 12,  "begin" : 5605,  "end" : 5606 }, 
        {"sofa" : 12,  "begin" : 5607,  "end" : 5615 }, 
        {"sofa" : 12,  "begin" : 5616,  "end" : 5617 }, 
        {"sofa" : 12,  "begin" : 5617,  "end" : 5618 } ], 
      "ACCEPTED" : [
        {"sofa" : 12,  "begin" : 5607,  "end" : 5615 } ], 
      "RANK1" : [
        {"sofa" : 12,  "begin" : 4346,  "end" : 5224 } ], 
      "Rank2" : [
        {"sofa" : 12,  "begin" : 3183,  "end" : 3586 } ], 
      "Rank3" : [
        {"sofa" : 12,  "begin" : 710,  "end" : 1543 } ] } }, 
  "_referenced_fss" : {
    "12" : {"_type" : "Sofa",  "sofaNum" : 1,  "sofaID" : "_InitialView",  "mimeType" : "text",  "sofaString" : "ORIGINAL JURISDICTION. Petition No. 308 of 1951. Application under article 32 of the Constitution for a writ in the nature of habeas corpus praying for the release of the petitioner from detention. J. Umrigar (amicus curiae), for the petitioner. M. Sikri, Advocate-General of the Punjab, (Jindra Lal, with him) for the respondent. 1951. December 10. The Judgment of the Court was deliv- ered by PATANJALI SASTRI C.J.--This is a petition under article 32 of the Constitution praying for the release of the peti- tioner from his alleged unlawful detention. \nWe accepted the petition and, at the conclusion of the hearing, ordered the petitioner to be released., We now proceed to give the reasons for our order. The petitioner was arrested and detained under an order dated 1st March, 1950, made by the District Magistrate, Amritsar, under section3(1) of the Preventive Detention Act, 1950 (hereinafter referred to as the Act ) and the grounds of detention were communicated to the petitioner as required by section7 of the Act on 15th March, 1950. \nThe petitioner challenged the validity of the order on various grounds but, while the petition was pending after this Court issued a rule nisi to the respondent, the petitioner was served on 6th August with another detention order dated 30th July,1951 1, purporting to be made by the Governor of Punjab under sub-section(1) of section 3 and section 4 of the Act as amended by the Preventive Detention (Amendment) Act, 1951, and he was served with fresh grounds of detention on 16th August, 1951. \nThereupon the petitioner filed a supplementary petition impugning the validity of the said order on the ground, inter alia, that it directed the detention of the petitioner up to 31st March, 1952, the date on which the Act itself was to expire and that this was contrary to the provisions of the Act as amended. On behalf of the respondent, the Advocate-General of Punjab urged that the said order was not intended to be a fresh order of detention but was passed only with a view to limiting the period of detention till 31st March, 1952, as it had been held in some cases that an order of detention for an indefinite period was bad. \nThe order runs as follows - WHEREAS the Governor of Punjab is satisfied with respect to the person known as Makhan Singh Tarsikka, son of Gujjar Singh, Jat, of Tarsikka, Police Station Jandiala, Amritsar District, that with a view to preventing him from acting in a manner prejudicial to the security of the State, it is necessary to make the following order Now, THEREFORE, in exercise of the powers conferred by sub-section (1) of section 3 and section 4 of the Preventive Detention Act, 1950 (Act IV of 1950), as amended by the Preventive Detention (Amendment) Act, 1951 (Act IV of 1951), the Governor of Punjab hereby directs that the said Makhan Singh Tarsikka be committed to the custody of the InspectorGeneral of Prisons, Punjab, and detained in any jail of the State till 31st March, 1952, subject to such conditions as to mainte- nance, discipline and punishment for breaches of discipline as have been specified by a general order or as contained in the Punjab Communist Detenu Rules, 1950. \nIt will be seen that the terms of the order make it clear that it was intended to operate as a fresh order for the detention of the petitioner and this view is strengthened by the fact that the order was followed by the service of a fresh set of grounds on the petitioner as required by sec- tion 7 of the Act a proceeding which would be wholly unnec- essary if no fresh order of detention was intended. Indeed, it was suggested on behalf of the petitioner that the said order followed by service of fresh grounds only four days before the date fixed for the hearing of the petition by this Court was a deliberate move by the respondent to cir- cumvent the objections raised by the petitioner to the validity of the earlier order of 1st March, 1950, and thus render the proceeding infructuous. \nHowever that may be, we are clearly of opinion that the order dated 30th July, 1951. must be regarded as a fresh order made for the petitioners detention in superession of the earlier order and the ques- tion is whether it was illegal in that it straightaway directed that the petitioner be detained till 31st March, 1952, which was the date of the expiry of the Act. Whatever might be the position under the Act before its amendment in February, 1951, it is clear that the Act as amended requires that every.case of detention should be placed before an Advisory Board constituted under the Act (section 9) and provides that if the Board reports that there is sufficient cause for the detention the appropriate Government may confirm the detention order and continue the detention of the person concerned for such period as it thinks fit (section 11). \nIt is, therefore, plain that it is only after the Advisory Board, to which the case has been referred, reports that the detention is justified, the Government should determine what the period of deten- tion should be and not before. The fixing of the period of detention in the initial order itself in the present case was, therefore, contrary to the scheme of the Act and cannot be supported. The learned Advocate-General, however, urged that in view of the provision in section 11 (2) that if the Advisory Board reports that there is no sufficient cause for the detention, the person concerned would be released forth- with, the direction in the order dated 30th July, 1951, that the petitioner should be detained till 31st March, 1952, could be ignored as mere surplusage.\nDECISION ??" } } }