{"_context" : {
    "_types" : {
      "ACCEPTED" : {
        "_feature_types" : {"sofa" : "_ref" } }, 
      "DocumentMetaData" : {
        "_feature_types" : {"sofa" : "_ref" } }, 
      "RANK1" : {
        "_feature_types" : {"sofa" : "_ref" } }, 
      "Rank2" : {
        "_feature_types" : {"sofa" : "_ref" } }, 
      "Rank3" : {
        "_feature_types" : {"sofa" : "_ref" } }, 
      "Sentence" : {
        "_feature_types" : {"sofa" : "_ref" } }, 
      "Sofa" : {
        "_feature_types" : {"sofaArray" : "_ref" } }, 
      "TagsetDescription" : {
        "_feature_types" : {"sofa" : "_ref",  "tags" : "_ref" } }, 
      "Token" : {
        "_feature_types" : {"sofa" : "_ref",  "parent" : "_ref",  "lemma" : "_ref",  "stem" : "_ref",  "pos" : "_ref",  "morph" : "_ref",  "form" : "_ref" } }, 
      "Annotation" : {
        "_feature_types" : {"sofa" : "_ref" }, 
        "_subtypes" : ["ACCEPTED",  "DocumentAnnotation",  "RANK1",  "Rank2",  "Rank3",  "Sentence",  "TagsetDescription",  "Token" ] }, 
      "AnnotationBase" : {
        "_feature_types" : {"sofa" : "_ref" }, 
        "_subtypes" : ["Annotation" ] }, 
      "TOP" : {
        "_subtypes" : ["AnnotationBase",  "Sofa" ] }, 
      "DocumentAnnotation" : {
        "_feature_types" : {"sofa" : "_ref" }, 
        "_subtypes" : ["DocumentMetaData" ] } } }, 
  "_views" : {
    "_InitialView" : {
      "DocumentMetaData" : [
        {"sofa" : 12,  "end" : 6287,  "language" : "x-unspecified",  "documentTitle" : "1959_189.txt",  "documentId" : "user1",  "documentUri" : "file:/home/ashutosh/.webanno/repository/project/9/document/257/source/user1",  "collectionId" : "file:/home/ashutosh/.webanno/repository/project/9/document/257/source/",  "documentBaseUri" : "file:/home/ashutosh/.webanno/repository/project/9/document/257/source/",  "isLastSegment" : false } ], 
      "TagsetDescription" : [
        {"sofa" : 12,  "layer" : "de.tudarmstadt.ukp.dkpro.core.api.syntax.type.dependency.Dependency",  "name" : "UD Universal Dependencies (v2)",  "input" : false }, 
        {"sofa" : 12,  "layer" : "de.tudarmstadt.ukp.dkpro.core.api.ner.type.NamedEntity",  "name" : "Named Entity tags",  "input" : false }, 
        {"sofa" : 12,  "layer" : "de.tudarmstadt.ukp.dkpro.core.api.transform.type.SofaChangeAnnotation",  "name" : "Operation",  "input" : false }, 
        {"sofa" : 12,  "layer" : "de.tudarmstadt.ukp.dkpro.core.api.lexmorph.type.pos.POS",  "name" : "UD Universal POS tags (v2)",  "input" : false } ], 
      "Sentence" : [
        {"sofa" : 12,  "end" : 467 }, 
        {"sofa" : 12,  "begin" : 468,  "end" : 525 }, 
        {"sofa" : 12,  "begin" : 526,  "end" : 706 }, 
        {"sofa" : 12,  "begin" : 707,  "end" : 831 }, 
        {"sofa" : 12,  "begin" : 832,  "end" : 999 }, 
        {"sofa" : 12,  "begin" : 1001,  "end" : 1131 }, 
        {"sofa" : 12,  "begin" : 1132,  "end" : 1369 }, 
        {"sofa" : 12,  "begin" : 1370,  "end" : 1659 }, 
        {"sofa" : 12,  "begin" : 1660,  "end" : 1723 }, 
        {"sofa" : 12,  "begin" : 1725,  "end" : 1898 }, 
        {"sofa" : 12,  "begin" : 1899,  "end" : 2097 }, 
        {"sofa" : 12,  "begin" : 2098,  "end" : 2278 }, 
        {"sofa" : 12,  "begin" : 2279,  "end" : 2562 }, 
        {"sofa" : 12,  "begin" : 2563,  "end" : 2722 }, 
        {"sofa" : 12,  "begin" : 2724,  "end" : 3305 }, 
        {"sofa" : 12,  "begin" : 3307,  "end" : 3719 }, 
        {"sofa" : 12,  "begin" : 3720,  "end" : 3986 }, 
        {"sofa" : 12,  "begin" : 3988,  "end" : 4060 }, 
        {"sofa" : 12,  "begin" : 4061,  "end" : 4064 }, 
        {"sofa" : 12,  "begin" : 4065,  "end" : 4495 }, 
        {"sofa" : 12,  "begin" : 4496,  "end" : 4536 }, 
        {"sofa" : 12,  "begin" : 4537,  "end" : 4589 }, 
        {"sofa" : 12,  "begin" : 4590,  "end" : 4642 }, 
        {"sofa" : 12,  "begin" : 4643,  "end" : 5302 }, 
        {"sofa" : 12,  "begin" : 5303,  "end" : 5578 }, 
        {"sofa" : 12,  "begin" : 5580,  "end" : 5668 }, 
        {"sofa" : 12,  "begin" : 5669,  "end" : 6219 }, 
        {"sofa" : 12,  "begin" : 6220,  "end" : 6275 }, 
        {"sofa" : 12,  "begin" : 6276,  "end" : 6287 } ], 
      "Token" : [
        {"sofa" : 12,  "end" : 8 }, 
        {"sofa" : 12,  "begin" : 9,  "end" : 16 }, 
        {"sofa" : 12,  "begin" : 17,  "end" : 20 }, 
        {"sofa" : 12,  "begin" : 21,  "end" : 28 }, 
        {"sofa" : 12,  "begin" : 29,  "end" : 31 }, 
        {"sofa" : 12,  "begin" : 32,  "end" : 35 }, 
        {"sofa" : 12,  "begin" : 36,  "end" : 40 }, 
        {"sofa" : 12,  "begin" : 41,  "end" : 46 }, 
        {"sofa" : 12,  "begin" : 47,  "end" : 49 }, 
        {"sofa" : 12,  "begin" : 50,  "end" : 55 }, 
        {"sofa" : 12,  "begin" : 56,  "end" : 58 }, 
        {"sofa" : 12,  "begin" : 59,  "end" : 66 }, 
        {"sofa" : 12,  "begin" : 67,  "end" : 70 }, 
        {"sofa" : 12,  "begin" : 71,  "end" : 81 }, 
        {"sofa" : 12,  "begin" : 82,  "end" : 91 }, 
        {"sofa" : 12,  "begin" : 92,  "end" : 100 }, 
        {"sofa" : 12,  "begin" : 101,  "end" : 103 }, 
        {"sofa" : 12,  "begin" : 104,  "end" : 109 }, 
        {"sofa" : 12,  "begin" : 110,  "end" : 111 }, 
        {"sofa" : 12,  "begin" : 112,  "end" : 116 }, 
        {"sofa" : 12,  "begin" : 117,  "end" : 120 }, 
        {"sofa" : 12,  "begin" : 121,  "end" : 126 }, 
        {"sofa" : 12,  "begin" : 127,  "end" : 129 }, 
        {"sofa" : 12,  "begin" : 130,  "end" : 132 }, 
        {"sofa" : 12,  "begin" : 133,  "end" : 136 }, 
        {"sofa" : 12,  "begin" : 137,  "end" : 145 }, 
        {"sofa" : 12,  "begin" : 146,  "end" : 148 }, 
        {"sofa" : 12,  "begin" : 149,  "end" : 152 }, 
        {"sofa" : 12,  "begin" : 153,  "end" : 159 }, 
        {"sofa" : 12,  "begin" : 160,  "end" : 167 }, 
        {"sofa" : 12,  "begin" : 168,  "end" : 173 }, 
        {"sofa" : 12,  "begin" : 174,  "end" : 177 }, 
        {"sofa" : 12,  "begin" : 178,  "end" : 183 }, 
        {"sofa" : 12,  "begin" : 184,  "end" : 187 }, 
        {"sofa" : 12,  "begin" : 188,  "end" : 201 }, 
        {"sofa" : 12,  "begin" : 202,  "end" : 204 }, 
        {"sofa" : 12,  "begin" : 205,  "end" : 208 }, 
        {"sofa" : 12,  "begin" : 209,  "end" : 213 }, 
        {"sofa" : 12,  "begin" : 213,  "end" : 214 }, 
        {"sofa" : 12,  "begin" : 215,  "end" : 218 }, 
        {"sofa" : 12,  "begin" : 219,  "end" : 225 }, 
        {"sofa" : 12,  "begin" : 226,  "end" : 228 }, 
        {"sofa" : 12,  "begin" : 229,  "end" : 231 }, 
        {"sofa" : 12,  "begin" : 231,  "end" : 232 }, 
        {"sofa" : 12,  "begin" : 233,  "end" : 241 }, 
        {"sofa" : 12,  "begin" : 242,  "end" : 247 }, 
        {"sofa" : 12,  "begin" : 248,  "end" : 251 }, 
        {"sofa" : 12,  "begin" : 252,  "end" : 258 }, 
        {"sofa" : 12,  "begin" : 259,  "end" : 261 }, 
        {"sofa" : 12,  "begin" : 262,  "end" : 266 }, 
        {"sofa" : 12,  "begin" : 267,  "end" : 275 }, 
        {"sofa" : 12,  "begin" : 276,  "end" : 278 }, 
        {"sofa" : 12,  "begin" : 279,  "end" : 282 }, 
        {"sofa" : 12,  "begin" : 283,  "end" : 291 }, 
        {"sofa" : 12,  "begin" : 291,  "end" : 292 }, 
        {"sofa" : 12,  "begin" : 293,  "end" : 298 }, 
        {"sofa" : 12,  "begin" : 299,  "end" : 302 }, 
        {"sofa" : 12,  "begin" : 303,  "end" : 312 }, 
        {"sofa" : 12,  "begin" : 313,  "end" : 317 }, 
        {"sofa" : 12,  "begin" : 318,  "end" : 321 }, 
        {"sofa" : 12,  "begin" : 322,  "end" : 329 }, 
        {"sofa" : 12,  "begin" : 330,  "end" : 334 }, 
        {"sofa" : 12,  "begin" : 335,  "end" : 340 }, 
        {"sofa" : 12,  "begin" : 341,  "end" : 343 }, 
        {"sofa" : 12,  "begin" : 344,  "end" : 347 }, 
        {"sofa" : 12,  "begin" : 348,  "end" : 356 }, 
        {"sofa" : 12,  "begin" : 357,  "end" : 359 }, 
        {"sofa" : 12,  "begin" : 360,  "end" : 363 }, 
        {"sofa" : 12,  "begin" : 364,  "end" : 368 }, 
        {"sofa" : 12,  "begin" : 369,  "end" : 379 }, 
        {"sofa" : 12,  "begin" : 380,  "end" : 392 }, 
        {"sofa" : 12,  "begin" : 393,  "end" : 398 }, 
        {"sofa" : 12,  "begin" : 399,  "end" : 401 }, 
        {"sofa" : 12,  "begin" : 402,  "end" : 405 }, 
        {"sofa" : 12,  "begin" : 406,  "end" : 408 }, 
        {"sofa" : 12,  "begin" : 409,  "end" : 415 }, 
        {"sofa" : 12,  "begin" : 416,  "end" : 418 }, 
        {"sofa" : 12,  "begin" : 419,  "end" : 421 }, 
        {"sofa" : 12,  "begin" : 422,  "end" : 428 }, 
        {"sofa" : 12,  "begin" : 428,  "end" : 429 }, 
        {"sofa" : 12,  "begin" : 430,  "end" : 437 }, 
        {"sofa" : 12,  "begin" : 438,  "end" : 441 }, 
        {"sofa" : 12,  "begin" : 442,  "end" : 447 }, 
        {"sofa" : 12,  "begin" : 448,  "end" : 450 }, 
        {"sofa" : 12,  "begin" : 451,  "end" : 454 }, 
        {"sofa" : 12,  "begin" : 455,  "end" : 465 }, 
        {"sofa" : 12,  "begin" : 466,  "end" : 467 }, 
        {"sofa" : 12,  "begin" : 468,  "end" : 471 }, 
        {"sofa" : 12,  "begin" : 472,  "end" : 477 }, 
        {"sofa" : 12,  "begin" : 478,  "end" : 483 }, 
        {"sofa" : 12,  "begin" : 484,  "end" : 487 }, 
        {"sofa" : 12,  "begin" : 488,  "end" : 490 }, 
        {"sofa" : 12,  "begin" : 491,  "end" : 495 }, 
        {"sofa" : 12,  "begin" : 496,  "end" : 502 }, 
        {"sofa" : 12,  "begin" : 503,  "end" : 506 }, 
        {"sofa" : 12,  "begin" : 507,  "end" : 509 }, 
        {"sofa" : 12,  "begin" : 510,  "end" : 517 }, 
        {"sofa" : 12,  "begin" : 518,  "end" : 524 }, 
        {"sofa" : 12,  "begin" : 524,  "end" : 525 }, 
        {"sofa" : 12,  "begin" : 526,  "end" : 529 }, 
        {"sofa" : 12,  "begin" : 530,  "end" : 539 }, 
        {"sofa" : 12,  "begin" : 540,  "end" : 543 }, 
        {"sofa" : 12,  "begin" : 544,  "end" : 547 }, 
        {"sofa" : 12,  "begin" : 548,  "end" : 552 }, 
        {"sofa" : 12,  "begin" : 553,  "end" : 563 }, 
        {"sofa" : 12,  "begin" : 564,  "end" : 566 }, 
        {"sofa" : 12,  "begin" : 567,  "end" : 570 }, 
        {"sofa" : 12,  "begin" : 571,  "end" : 579 }, 
        {"sofa" : 12,  "begin" : 580,  "end" : 585 }, 
        {"sofa" : 12,  "begin" : 586,  "end" : 588 }, 
        {"sofa" : 12,  "begin" : 589,  "end" : 596 }, 
        {"sofa" : 12,  "begin" : 597,  "end" : 599 }, 
        {"sofa" : 12,  "begin" : 600,  "end" : 602 }, 
        {"sofa" : 12,  "begin" : 603,  "end" : 613 }, 
        {"sofa" : 12,  "begin" : 614,  "end" : 617 }, 
        {"sofa" : 12,  "begin" : 618,  "end" : 629 }, 
        {"sofa" : 12,  "begin" : 629,  "end" : 630 }, 
        {"sofa" : 12,  "begin" : 631,  "end" : 637 }, 
        {"sofa" : 12,  "begin" : 638,  "end" : 641 }, 
        {"sofa" : 12,  "begin" : 642,  "end" : 648 }, 
        {"sofa" : 12,  "begin" : 649,  "end" : 657 }, 
        {"sofa" : 12,  "begin" : 658,  "end" : 661 }, 
        {"sofa" : 12,  "begin" : 662,  "end" : 670 }, 
        {"sofa" : 12,  "begin" : 671,  "end" : 674 }, 
        {"sofa" : 12,  "begin" : 675,  "end" : 680 }, 
        {"sofa" : 12,  "begin" : 681,  "end" : 689 }, 
        {"sofa" : 12,  "begin" : 690,  "end" : 693 }, 
        {"sofa" : 12,  "begin" : 694,  "end" : 698 }, 
        {"sofa" : 12,  "begin" : 699,  "end" : 705 }, 
        {"sofa" : 12,  "begin" : 705,  "end" : 706 }, 
        {"sofa" : 12,  "begin" : 707,  "end" : 710 }, 
        {"sofa" : 12,  "begin" : 711,  "end" : 721 }, 
        {"sofa" : 12,  "begin" : 722,  "end" : 733 }, 
        {"sofa" : 12,  "begin" : 734,  "end" : 737 }, 
        {"sofa" : 12,  "begin" : 738,  "end" : 742 }, 
        {"sofa" : 12,  "begin" : 743,  "end" : 747 }, 
        {"sofa" : 12,  "begin" : 748,  "end" : 750 }, 
        {"sofa" : 12,  "begin" : 751,  "end" : 755 }, 
        {"sofa" : 12,  "begin" : 756,  "end" : 763 }, 
        {"sofa" : 12,  "begin" : 764,  "end" : 766 }, 
        {"sofa" : 12,  "begin" : 767,  "end" : 770 }, 
        {"sofa" : 12,  "begin" : 771,  "end" : 780 }, 
        {"sofa" : 12,  "begin" : 781,  "end" : 793 }, 
        {"sofa" : 12,  "begin" : 794,  "end" : 796 }, 
        {"sofa" : 12,  "begin" : 797,  "end" : 800 }, 
        {"sofa" : 12,  "begin" : 801,  "end" : 805 }, 
        {"sofa" : 12,  "begin" : 806,  "end" : 812 }, 
        {"sofa" : 12,  "begin" : 813,  "end" : 816 }, 
        {"sofa" : 12,  "begin" : 817,  "end" : 824 }, 
        {"sofa" : 12,  "begin" : 825,  "end" : 830 }, 
        {"sofa" : 12,  "begin" : 830,  "end" : 831 }, 
        {"sofa" : 12,  "begin" : 832,  "end" : 834 }, 
        {"sofa" : 12,  "begin" : 835,  "end" : 838 }, 
        {"sofa" : 12,  "begin" : 839,  "end" : 849 }, 
        {"sofa" : 12,  "begin" : 850,  "end" : 854 }, 
        {"sofa" : 12,  "begin" : 855,  "end" : 859 }, 
        {"sofa" : 12,  "begin" : 860,  "end" : 865 }, 
        {"sofa" : 12,  "begin" : 866,  "end" : 879 }, 
        {"sofa" : 12,  "begin" : 880,  "end" : 882 }, 
        {"sofa" : 12,  "begin" : 883,  "end" : 886 }, 
        {"sofa" : 12,  "begin" : 887,  "end" : 897 }, 
        {"sofa" : 12,  "begin" : 898,  "end" : 902 }, 
        {"sofa" : 12,  "begin" : 903,  "end" : 907 }, 
        {"sofa" : 12,  "begin" : 907,  "end" : 908 }, 
        {"sofa" : 12,  "begin" : 908,  "end" : 912 }, 
        {"sofa" : 12,  "begin" : 912,  "end" : 913 }, 
        {"sofa" : 12,  "begin" : 914,  "end" : 917 }, 
        {"sofa" : 12,  "begin" : 918,  "end" : 927 }, 
        {"sofa" : 12,  "begin" : 928,  "end" : 937 }, 
        {"sofa" : 12,  "begin" : 938,  "end" : 941 }, 
        {"sofa" : 12,  "begin" : 942,  "end" : 946 }, 
        {"sofa" : 12,  "begin" : 947,  "end" : 958 }, 
        {"sofa" : 12,  "begin" : 959,  "end" : 967 }, 
        {"sofa" : 12,  "begin" : 968,  "end" : 972 }, 
        {"sofa" : 12,  "begin" : 973,  "end" : 974 }, 
        {"sofa" : 12,  "begin" : 975,  "end" : 982 }, 
        {"sofa" : 12,  "begin" : 983,  "end" : 990 }, 
        {"sofa" : 12,  "begin" : 991,  "end" : 998 }, 
        {"sofa" : 12,  "begin" : 998,  "end" : 999 }, 
        {"sofa" : 12,  "begin" : 1001,  "end" : 1004 }, 
        {"sofa" : 12,  "begin" : 1005,  "end" : 1011 }, 
        {"sofa" : 12,  "begin" : 1012,  "end" : 1019 }, 
        {"sofa" : 12,  "begin" : 1020,  "end" : 1022 }, 
        {"sofa" : 12,  "begin" : 1023,  "end" : 1026 }, 
        {"sofa" : 12,  "begin" : 1027,  "end" : 1040 }, 
        {"sofa" : 12,  "begin" : 1041,  "end" : 1048 }, 
        {"sofa" : 12,  "begin" : 1049,  "end" : 1056 }, 
        {"sofa" : 12,  "begin" : 1057,  "end" : 1064 }, 
        {"sofa" : 12,  "begin" : 1065,  "end" : 1069 }, 
        {"sofa" : 12,  "begin" : 1070,  "end" : 1073 }, 
        {"sofa" : 12,  "begin" : 1074,  "end" : 1076 }, 
        {"sofa" : 12,  "begin" : 1077,  "end" : 1080 }, 
        {"sofa" : 12,  "begin" : 1081,  "end" : 1087 }, 
        {"sofa" : 12,  "begin" : 1088,  "end" : 1090 }, 
        {"sofa" : 12,  "begin" : 1091,  "end" : 1094 }, 
        {"sofa" : 12,  "begin" : 1095,  "end" : 1098 }, 
        {"sofa" : 12,  "begin" : 1099,  "end" : 1109 }, 
        {"sofa" : 12,  "begin" : 1110,  "end" : 1113 }, 
        {"sofa" : 12,  "begin" : 1114,  "end" : 1116 }, 
        {"sofa" : 12,  "begin" : 1117,  "end" : 1120 }, 
        {"sofa" : 12,  "begin" : 1121,  "end" : 1130 }, 
        {"sofa" : 12,  "begin" : 1130,  "end" : 1131 }, 
        {"sofa" : 12,  "begin" : 1132,  "end" : 1135 }, 
        {"sofa" : 12,  "begin" : 1136,  "end" : 1140 }, 
        {"sofa" : 12,  "begin" : 1141,  "end" : 1151 }, 
        {"sofa" : 12,  "begin" : 1152,  "end" : 1164 }, 
        {"sofa" : 12,  "begin" : 1165,  "end" : 1168 }, 
        {"sofa" : 12,  "begin" : 1169,  "end" : 1174 }, 
        {"sofa" : 12,  "begin" : 1175,  "end" : 1181 }, 
        {"sofa" : 12,  "begin" : 1182,  "end" : 1186 }, 
        {"sofa" : 12,  "begin" : 1187,  "end" : 1198 }, 
        {"sofa" : 12,  "begin" : 1199,  "end" : 1203 }, 
        {"sofa" : 12,  "begin" : 1204,  "end" : 1207 }, 
        {"sofa" : 12,  "begin" : 1208,  "end" : 1212 }, 
        {"sofa" : 12,  "begin" : 1213,  "end" : 1227 }, 
        {"sofa" : 12,  "begin" : 1228,  "end" : 1230 }, 
        {"sofa" : 12,  "begin" : 1231,  "end" : 1234 }, 
        {"sofa" : 12,  "begin" : 1235,  "end" : 1244 }, 
        {"sofa" : 12,  "begin" : 1245,  "end" : 1247 }, 
        {"sofa" : 12,  "begin" : 1248,  "end" : 1251 }, 
        {"sofa" : 12,  "begin" : 1252,  "end" : 1257 }, 
        {"sofa" : 12,  "begin" : 1258,  "end" : 1265 }, 
        {"sofa" : 12,  "begin" : 1266,  "end" : 1273 }, 
        {"sofa" : 12,  "begin" : 1274,  "end" : 1281 }, 
        {"sofa" : 12,  "begin" : 1282,  "end" : 1289 }, 
        {"sofa" : 12,  "begin" : 1290,  "end" : 1292 }, 
        {"sofa" : 12,  "begin" : 1293,  "end" : 1298 }, 
        {"sofa" : 12,  "begin" : 1299,  "end" : 1302 }, 
        {"sofa" : 12,  "begin" : 1303,  "end" : 1309 }, 
        {"sofa" : 12,  "begin" : 1310,  "end" : 1315 }, 
        {"sofa" : 12,  "begin" : 1316,  "end" : 1323 }, 
        {"sofa" : 12,  "begin" : 1324,  "end" : 1327 }, 
        {"sofa" : 12,  "begin" : 1328,  "end" : 1338 }, 
        {"sofa" : 12,  "begin" : 1339,  "end" : 1342 }, 
        {"sofa" : 12,  "begin" : 1343,  "end" : 1346 }, 
        {"sofa" : 12,  "begin" : 1347,  "end" : 1351 }, 
        {"sofa" : 12,  "begin" : 1352,  "end" : 1354 }, 
        {"sofa" : 12,  "begin" : 1355,  "end" : 1358 }, 
        {"sofa" : 12,  "begin" : 1359,  "end" : 1368 }, 
        {"sofa" : 12,  "begin" : 1368,  "end" : 1369 }, 
        {"sofa" : 12,  "begin" : 1370,  "end" : 1373 }, 
        {"sofa" : 12,  "begin" : 1374,  "end" : 1383 }, 
        {"sofa" : 12,  "begin" : 1384,  "end" : 1387 }, 
        {"sofa" : 12,  "begin" : 1388,  "end" : 1396 }, 
        {"sofa" : 12,  "begin" : 1397,  "end" : 1399 }, 
        {"sofa" : 12,  "begin" : 1400,  "end" : 1403 }, 
        {"sofa" : 12,  "begin" : 1404,  "end" : 1406 }, 
        {"sofa" : 12,  "begin" : 1407,  "end" : 1420 }, 
        {"sofa" : 12,  "begin" : 1421,  "end" : 1424 }, 
        {"sofa" : 12,  "begin" : 1425,  "end" : 1428 }, 
        {"sofa" : 12,  "begin" : 1429,  "end" : 1433 }, 
        {"sofa" : 12,  "begin" : 1434,  "end" : 1442 }, 
        {"sofa" : 12,  "begin" : 1443,  "end" : 1449 }, 
        {"sofa" : 12,  "begin" : 1450,  "end" : 1456 }, 
        {"sofa" : 12,  "begin" : 1457,  "end" : 1459 }, 
        {"sofa" : 12,  "begin" : 1460,  "end" : 1463 }, 
        {"sofa" : 12,  "begin" : 1464,  "end" : 1468 }, 
        {"sofa" : 12,  "begin" : 1469,  "end" : 1476 }, 
        {"sofa" : 12,  "begin" : 1477,  "end" : 1480 }, 
        {"sofa" : 12,  "begin" : 1481,  "end" : 1483 }, 
        {"sofa" : 12,  "begin" : 1484,  "end" : 1489 }, 
        {"sofa" : 12,  "begin" : 1490,  "end" : 1492 }, 
        {"sofa" : 12,  "begin" : 1493,  "end" : 1497 }, 
        {"sofa" : 12,  "begin" : 1498,  "end" : 1500 }, 
        {"sofa" : 12,  "begin" : 1501,  "end" : 1504 }, 
        {"sofa" : 12,  "begin" : 1505,  "end" : 1508 }, 
        {"sofa" : 12,  "begin" : 1509,  "end" : 1513 }, 
        {"sofa" : 12,  "begin" : 1514,  "end" : 1520 }, 
        {"sofa" : 12,  "begin" : 1521,  "end" : 1526 }, 
        {"sofa" : 12,  "begin" : 1526,  "end" : 1527 }, 
        {"sofa" : 12,  "begin" : 1528,  "end" : 1531 }, 
        {"sofa" : 12,  "begin" : 1532,  "end" : 1541 }, 
        {"sofa" : 12,  "begin" : 1542,  "end" : 1544 }, 
        {"sofa" : 12,  "begin" : 1545,  "end" : 1551 }, 
        {"sofa" : 12,  "begin" : 1552,  "end" : 1558 }, 
        {"sofa" : 12,  "begin" : 1559,  "end" : 1563 }, 
        {"sofa" : 12,  "begin" : 1564,  "end" : 1572 }, 
        {"sofa" : 12,  "begin" : 1573,  "end" : 1575 }, 
        {"sofa" : 12,  "begin" : 1576,  "end" : 1579 }, 
        {"sofa" : 12,  "begin" : 1580,  "end" : 1588 }, 
        {"sofa" : 12,  "begin" : 1589,  "end" : 1591 }, 
        {"sofa" : 12,  "begin" : 1592,  "end" : 1595 }, 
        {"sofa" : 12,  "begin" : 1596,  "end" : 1601 }, 
        {"sofa" : 12,  "begin" : 1602,  "end" : 1604 }, 
        {"sofa" : 12,  "begin" : 1605,  "end" : 1608 }, 
        {"sofa" : 12,  "begin" : 1609,  "end" : 1617 }, 
        {"sofa" : 12,  "begin" : 1618,  "end" : 1620 }, 
        {"sofa" : 12,  "begin" : 1621,  "end" : 1624 }, 
        {"sofa" : 12,  "begin" : 1625,  "end" : 1627 }, 
        {"sofa" : 12,  "begin" : 1628,  "end" : 1637 }, 
        {"sofa" : 12,  "begin" : 1638,  "end" : 1651 }, 
        {"sofa" : 12,  "begin" : 1652,  "end" : 1658 }, 
        {"sofa" : 12,  "begin" : 1658,  "end" : 1659 }, 
        {"sofa" : 12,  "begin" : 1660,  "end" : 1662 }, 
        {"sofa" : 12,  "begin" : 1663,  "end" : 1666 }, 
        {"sofa" : 12,  "begin" : 1667,  "end" : 1671 }, 
        {"sofa" : 12,  "begin" : 1672,  "end" : 1680 }, 
        {"sofa" : 12,  "begin" : 1681,  "end" : 1688 }, 
        {"sofa" : 12,  "begin" : 1689,  "end" : 1698 }, 
        {"sofa" : 12,  "begin" : 1699,  "end" : 1702 }, 
        {"sofa" : 12,  "begin" : 1703,  "end" : 1706 }, 
        {"sofa" : 12,  "begin" : 1707,  "end" : 1709 }, 
        {"sofa" : 12,  "begin" : 1710,  "end" : 1715 }, 
        {"sofa" : 12,  "begin" : 1716,  "end" : 1722 }, 
        {"sofa" : 12,  "begin" : 1722,  "end" : 1723 }, 
        {"sofa" : 12,  "begin" : 1725,  "end" : 1728 }, 
        {"sofa" : 12,  "begin" : 1729,  "end" : 1736 }, 
        {"sofa" : 12,  "begin" : 1737,  "end" : 1741 }, 
        {"sofa" : 12,  "begin" : 1742,  "end" : 1747 }, 
        {"sofa" : 12,  "begin" : 1748,  "end" : 1750 }, 
        {"sofa" : 12,  "begin" : 1751,  "end" : 1754 }, 
        {"sofa" : 12,  "begin" : 1755,  "end" : 1763 }, 
        {"sofa" : 12,  "begin" : 1764,  "end" : 1766 }, 
        {"sofa" : 12,  "begin" : 1767,  "end" : 1769 }, 
        {"sofa" : 12,  "begin" : 1770,  "end" : 1773 }, 
        {"sofa" : 12,  "begin" : 1774,  "end" : 1778 }, 
        {"sofa" : 12,  "begin" : 1779,  "end" : 1788 }, 
        {"sofa" : 12,  "begin" : 1788,  "end" : 1789 }, 
        {"sofa" : 12,  "begin" : 1790,  "end" : 1794 }, 
        {"sofa" : 12,  "begin" : 1794,  "end" : 1795 }, 
        {"sofa" : 12,  "begin" : 1796,  "end" : 1799 }, 
        {"sofa" : 12,  "begin" : 1800,  "end" : 1802 }, 
        {"sofa" : 12,  "begin" : 1802,  "end" : 1803 }, 
        {"sofa" : 12,  "begin" : 1804,  "end" : 1810 }, 
        {"sofa" : 12,  "begin" : 1810,  "end" : 1811 }, 
        {"sofa" : 12,  "begin" : 1812,  "end" : 1815 }, 
        {"sofa" : 12,  "begin" : 1816,  "end" : 1824 }, 
        {"sofa" : 12,  "begin" : 1825,  "end" : 1829 }, 
        {"sofa" : 12,  "begin" : 1830,  "end" : 1837 }, 
        {"sofa" : 12,  "begin" : 1838,  "end" : 1847 }, 
        {"sofa" : 12,  "begin" : 1848,  "end" : 1851 }, 
        {"sofa" : 12,  "begin" : 1852,  "end" : 1856 }, 
        {"sofa" : 12,  "begin" : 1857,  "end" : 1859 }, 
        {"sofa" : 12,  "begin" : 1860,  "end" : 1870 }, 
        {"sofa" : 12,  "begin" : 1871,  "end" : 1880 }, 
        {"sofa" : 12,  "begin" : 1881,  "end" : 1886 }, 
        {"sofa" : 12,  "begin" : 1887,  "end" : 1889 }, 
        {"sofa" : 12,  "begin" : 1889,  "end" : 1890 }, 
        {"sofa" : 12,  "begin" : 1891,  "end" : 1897 }, 
        {"sofa" : 12,  "begin" : 1897,  "end" : 1898 }, 
        {"sofa" : 12,  "begin" : 1899,  "end" : 1902 }, 
        {"sofa" : 12,  "begin" : 1903,  "end" : 1910 }, 
        {"sofa" : 12,  "begin" : 1911,  "end" : 1915 }, 
        {"sofa" : 12,  "begin" : 1916,  "end" : 1921 }, 
        {"sofa" : 12,  "begin" : 1922,  "end" : 1924 }, 
        {"sofa" : 12,  "begin" : 1925,  "end" : 1928 }, 
        {"sofa" : 12,  "begin" : 1929,  "end" : 1937 }, 
        {"sofa" : 12,  "begin" : 1938,  "end" : 1941 }, 
        {"sofa" : 12,  "begin" : 1942,  "end" : 1945 }, 
        {"sofa" : 12,  "begin" : 1946,  "end" : 1952 }, 
        {"sofa" : 12,  "begin" : 1953,  "end" : 1955 }, 
        {"sofa" : 12,  "begin" : 1956,  "end" : 1958 }, 
        {"sofa" : 12,  "begin" : 1959,  "end" : 1962 }, 
        {"sofa" : 12,  "begin" : 1963,  "end" : 1967 }, 
        {"sofa" : 12,  "begin" : 1968,  "end" : 1977 }, 
        {"sofa" : 12,  "begin" : 1977,  "end" : 1978 }, 
        {"sofa" : 12,  "begin" : 1979,  "end" : 1983 }, 
        {"sofa" : 12,  "begin" : 1983,  "end" : 1984 }, 
        {"sofa" : 12,  "begin" : 1985,  "end" : 1988 }, 
        {"sofa" : 12,  "begin" : 1989,  "end" : 1991 }, 
        {"sofa" : 12,  "begin" : 1991,  "end" : 1992 }, 
        {"sofa" : 12,  "begin" : 1993,  "end" : 2001 }, 
        {"sofa" : 12,  "begin" : 2002,  "end" : 2004 }, 
        {"sofa" : 12,  "begin" : 2005,  "end" : 2012 }, 
        {"sofa" : 12,  "begin" : 2013,  "end" : 2016 }, 
        {"sofa" : 12,  "begin" : 2017,  "end" : 2025 }, 
        {"sofa" : 12,  "begin" : 2026,  "end" : 2030 }, 
        {"sofa" : 12,  "begin" : 2031,  "end" : 2038 }, 
        {"sofa" : 12,  "begin" : 2039,  "end" : 2048 }, 
        {"sofa" : 12,  "begin" : 2049,  "end" : 2059 }, 
        {"sofa" : 12,  "begin" : 2060,  "end" : 2069 }, 
        {"sofa" : 12,  "begin" : 2070,  "end" : 2075 }, 
        {"sofa" : 12,  "begin" : 2076,  "end" : 2080 }, 
        {"sofa" : 12,  "begin" : 2081,  "end" : 2083 }, 
        {"sofa" : 12,  "begin" : 2084,  "end" : 2086 }, 
        {"sofa" : 12,  "begin" : 2086,  "end" : 2087 }, 
        {"sofa" : 12,  "begin" : 2088,  "end" : 2096 }, 
        {"sofa" : 12,  "begin" : 2096,  "end" : 2097 }, 
        {"sofa" : 12,  "begin" : 2098,  "end" : 2103 }, 
        {"sofa" : 12,  "begin" : 2104,  "end" : 2107 }, 
        {"sofa" : 12,  "begin" : 2108,  "end" : 2112 }, 
        {"sofa" : 12,  "begin" : 2113,  "end" : 2114 }, 
        {"sofa" : 12,  "begin" : 2115,  "end" : 2125 }, 
        {"sofa" : 12,  "begin" : 2126,  "end" : 2128 }, 
        {"sofa" : 12,  "begin" : 2129,  "end" : 2131 }, 
        {"sofa" : 12,  "begin" : 2131,  "end" : 2132 }, 
        {"sofa" : 12,  "begin" : 2133,  "end" : 2141 }, 
        {"sofa" : 12,  "begin" : 2142,  "end" : 2147 }, 
        {"sofa" : 12,  "begin" : 2148,  "end" : 2159 }, 
        {"sofa" : 12,  "begin" : 2160,  "end" : 2163 }, 
        {"sofa" : 12,  "begin" : 2164,  "end" : 2169 }, 
        {"sofa" : 12,  "begin" : 2170,  "end" : 2176 }, 
        {"sofa" : 12,  "begin" : 2177,  "end" : 2179 }, 
        {"sofa" : 12,  "begin" : 2180,  "end" : 2192 }, 
        {"sofa" : 12,  "begin" : 2193,  "end" : 2198 }, 
        {"sofa" : 12,  "begin" : 2199,  "end" : 2202 }, 
        {"sofa" : 12,  "begin" : 2203,  "end" : 2207 }, 
        {"sofa" : 12,  "begin" : 2208,  "end" : 2215 }, 
        {"sofa" : 12,  "begin" : 2216,  "end" : 2218 }, 
        {"sofa" : 12,  "begin" : 2219,  "end" : 2222 }, 
        {"sofa" : 12,  "begin" : 2223,  "end" : 2233 }, 
        {"sofa" : 12,  "begin" : 2234,  "end" : 2245 }, 
        {"sofa" : 12,  "begin" : 2246,  "end" : 2248 }, 
        {"sofa" : 12,  "begin" : 2249,  "end" : 2254 }, 
        {"sofa" : 12,  "begin" : 2255,  "end" : 2261 }, 
        {"sofa" : 12,  "begin" : 2262,  "end" : 2264 }, 
        {"sofa" : 12,  "begin" : 2265,  "end" : 2267 }, 
        {"sofa" : 12,  "begin" : 2268,  "end" : 2272 }, 
        {"sofa" : 12,  "begin" : 2273,  "end" : 2277 }, 
        {"sofa" : 12,  "begin" : 2277,  "end" : 2278 }, 
        {"sofa" : 12,  "begin" : 2279,  "end" : 2283 }, 
        {"sofa" : 12,  "begin" : 2284,  "end" : 2287 }, 
        {"sofa" : 12,  "begin" : 2288,  "end" : 2297 }, 
        {"sofa" : 12,  "begin" : 2298,  "end" : 2301 }, 
        {"sofa" : 12,  "begin" : 2302,  "end" : 2305 }, 
        {"sofa" : 12,  "begin" : 2306,  "end" : 2308 }, 
        {"sofa" : 12,  "begin" : 2309,  "end" : 2314 }, 
        {"sofa" : 12,  "begin" : 2315,  "end" : 2321 }, 
        {"sofa" : 12,  "begin" : 2322,  "end" : 2325 }, 
        {"sofa" : 12,  "begin" : 2326,  "end" : 2329 }, 
        {"sofa" : 12,  "begin" : 2330,  "end" : 2337 }, 
        {"sofa" : 12,  "begin" : 2338,  "end" : 2340 }, 
        {"sofa" : 12,  "begin" : 2341,  "end" : 2344 }, 
        {"sofa" : 12,  "begin" : 2345,  "end" : 2353 }, 
        {"sofa" : 12,  "begin" : 2353,  "end" : 2354 }, 
        {"sofa" : 12,  "begin" : 2355,  "end" : 2358 }, 
        {"sofa" : 12,  "begin" : 2359,  "end" : 2368 }, 
        {"sofa" : 12,  "begin" : 2369,  "end" : 2371 }, 
        {"sofa" : 12,  "begin" : 2372,  "end" : 2375 }, 
        {"sofa" : 12,  "begin" : 2376,  "end" : 2384 }, 
        {"sofa" : 12,  "begin" : 2385,  "end" : 2389 }, 
        {"sofa" : 12,  "begin" : 2390,  "end" : 2400 }, 
        {"sofa" : 12,  "begin" : 2401,  "end" : 2410 }, 
        {"sofa" : 12,  "begin" : 2411,  "end" : 2417 }, 
        {"sofa" : 12,  "begin" : 2418,  "end" : 2420 }, 
        {"sofa" : 12,  "begin" : 2421,  "end" : 2433 }, 
        {"sofa" : 12,  "begin" : 2434,  "end" : 2436 }, 
        {"sofa" : 12,  "begin" : 2437,  "end" : 2439 }, 
        {"sofa" : 12,  "begin" : 2439,  "end" : 2440 }, 
        {"sofa" : 12,  "begin" : 2441,  "end" : 2447 }, 
        {"sofa" : 12,  "begin" : 2448,  "end" : 2451 }, 
        {"sofa" : 12,  "begin" : 2452,  "end" : 2455 }, 
        {"sofa" : 12,  "begin" : 2456,  "end" : 2468 }, 
        {"sofa" : 12,  "begin" : 2469,  "end" : 2471 }, 
        {"sofa" : 12,  "begin" : 2472,  "end" : 2478 }, 
        {"sofa" : 12,  "begin" : 2479,  "end" : 2481 }, 
        {"sofa" : 12,  "begin" : 2482,  "end" : 2485 }, 
        {"sofa" : 12,  "begin" : 2486,  "end" : 2495 }, 
        {"sofa" : 12,  "begin" : 2496,  "end" : 2499 }, 
        {"sofa" : 12,  "begin" : 2500,  "end" : 2505 }, 
        {"sofa" : 12,  "begin" : 2506,  "end" : 2514 }, 
        {"sofa" : 12,  "begin" : 2515,  "end" : 2519 }, 
        {"sofa" : 12,  "begin" : 2520,  "end" : 2530 }, 
        {"sofa" : 12,  "begin" : 2531,  "end" : 2540 }, 
        {"sofa" : 12,  "begin" : 2541,  "end" : 2545 }, 
        {"sofa" : 12,  "begin" : 2546,  "end" : 2548 }, 
        {"sofa" : 12,  "begin" : 2549,  "end" : 2551 }, 
        {"sofa" : 12,  "begin" : 2551,  "end" : 2552 }, 
        {"sofa" : 12,  "begin" : 2553,  "end" : 2561 }, 
        {"sofa" : 12,  "begin" : 2561,  "end" : 2562 }, 
        {"sofa" : 12,  "begin" : 2563,  "end" : 2566 }, 
        {"sofa" : 12,  "begin" : 2567,  "end" : 2578 }, 
        {"sofa" : 12,  "begin" : 2579,  "end" : 2584 }, 
        {"sofa" : 12,  "begin" : 2585,  "end" : 2587 }, 
        {"sofa" : 12,  "begin" : 2588,  "end" : 2593 }, 
        {"sofa" : 12,  "begin" : 2594,  "end" : 2600 }, 
        {"sofa" : 12,  "begin" : 2601,  "end" : 2610 }, 
        {"sofa" : 12,  "begin" : 2611,  "end" : 2621 }, 
        {"sofa" : 12,  "begin" : 2622,  "end" : 2624 }, 
        {"sofa" : 12,  "begin" : 2625,  "end" : 2627 }, 
        {"sofa" : 12,  "begin" : 2627,  "end" : 2628 }, 
        {"sofa" : 12,  "begin" : 2629,  "end" : 2637 }, 
        {"sofa" : 12,  "begin" : 2638,  "end" : 2643 }, 
        {"sofa" : 12,  "begin" : 2644,  "end" : 2647 }, 
        {"sofa" : 12,  "begin" : 2648,  "end" : 2650 }, 
        {"sofa" : 12,  "begin" : 2651,  "end" : 2657 }, 
        {"sofa" : 12,  "begin" : 2658,  "end" : 2660 }, 
        {"sofa" : 12,  "begin" : 2661,  "end" : 2664 }, 
        {"sofa" : 12,  "begin" : 2665,  "end" : 2677 }, 
        {"sofa" : 12,  "begin" : 2678,  "end" : 2684 }, 
        {"sofa" : 12,  "begin" : 2685,  "end" : 2692 }, 
        {"sofa" : 12,  "begin" : 2693,  "end" : 2700 }, 
        {"sofa" : 12,  "begin" : 2701,  "end" : 2707 }, 
        {"sofa" : 12,  "begin" : 2707,  "end" : 2708 }, 
        {"sofa" : 12,  "begin" : 2709,  "end" : 2711 }, 
        {"sofa" : 12,  "begin" : 2711,  "end" : 2712 }, 
        {"sofa" : 12,  "begin" : 2713,  "end" : 2721 }, 
        {"sofa" : 12,  "begin" : 2721,  "end" : 2722 }, 
        {"sofa" : 12,  "begin" : 2724,  "end" : 2727 }, 
        {"sofa" : 12,  "begin" : 2728,  "end" : 2738 }, 
        {"sofa" : 12,  "begin" : 2739,  "end" : 2746 }, 
        {"sofa" : 12,  "begin" : 2747,  "end" : 2752 }, 
        {"sofa" : 12,  "begin" : 2753,  "end" : 2762 }, 
        {"sofa" : 12,  "begin" : 2763,  "end" : 2766 }, 
        {"sofa" : 12,  "begin" : 2767,  "end" : 2777 }, 
        {"sofa" : 12,  "begin" : 2778,  "end" : 2784 }, 
        {"sofa" : 12,  "begin" : 2785,  "end" : 2788 }, 
        {"sofa" : 12,  "begin" : 2789,  "end" : 2792 }, 
        {"sofa" : 12,  "begin" : 2793,  "end" : 2803 }, 
        {"sofa" : 12,  "begin" : 2804,  "end" : 2808 }, 
        {"sofa" : 12,  "begin" : 2809,  "end" : 2813 }, 
        {"sofa" : 12,  "begin" : 2813,  "end" : 2814 }, 
        {"sofa" : 12,  "begin" : 2814,  "end" : 2816 }, 
        {"sofa" : 12,  "begin" : 2817,  "end" : 2820 }, 
        {"sofa" : 12,  "begin" : 2821,  "end" : 2823 }, 
        {"sofa" : 12,  "begin" : 2824,  "end" : 2827 }, 
        {"sofa" : 12,  "begin" : 2828,  "end" : 2835 }, 
        {"sofa" : 12,  "begin" : 2836,  "end" : 2840 }, 
        {"sofa" : 12,  "begin" : 2841,  "end" : 2844 }, 
        {"sofa" : 12,  "begin" : 2845,  "end" : 2854 }, 
        {"sofa" : 12,  "begin" : 2855,  "end" : 2858 }, 
        {"sofa" : 12,  "begin" : 2859,  "end" : 2863 }, 
        {"sofa" : 12,  "begin" : 2864,  "end" : 2866 }, 
        {"sofa" : 12,  "begin" : 2867,  "end" : 2870 }, 
        {"sofa" : 12,  "begin" : 2871,  "end" : 2878 }, 
        {"sofa" : 12,  "begin" : 2879,  "end" : 2886 }, 
        {"sofa" : 12,  "begin" : 2887,  "end" : 2894 }, 
        {"sofa" : 12,  "begin" : 2895,  "end" : 2900 }, 
        {"sofa" : 12,  "begin" : 2901,  "end" : 2907 }, 
        {"sofa" : 12,  "begin" : 2908,  "end" : 2910 }, 
        {"sofa" : 12,  "begin" : 2911,  "end" : 2913 }, 
        {"sofa" : 12,  "begin" : 2914,  "end" : 2925 }, 
        {"sofa" : 12,  "begin" : 2926,  "end" : 2931 }, 
        {"sofa" : 12,  "begin" : 2932,  "end" : 2935 }, 
        {"sofa" : 12,  "begin" : 2936,  "end" : 2944 }, 
        {"sofa" : 12,  "begin" : 2945,  "end" : 2952 }, 
        {"sofa" : 12,  "begin" : 2953,  "end" : 2960 }, 
        {"sofa" : 12,  "begin" : 2961,  "end" : 2964 }, 
        {"sofa" : 12,  "begin" : 2965,  "end" : 2970 }, 
        {"sofa" : 12,  "begin" : 2971,  "end" : 2974 }, 
        {"sofa" : 12,  "begin" : 2975,  "end" : 2985 }, 
        {"sofa" : 12,  "begin" : 2986,  "end" : 2993 }, 
        {"sofa" : 12,  "begin" : 2994,  "end" : 2997 }, 
        {"sofa" : 12,  "begin" : 2998,  "end" : 3006 }, 
        {"sofa" : 12,  "begin" : 3007,  "end" : 3011 }, 
        {"sofa" : 12,  "begin" : 3012,  "end" : 3015 }, 
        {"sofa" : 12,  "begin" : 3016,  "end" : 3019 }, 
        {"sofa" : 12,  "begin" : 3020,  "end" : 3027 }, 
        {"sofa" : 12,  "begin" : 3028,  "end" : 3032 }, 
        {"sofa" : 12,  "begin" : 3033,  "end" : 3038 }, 
        {"sofa" : 12,  "begin" : 3038,  "end" : 3039 }, 
        {"sofa" : 12,  "begin" : 3040,  "end" : 3046 }, 
        {"sofa" : 12,  "begin" : 3047,  "end" : 3049 }, 
        {"sofa" : 12,  "begin" : 3049,  "end" : 3050 }, 
        {"sofa" : 12,  "begin" : 3051,  "end" : 3059 }, 
        {"sofa" : 12,  "begin" : 3059,  "end" : 3060 }, 
        {"sofa" : 12,  "begin" : 3061,  "end" : 3064 }, 
        {"sofa" : 12,  "begin" : 3065,  "end" : 3069 }, 
        {"sofa" : 12,  "begin" : 3070,  "end" : 3074 }, 
        {"sofa" : 12,  "begin" : 3075,  "end" : 3078 }, 
        {"sofa" : 12,  "begin" : 3079,  "end" : 3090 }, 
        {"sofa" : 12,  "begin" : 3091,  "end" : 3095 }, 
        {"sofa" : 12,  "begin" : 3096,  "end" : 3101 }, 
        {"sofa" : 12,  "begin" : 3102,  "end" : 3104 }, 
        {"sofa" : 12,  "begin" : 3105,  "end" : 3107 }, 
        {"sofa" : 12,  "begin" : 3107,  "end" : 3108 }, 
        {"sofa" : 12,  "begin" : 3109,  "end" : 3117 }, 
        {"sofa" : 12,  "begin" : 3117,  "end" : 3118 }, 
        {"sofa" : 12,  "begin" : 3119,  "end" : 3122 }, 
        {"sofa" : 12,  "begin" : 3123,  "end" : 3129 }, 
        {"sofa" : 12,  "begin" : 3130,  "end" : 3136 }, 
        {"sofa" : 12,  "begin" : 3137,  "end" : 3139 }, 
        {"sofa" : 12,  "begin" : 3140,  "end" : 3142 }, 
        {"sofa" : 12,  "begin" : 3142,  "end" : 3143 }, 
        {"sofa" : 12,  "begin" : 3144,  "end" : 3152 }, 
        {"sofa" : 12,  "begin" : 3153,  "end" : 3156 }, 
        {"sofa" : 12,  "begin" : 3157,  "end" : 3163 }, 
        {"sofa" : 12,  "begin" : 3163,  "end" : 3164 }, 
        {"sofa" : 12,  "begin" : 3165,  "end" : 3172 }, 
        {"sofa" : 12,  "begin" : 3173,  "end" : 3175 }, 
        {"sofa" : 12,  "begin" : 3176,  "end" : 3181 }, 
        {"sofa" : 12,  "begin" : 3182,  "end" : 3184 }, 
        {"sofa" : 12,  "begin" : 3185,  "end" : 3188 }, 
        {"sofa" : 12,  "begin" : 3189,  "end" : 3194 }, 
        {"sofa" : 12,  "begin" : 3195,  "end" : 3197 }, 
        {"sofa" : 12,  "begin" : 3198,  "end" : 3201 }, 
        {"sofa" : 12,  "begin" : 3202,  "end" : 3211 }, 
        {"sofa" : 12,  "begin" : 3212,  "end" : 3218 }, 
        {"sofa" : 12,  "begin" : 3219,  "end" : 3221 }, 
        {"sofa" : 12,  "begin" : 3222,  "end" : 3224 }, 
        {"sofa" : 12,  "begin" : 3225,  "end" : 3233 }, 
        {"sofa" : 12,  "begin" : 3234,  "end" : 3240 }, 
        {"sofa" : 12,  "begin" : 3241,  "end" : 3244 }, 
        {"sofa" : 12,  "begin" : 3245,  "end" : 3253 }, 
        {"sofa" : 12,  "begin" : 3254,  "end" : 3264 }, 
        {"sofa" : 12,  "begin" : 3265,  "end" : 3269 }, 
        {"sofa" : 12,  "begin" : 3269,  "end" : 3270 }, 
        {"sofa" : 12,  "begin" : 3271,  "end" : 3274 }, 
        {"sofa" : 12,  "begin" : 3275,  "end" : 3283 }, 
        {"sofa" : 12,  "begin" : 3284,  "end" : 3287 }, 
        {"sofa" : 12,  "begin" : 3288,  "end" : 3292 }, 
        {"sofa" : 12,  "begin" : 3293,  "end" : 3304 }, 
        {"sofa" : 12,  "begin" : 3304,  "end" : 3305 }, 
        {"sofa" : 12,  "begin" : 3307,  "end" : 3314 }, 
        {"sofa" : 12,  "begin" : 3315,  "end" : 3320 }, 
        {"sofa" : 12,  "begin" : 3321,  "end" : 3323 }, 
        {"sofa" : 12,  "begin" : 3324,  "end" : 3327 }, 
        {"sofa" : 12,  "begin" : 3328,  "end" : 3337 }, 
        {"sofa" : 12,  "begin" : 3338,  "end" : 3344 }, 
        {"sofa" : 12,  "begin" : 3345,  "end" : 3348 }, 
        {"sofa" : 12,  "begin" : 3349,  "end" : 3358 }, 
        {"sofa" : 12,  "begin" : 3359,  "end" : 3368 }, 
        {"sofa" : 12,  "begin" : 3369,  "end" : 3381 }, 
        {"sofa" : 12,  "begin" : 3382,  "end" : 3385 }, 
        {"sofa" : 12,  "begin" : 3386,  "end" : 3389 }, 
        {"sofa" : 12,  "begin" : 3390,  "end" : 3400 }, 
        {"sofa" : 12,  "begin" : 3401,  "end" : 3410 }, 
        {"sofa" : 12,  "begin" : 3411,  "end" : 3419 }, 
        {"sofa" : 12,  "begin" : 3420,  "end" : 3426 }, 
        {"sofa" : 12,  "begin" : 3427,  "end" : 3431 }, 
        {"sofa" : 12,  "begin" : 3432,  "end" : 3435 }, 
        {"sofa" : 12,  "begin" : 3436,  "end" : 3442 }, 
        {"sofa" : 12,  "begin" : 3443,  "end" : 3447 }, 
        {"sofa" : 12,  "begin" : 3448,  "end" : 3451 }, 
        {"sofa" : 12,  "begin" : 3452,  "end" : 3461 }, 
        {"sofa" : 12,  "begin" : 3462,  "end" : 3469 }, 
        {"sofa" : 12,  "begin" : 3470,  "end" : 3472 }, 
        {"sofa" : 12,  "begin" : 3473,  "end" : 3476 }, 
        {"sofa" : 12,  "begin" : 3477,  "end" : 3485 }, 
        {"sofa" : 12,  "begin" : 3486,  "end" : 3488 }, 
        {"sofa" : 12,  "begin" : 3489,  "end" : 3494 }, 
        {"sofa" : 12,  "begin" : 3495,  "end" : 3496 }, 
        {"sofa" : 12,  "begin" : 3497,  "end" : 3501 }, 
        {"sofa" : 12,  "begin" : 3502,  "end" : 3507 }, 
        {"sofa" : 12,  "begin" : 3508,  "end" : 3512 }, 
        {"sofa" : 12,  "begin" : 3513,  "end" : 3515 }, 
        {"sofa" : 12,  "begin" : 3516,  "end" : 3526 }, 
        {"sofa" : 12,  "begin" : 3527,  "end" : 3531 }, 
        {"sofa" : 12,  "begin" : 3532,  "end" : 3536 }, 
        {"sofa" : 12,  "begin" : 3537,  "end" : 3547 }, 
        {"sofa" : 12,  "begin" : 3548,  "end" : 3556 }, 
        {"sofa" : 12,  "begin" : 3557,  "end" : 3560 }, 
        {"sofa" : 12,  "begin" : 3561,  "end" : 3563 }, 
        {"sofa" : 12,  "begin" : 3564,  "end" : 3575 }, 
        {"sofa" : 12,  "begin" : 3576,  "end" : 3579 }, 
        {"sofa" : 12,  "begin" : 3580,  "end" : 3584 }, 
        {"sofa" : 12,  "begin" : 3585,  "end" : 3587 }, 
        {"sofa" : 12,  "begin" : 3588,  "end" : 3591 }, 
        {"sofa" : 12,  "begin" : 3592,  "end" : 3597 }, 
        {"sofa" : 12,  "begin" : 3598,  "end" : 3605 }, 
        {"sofa" : 12,  "begin" : 3606,  "end" : 3608 }, 
        {"sofa" : 12,  "begin" : 3608,  "end" : 3609 }, 
        {"sofa" : 12,  "begin" : 3609,  "end" : 3610 }, 
        {"sofa" : 12,  "begin" : 3610,  "end" : 3611 }, 
        {"sofa" : 12,  "begin" : 3612,  "end" : 3614 }, 
        {"sofa" : 12,  "begin" : 3615,  "end" : 3618 }, 
        {"sofa" : 12,  "begin" : 3619,  "end" : 3625 }, 
        {"sofa" : 12,  "begin" : 3626,  "end" : 3632 }, 
        {"sofa" : 12,  "begin" : 3632,  "end" : 3633 }, 
        {"sofa" : 12,  "begin" : 3634,  "end" : 3637 }, 
        {"sofa" : 12,  "begin" : 3638,  "end" : 3644 }, 
        {"sofa" : 12,  "begin" : 3645,  "end" : 3649 }, 
        {"sofa" : 12,  "begin" : 3650,  "end" : 3653 }, 
        {"sofa" : 12,  "begin" : 3654,  "end" : 3663 }, 
        {"sofa" : 12,  "begin" : 3664,  "end" : 3672 }, 
        {"sofa" : 12,  "begin" : 3673,  "end" : 3675 }, 
        {"sofa" : 12,  "begin" : 3676,  "end" : 3684 }, 
        {"sofa" : 12,  "begin" : 3685,  "end" : 3687 }, 
        {"sofa" : 12,  "begin" : 3688,  "end" : 3691 }, 
        {"sofa" : 12,  "begin" : 3692,  "end" : 3696 }, 
        {"sofa" : 12,  "begin" : 3697,  "end" : 3702 }, 
        {"sofa" : 12,  "begin" : 3703,  "end" : 3706 }, 
        {"sofa" : 12,  "begin" : 3707,  "end" : 3710 }, 
        {"sofa" : 12,  "begin" : 3711,  "end" : 3718 }, 
        {"sofa" : 12,  "begin" : 3718,  "end" : 3719 }, 
        {"sofa" : 12,  "begin" : 3720,  "end" : 3723 }, 
        {"sofa" : 12,  "begin" : 3724,  "end" : 3732 }, 
        {"sofa" : 12,  "begin" : 3733,  "end" : 3740 }, 
        {"sofa" : 12,  "begin" : 3741,  "end" : 3743 }, 
        {"sofa" : 12,  "begin" : 3744,  "end" : 3749 }, 
        {"sofa" : 12,  "begin" : 3750,  "end" : 3754 }, 
        {"sofa" : 12,  "begin" : 3755,  "end" : 3763 }, 
        {"sofa" : 12,  "begin" : 3764,  "end" : 3767 }, 
        {"sofa" : 12,  "begin" : 3768,  "end" : 3771 }, 
        {"sofa" : 12,  "begin" : 3772,  "end" : 3781 }, 
        {"sofa" : 12,  "begin" : 3782,  "end" : 3791 }, 
        {"sofa" : 12,  "begin" : 3792,  "end" : 3796 }, 
        {"sofa" : 12,  "begin" : 3797,  "end" : 3799 }, 
        {"sofa" : 12,  "begin" : 3800,  "end" : 3811 }, 
        {"sofa" : 12,  "begin" : 3812,  "end" : 3814 }, 
        {"sofa" : 12,  "begin" : 3815,  "end" : 3818 }, 
        {"sofa" : 12,  "begin" : 3819,  "end" : 3823 }, 
        {"sofa" : 12,  "begin" : 3824,  "end" : 3829 }, 
        {"sofa" : 12,  "begin" : 3830,  "end" : 3835 }, 
        {"sofa" : 12,  "begin" : 3836,  "end" : 3843 }, 
        {"sofa" : 12,  "begin" : 3844,  "end" : 3846 }, 
        {"sofa" : 12,  "begin" : 3846,  "end" : 3847 }, 
        {"sofa" : 12,  "begin" : 3847,  "end" : 3848 }, 
        {"sofa" : 12,  "begin" : 3848,  "end" : 3849 }, 
        {"sofa" : 12,  "begin" : 3850,  "end" : 3852 }, 
        {"sofa" : 12,  "begin" : 3853,  "end" : 3856 }, 
        {"sofa" : 12,  "begin" : 3857,  "end" : 3860 }, 
        {"sofa" : 12,  "begin" : 3861,  "end" : 3871 }, 
        {"sofa" : 12,  "begin" : 3872,  "end" : 3875 }, 
        {"sofa" : 12,  "begin" : 3876,  "end" : 3880 }, 
        {"sofa" : 12,  "begin" : 3881,  "end" : 3886 }, 
        {"sofa" : 12,  "begin" : 3887,  "end" : 3889 }, 
        {"sofa" : 12,  "begin" : 3890,  "end" : 3896 }, 
        {"sofa" : 12,  "begin" : 3897,  "end" : 3900 }, 
        {"sofa" : 12,  "begin" : 3901,  "end" : 3909 }, 
        {"sofa" : 12,  "begin" : 3910,  "end" : 3912 }, 
        {"sofa" : 12,  "begin" : 3913,  "end" : 3918 }, 
        {"sofa" : 12,  "begin" : 3919,  "end" : 3920 }, 
        {"sofa" : 12,  "begin" : 3921,  "end" : 3925 }, 
        {"sofa" : 12,  "begin" : 3926,  "end" : 3929 }, 
        {"sofa" : 12,  "begin" : 3930,  "end" : 3935 }, 
        {"sofa" : 12,  "begin" : 3936,  "end" : 3939 }, 
        {"sofa" : 12,  "begin" : 3940,  "end" : 3944 }, 
        {"sofa" : 12,  "begin" : 3945,  "end" : 3953 }, 
        {"sofa" : 12,  "begin" : 3954,  "end" : 3961 }, 
        {"sofa" : 12,  "begin" : 3962,  "end" : 3968 }, 
        {"sofa" : 12,  "begin" : 3969,  "end" : 3972 }, 
        {"sofa" : 12,  "begin" : 3973,  "end" : 3976 }, 
        {"sofa" : 12,  "begin" : 3977,  "end" : 3985 }, 
        {"sofa" : 12,  "begin" : 3985,  "end" : 3986 }, 
        {"sofa" : 12,  "begin" : 3988,  "end" : 3991 }, 
        {"sofa" : 12,  "begin" : 3992,  "end" : 3996 }, 
        {"sofa" : 12,  "begin" : 3997,  "end" : 4002 }, 
        {"sofa" : 12,  "begin" : 4003,  "end" : 4005 }, 
        {"sofa" : 12,  "begin" : 4006,  "end" : 4012 }, 
        {"sofa" : 12,  "begin" : 4013,  "end" : 4018 }, 
        {"sofa" : 12,  "begin" : 4019,  "end" : 4027 }, 
        {"sofa" : 12,  "begin" : 4028,  "end" : 4030 }, 
        {"sofa" : 12,  "begin" : 4031,  "end" : 4033 }, 
        {"sofa" : 12,  "begin" : 4034,  "end" : 4036 }, 
        {"sofa" : 12,  "begin" : 4036,  "end" : 4037 }, 
        {"sofa" : 12,  "begin" : 4038,  "end" : 4041 }, 
        {"sofa" : 12,  "begin" : 4042,  "end" : 4047 }, 
        {"sofa" : 12,  "begin" : 4048,  "end" : 4052 }, 
        {"sofa" : 12,  "begin" : 4053,  "end" : 4059 }, 
        {"sofa" : 12,  "begin" : 4059,  "end" : 4060 }, 
        {"sofa" : 12,  "begin" : 4061,  "end" : 4063 }, 
        {"sofa" : 12,  "begin" : 4063,  "end" : 4064 }, 
        {"sofa" : 12,  "begin" : 4065,  "end" : 4070 }, 
        {"sofa" : 12,  "begin" : 4071,  "end" : 4080 }, 
        {"sofa" : 12,  "begin" : 4081,  "end" : 4083 }, 
        {"sofa" : 12,  "begin" : 4084,  "end" : 4090 }, 
        {"sofa" : 12,  "begin" : 4091,  "end" : 4093 }, 
        {"sofa" : 12,  "begin" : 4094,  "end" : 4097 }, 
        {"sofa" : 12,  "begin" : 4098,  "end" : 4107 }, 
        {"sofa" : 12,  "begin" : 4108,  "end" : 4111 }, 
        {"sofa" : 12,  "begin" : 4112,  "end" : 4117 }, 
        {"sofa" : 12,  "begin" : 4118,  "end" : 4124 }, 
        {"sofa" : 12,  "begin" : 4125,  "end" : 4127 }, 
        {"sofa" : 12,  "begin" : 4128,  "end" : 4132 }, 
        {"sofa" : 12,  "begin" : 4133,  "end" : 4136 }, 
        {"sofa" : 12,  "begin" : 4137,  "end" : 4145 }, 
        {"sofa" : 12,  "begin" : 4146,  "end" : 4153 }, 
        {"sofa" : 12,  "begin" : 4154,  "end" : 4157 }, 
        {"sofa" : 12,  "begin" : 4158,  "end" : 4161 }, 
        {"sofa" : 12,  "begin" : 4162,  "end" : 4164 }, 
        {"sofa" : 12,  "begin" : 4165,  "end" : 4167 }, 
        {"sofa" : 12,  "begin" : 4167,  "end" : 4168 }, 
        {"sofa" : 12,  "begin" : 4169,  "end" : 4177 }, 
        {"sofa" : 12,  "begin" : 4178,  "end" : 4183 }, 
        {"sofa" : 12,  "begin" : 4184,  "end" : 4187 }, 
        {"sofa" : 12,  "begin" : 4188,  "end" : 4194 }, 
        {"sofa" : 12,  "begin" : 4195,  "end" : 4197 }, 
        {"sofa" : 12,  "begin" : 4198,  "end" : 4201 }, 
        {"sofa" : 12,  "begin" : 4202,  "end" : 4206 }, 
        {"sofa" : 12,  "begin" : 4207,  "end" : 4215 }, 
        {"sofa" : 12,  "begin" : 4216,  "end" : 4218 }, 
        {"sofa" : 12,  "begin" : 4219,  "end" : 4222 }, 
        {"sofa" : 12,  "begin" : 4223,  "end" : 4231 }, 
        {"sofa" : 12,  "begin" : 4231,  "end" : 4232 }, 
        {"sofa" : 12,  "begin" : 4233,  "end" : 4238 }, 
        {"sofa" : 12,  "begin" : 4239,  "end" : 4242 }, 
        {"sofa" : 12,  "begin" : 4243,  "end" : 4252 }, 
        {"sofa" : 12,  "begin" : 4253,  "end" : 4261 }, 
        {"sofa" : 12,  "begin" : 4262,  "end" : 4264 }, 
        {"sofa" : 12,  "begin" : 4265,  "end" : 4267 }, 
        {"sofa" : 12,  "begin" : 4268,  "end" : 4273 }, 
        {"sofa" : 12,  "begin" : 4274,  "end" : 4276 }, 
        {"sofa" : 12,  "begin" : 4277,  "end" : 4283 }, 
        {"sofa" : 12,  "begin" : 4284,  "end" : 4286 }, 
        {"sofa" : 12,  "begin" : 4287,  "end" : 4289 }, 
        {"sofa" : 12,  "begin" : 4290,  "end" : 4296 }, 
        {"sofa" : 12,  "begin" : 4296,  "end" : 4297 }, 
        {"sofa" : 12,  "begin" : 4298,  "end" : 4305 }, 
        {"sofa" : 12,  "begin" : 4306,  "end" : 4308 }, 
        {"sofa" : 12,  "begin" : 4309,  "end" : 4314 }, 
        {"sofa" : 12,  "begin" : 4315,  "end" : 4317 }, 
        {"sofa" : 12,  "begin" : 4318,  "end" : 4321 }, 
        {"sofa" : 12,  "begin" : 4322,  "end" : 4331 }, 
        {"sofa" : 12,  "begin" : 4332,  "end" : 4335 }, 
        {"sofa" : 12,  "begin" : 4336,  "end" : 4337 }, 
        {"sofa" : 12,  "begin" : 4338,  "end" : 4346 }, 
        {"sofa" : 12,  "begin" : 4347,  "end" : 4349 }, 
        {"sofa" : 12,  "begin" : 4350,  "end" : 4353 }, 
        {"sofa" : 12,  "begin" : 4354,  "end" : 4357 }, 
        {"sofa" : 12,  "begin" : 4358,  "end" : 4361 }, 
        {"sofa" : 12,  "begin" : 4362,  "end" : 4366 }, 
        {"sofa" : 12,  "begin" : 4367,  "end" : 4372 }, 
        {"sofa" : 12,  "begin" : 4373,  "end" : 4379 }, 
        {"sofa" : 12,  "begin" : 4380,  "end" : 4384 }, 
        {"sofa" : 12,  "begin" : 4385,  "end" : 4393 }, 
        {"sofa" : 12,  "begin" : 4394,  "end" : 4397 }, 
        {"sofa" : 12,  "begin" : 4398,  "end" : 4408 }, 
        {"sofa" : 12,  "begin" : 4409,  "end" : 4418 }, 
        {"sofa" : 12,  "begin" : 4419,  "end" : 4427 }, 
        {"sofa" : 12,  "begin" : 4428,  "end" : 4430 }, 
        {"sofa" : 12,  "begin" : 4431,  "end" : 4436 }, 
        {"sofa" : 12,  "begin" : 4437,  "end" : 4438 }, 
        {"sofa" : 12,  "begin" : 4439,  "end" : 4443 }, 
        {"sofa" : 12,  "begin" : 4444,  "end" : 4447 }, 
        {"sofa" : 12,  "begin" : 4448,  "end" : 4453 }, 
        {"sofa" : 12,  "begin" : 4454,  "end" : 4457 }, 
        {"sofa" : 12,  "begin" : 4458,  "end" : 4462 }, 
        {"sofa" : 12,  "begin" : 4463,  "end" : 4471 }, 
        {"sofa" : 12,  "begin" : 4472,  "end" : 4474 }, 
        {"sofa" : 12,  "begin" : 4475,  "end" : 4477 }, 
        {"sofa" : 12,  "begin" : 4478,  "end" : 4481 }, 
        {"sofa" : 12,  "begin" : 4482,  "end" : 4485 }, 
        {"sofa" : 12,  "begin" : 4486,  "end" : 4494 }, 
        {"sofa" : 12,  "begin" : 4494,  "end" : 4495 }, 
        {"sofa" : 12,  "begin" : 4496,  "end" : 4504 }, 
        {"sofa" : 12,  "begin" : 4505,  "end" : 4508 }, 
        {"sofa" : 12,  "begin" : 4509,  "end" : 4515 }, 
        {"sofa" : 12,  "begin" : 4516,  "end" : 4518 }, 
        {"sofa" : 12,  "begin" : 4519,  "end" : 4522 }, 
        {"sofa" : 12,  "begin" : 4523,  "end" : 4525 }, 
        {"sofa" : 12,  "begin" : 4526,  "end" : 4533 }, 
        {"sofa" : 12,  "begin" : 4534,  "end" : 4535 }, 
        {"sofa" : 12,  "begin" : 4535,  "end" : 4536 }, 
        {"sofa" : 12,  "begin" : 4537,  "end" : 4549 }, 
        {"sofa" : 12,  "begin" : 4550,  "end" : 4552 }, 
        {"sofa" : 12,  "begin" : 4553,  "end" : 4558 }, 
        {"sofa" : 12,  "begin" : 4558,  "end" : 4559 }, 
        {"sofa" : 12,  "begin" : 4560,  "end" : 4572 }, 
        {"sofa" : 12,  "begin" : 4573,  "end" : 4575 }, 
        {"sofa" : 12,  "begin" : 4576,  "end" : 4586 }, 
        {"sofa" : 12,  "begin" : 4587,  "end" : 4588 }, 
        {"sofa" : 12,  "begin" : 4588,  "end" : 4589 }, 
        {"sofa" : 12,  "begin" : 4590,  "end" : 4593 }, 
        {"sofa" : 12,  "begin" : 4594,  "end" : 4598 }, 
        {"sofa" : 12,  "begin" : 4599,  "end" : 4605 }, 
        {"sofa" : 12,  "begin" : 4606,  "end" : 4615 }, 
        {"sofa" : 12,  "begin" : 4615,  "end" : 4616 }, 
        {"sofa" : 12,  "begin" : 4617,  "end" : 4620 }, 
        {"sofa" : 12,  "begin" : 4621,  "end" : 4629 }, 
        {"sofa" : 12,  "begin" : 4630,  "end" : 4639 }, 
        {"sofa" : 12,  "begin" : 4640,  "end" : 4641 }, 
        {"sofa" : 12,  "begin" : 4641,  "end" : 4642 }, 
        {"sofa" : 12,  "begin" : 4643,  "end" : 4655 }, 
        {"sofa" : 12,  "begin" : 4656,  "end" : 4658 }, 
        {"sofa" : 12,  "begin" : 4659,  "end" : 4669 }, 
        {"sofa" : 12,  "begin" : 4670,  "end" : 4673 }, 
        {"sofa" : 12,  "begin" : 4674,  "end" : 4676 }, 
        {"sofa" : 12,  "begin" : 4677,  "end" : 4680 }, 
        {"sofa" : 12,  "begin" : 4681,  "end" : 4686 }, 
        {"sofa" : 12,  "begin" : 4687,  "end" : 4691 }, 
        {"sofa" : 12,  "begin" : 4692,  "end" : 4695 }, 
        {"sofa" : 12,  "begin" : 4696,  "end" : 4704 }, 
        {"sofa" : 12,  "begin" : 4705,  "end" : 4712 }, 
        {"sofa" : 12,  "begin" : 4713,  "end" : 4718 }, 
        {"sofa" : 12,  "begin" : 4719,  "end" : 4722 }, 
        {"sofa" : 12,  "begin" : 4723,  "end" : 4724 }, 
        {"sofa" : 12,  "begin" : 4725,  "end" : 4729 }, 
        {"sofa" : 12,  "begin" : 4730,  "end" : 4732 }, 
        {"sofa" : 12,  "begin" : 4733,  "end" : 4736 }, 
        {"sofa" : 12,  "begin" : 4737,  "end" : 4746 }, 
        {"sofa" : 12,  "begin" : 4747,  "end" : 4749 }, 
        {"sofa" : 12,  "begin" : 4750,  "end" : 4753 }, 
        {"sofa" : 12,  "begin" : 4754,  "end" : 4759 }, 
        {"sofa" : 12,  "begin" : 4760,  "end" : 4767 }, 
        {"sofa" : 12,  "begin" : 4768,  "end" : 4775 }, 
        {"sofa" : 12,  "begin" : 4776,  "end" : 4783 }, 
        {"sofa" : 12,  "begin" : 4784,  "end" : 4791 }, 
        {"sofa" : 12,  "begin" : 4792,  "end" : 4797 }, 
        {"sofa" : 12,  "begin" : 4798,  "end" : 4807 }, 
        {"sofa" : 12,  "begin" : 4808,  "end" : 4810 }, 
        {"sofa" : 12,  "begin" : 4811,  "end" : 4814 }, 
        {"sofa" : 12,  "begin" : 4815,  "end" : 4825 }, 
        {"sofa" : 12,  "begin" : 4826,  "end" : 4829 }, 
        {"sofa" : 12,  "begin" : 4830,  "end" : 4832 }, 
        {"sofa" : 12,  "begin" : 4833,  "end" : 4835 }, 
        {"sofa" : 12,  "begin" : 4836,  "end" : 4842 }, 
        {"sofa" : 12,  "begin" : 4843,  "end" : 4851 }, 
        {"sofa" : 12,  "begin" : 4852,  "end" : 4855 }, 
        {"sofa" : 12,  "begin" : 4856,  "end" : 4864 }, 
        {"sofa" : 12,  "begin" : 4865,  "end" : 4869 }, 
        {"sofa" : 12,  "begin" : 4870,  "end" : 4873 }, 
        {"sofa" : 12,  "begin" : 4874,  "end" : 4883 }, 
        {"sofa" : 12,  "begin" : 4884,  "end" : 4891 }, 
        {"sofa" : 12,  "begin" : 4892,  "end" : 4895 }, 
        {"sofa" : 12,  "begin" : 4896,  "end" : 4903 }, 
        {"sofa" : 12,  "begin" : 4904,  "end" : 4911 }, 
        {"sofa" : 12,  "begin" : 4912,  "end" : 4918 }, 
        {"sofa" : 12,  "begin" : 4919,  "end" : 4921 }, 
        {"sofa" : 12,  "begin" : 4922,  "end" : 4925 }, 
        {"sofa" : 12,  "begin" : 4926,  "end" : 4935 }, 
        {"sofa" : 12,  "begin" : 4936,  "end" : 4938 }, 
        {"sofa" : 12,  "begin" : 4939,  "end" : 4942 }, 
        {"sofa" : 12,  "begin" : 4943,  "end" : 4949 }, 
        {"sofa" : 12,  "begin" : 4950,  "end" : 4952 }, 
        {"sofa" : 12,  "begin" : 4953,  "end" : 4956 }, 
        {"sofa" : 12,  "begin" : 4957,  "end" : 4961 }, 
        {"sofa" : 12,  "begin" : 4962,  "end" : 4973 }, 
        {"sofa" : 12,  "begin" : 4974,  "end" : 4976 }, 
        {"sofa" : 12,  "begin" : 4977,  "end" : 4980 }, 
        {"sofa" : 12,  "begin" : 4981,  "end" : 4989 }, 
        {"sofa" : 12,  "begin" : 4990,  "end" : 4992 }, 
        {"sofa" : 12,  "begin" : 4993,  "end" : 4996 }, 
        {"sofa" : 12,  "begin" : 4997,  "end" : 5003 }, 
        {"sofa" : 12,  "begin" : 5004,  "end" : 5008 }, 
        {"sofa" : 12,  "begin" : 5009,  "end" : 5016 }, 
        {"sofa" : 12,  "begin" : 5017,  "end" : 5019 }, 
        {"sofa" : 12,  "begin" : 5020,  "end" : 5023 }, 
        {"sofa" : 12,  "begin" : 5024,  "end" : 5034 }, 
        {"sofa" : 12,  "begin" : 5035,  "end" : 5037 }, 
        {"sofa" : 12,  "begin" : 5038,  "end" : 5041 }, 
        {"sofa" : 12,  "begin" : 5042,  "end" : 5047 }, 
        {"sofa" : 12,  "begin" : 5048,  "end" : 5055 }, 
        {"sofa" : 12,  "begin" : 5056,  "end" : 5063 }, 
        {"sofa" : 12,  "begin" : 5064,  "end" : 5071 }, 
        {"sofa" : 12,  "begin" : 5072,  "end" : 5079 }, 
        {"sofa" : 12,  "begin" : 5080,  "end" : 5082 }, 
        {"sofa" : 12,  "begin" : 5083,  "end" : 5086 }, 
        {"sofa" : 12,  "begin" : 5087,  "end" : 5097 }, 
        {"sofa" : 12,  "begin" : 5098,  "end" : 5103 }, 
        {"sofa" : 12,  "begin" : 5104,  "end" : 5106 }, 
        {"sofa" : 12,  "begin" : 5107,  "end" : 5114 }, 
        {"sofa" : 12,  "begin" : 5115,  "end" : 5117 }, 
        {"sofa" : 12,  "begin" : 5118,  "end" : 5123 }, 
        {"sofa" : 12,  "begin" : 5124,  "end" : 5126 }, 
        {"sofa" : 12,  "begin" : 5127,  "end" : 5130 }, 
        {"sofa" : 12,  "begin" : 5131,  "end" : 5135 }, 
        {"sofa" : 12,  "begin" : 5136,  "end" : 5139 }, 
        {"sofa" : 12,  "begin" : 5140,  "end" : 5150 }, 
        {"sofa" : 12,  "begin" : 5151,  "end" : 5156 }, 
        {"sofa" : 12,  "begin" : 5157,  "end" : 5159 }, 
        {"sofa" : 12,  "begin" : 5160,  "end" : 5163 }, 
        {"sofa" : 12,  "begin" : 5164,  "end" : 5168 }, 
        {"sofa" : 12,  "begin" : 5169,  "end" : 5172 }, 
        {"sofa" : 12,  "begin" : 5173,  "end" : 5179 }, 
        {"sofa" : 12,  "begin" : 5180,  "end" : 5181 }, 
        {"sofa" : 12,  "begin" : 5182,  "end" : 5190 }, 
        {"sofa" : 12,  "begin" : 5191,  "end" : 5193 }, 
        {"sofa" : 12,  "begin" : 5194,  "end" : 5197 }, 
        {"sofa" : 12,  "begin" : 5198,  "end" : 5201 }, 
        {"sofa" : 12,  "begin" : 5202,  "end" : 5204 }, 
        {"sofa" : 12,  "begin" : 5205,  "end" : 5211 }, 
        {"sofa" : 12,  "begin" : 5212,  "end" : 5214 }, 
        {"sofa" : 12,  "begin" : 5215,  "end" : 5218 }, 
        {"sofa" : 12,  "begin" : 5219,  "end" : 5221 }, 
        {"sofa" : 12,  "begin" : 5222,  "end" : 5225 }, 
        {"sofa" : 12,  "begin" : 5226,  "end" : 5238 }, 
        {"sofa" : 12,  "begin" : 5239,  "end" : 5241 }, 
        {"sofa" : 12,  "begin" : 5242,  "end" : 5246 }, 
        {"sofa" : 12,  "begin" : 5247,  "end" : 5252 }, 
        {"sofa" : 12,  "begin" : 5253,  "end" : 5255 }, 
        {"sofa" : 12,  "begin" : 5256,  "end" : 5259 }, 
        {"sofa" : 12,  "begin" : 5260,  "end" : 5268 }, 
        {"sofa" : 12,  "begin" : 5269,  "end" : 5277 }, 
        {"sofa" : 12,  "begin" : 5278,  "end" : 5280 }, 
        {"sofa" : 12,  "begin" : 5281,  "end" : 5289 }, 
        {"sofa" : 12,  "begin" : 5290,  "end" : 5299 }, 
        {"sofa" : 12,  "begin" : 5300,  "end" : 5301 }, 
        {"sofa" : 12,  "begin" : 5301,  "end" : 5302 }, 
        {"sofa" : 12,  "begin" : 5303,  "end" : 5315 }, 
        {"sofa" : 12,  "begin" : 5316,  "end" : 5318 }, 
        {"sofa" : 12,  "begin" : 5319,  "end" : 5329 }, 
        {"sofa" : 12,  "begin" : 5330,  "end" : 5334 }, 
        {"sofa" : 12,  "begin" : 5335,  "end" : 5337 }, 
        {"sofa" : 12,  "begin" : 5338,  "end" : 5341 }, 
        {"sofa" : 12,  "begin" : 5342,  "end" : 5346 }, 
        {"sofa" : 12,  "begin" : 5347,  "end" : 5349 }, 
        {"sofa" : 12,  "begin" : 5350,  "end" : 5353 }, 
        {"sofa" : 12,  "begin" : 5354,  "end" : 5359 }, 
        {"sofa" : 12,  "begin" : 5360,  "end" : 5362 }, 
        {"sofa" : 12,  "begin" : 5363,  "end" : 5367 }, 
        {"sofa" : 12,  "begin" : 5368,  "end" : 5371 }, 
        {"sofa" : 12,  "begin" : 5372,  "end" : 5376 }, 
        {"sofa" : 12,  "begin" : 5377,  "end" : 5379 }, 
        {"sofa" : 12,  "begin" : 5380,  "end" : 5389 }, 
        {"sofa" : 12,  "begin" : 5390,  "end" : 5396 }, 
        {"sofa" : 12,  "begin" : 5397,  "end" : 5400 }, 
        {"sofa" : 12,  "begin" : 5401,  "end" : 5405 }, 
        {"sofa" : 12,  "begin" : 5406,  "end" : 5412 }, 
        {"sofa" : 12,  "begin" : 5413,  "end" : 5416 }, 
        {"sofa" : 12,  "begin" : 5417,  "end" : 5421 }, 
        {"sofa" : 12,  "begin" : 5422,  "end" : 5424 }, 
        {"sofa" : 12,  "begin" : 5425,  "end" : 5430 }, 
        {"sofa" : 12,  "begin" : 5431,  "end" : 5433 }, 
        {"sofa" : 12,  "begin" : 5434,  "end" : 5437 }, 
        {"sofa" : 12,  "begin" : 5438,  "end" : 5441 }, 
        {"sofa" : 12,  "begin" : 5442,  "end" : 5446 }, 
        {"sofa" : 12,  "begin" : 5447,  "end" : 5450 }, 
        {"sofa" : 12,  "begin" : 5451,  "end" : 5455 }, 
        {"sofa" : 12,  "begin" : 5456,  "end" : 5463 }, 
        {"sofa" : 12,  "begin" : 5464,  "end" : 5466 }, 
        {"sofa" : 12,  "begin" : 5467,  "end" : 5470 }, 
        {"sofa" : 12,  "begin" : 5471,  "end" : 5482 }, 
        {"sofa" : 12,  "begin" : 5482,  "end" : 5483 }, 
        {"sofa" : 12,  "begin" : 5484,  "end" : 5487 }, 
        {"sofa" : 12,  "begin" : 5488,  "end" : 5495 }, 
        {"sofa" : 12,  "begin" : 5496,  "end" : 5500 }, 
        {"sofa" : 12,  "begin" : 5501,  "end" : 5506 }, 
        {"sofa" : 12,  "begin" : 5507,  "end" : 5513 }, 
        {"sofa" : 12,  "begin" : 5514,  "end" : 5518 }, 
        {"sofa" : 12,  "begin" : 5519,  "end" : 5525 }, 
        {"sofa" : 12,  "begin" : 5526,  "end" : 5529 }, 
        {"sofa" : 12,  "begin" : 5530,  "end" : 5536 }, 
        {"sofa" : 12,  "begin" : 5537,  "end" : 5541 }, 
        {"sofa" : 12,  "begin" : 5542,  "end" : 5544 }, 
        {"sofa" : 12,  "begin" : 5545,  "end" : 5548 }, 
        {"sofa" : 12,  "begin" : 5549,  "end" : 5552 }, 
        {"sofa" : 12,  "begin" : 5553,  "end" : 5557 }, 
        {"sofa" : 12,  "begin" : 5558,  "end" : 5564 }, 
        {"sofa" : 12,  "begin" : 5565,  "end" : 5569 }, 
        {"sofa" : 12,  "begin" : 5570,  "end" : 5577 }, 
        {"sofa" : 12,  "begin" : 5577,  "end" : 5578 }, 
        {"sofa" : 12,  "begin" : 5580,  "end" : 5582 }, 
        {"sofa" : 12,  "begin" : 5583,  "end" : 5586 }, 
        {"sofa" : 12,  "begin" : 5587,  "end" : 5589 }, 
        {"sofa" : 12,  "begin" : 5590,  "end" : 5597 }, 
        {"sofa" : 12,  "begin" : 5598,  "end" : 5601 }, 
        {"sofa" : 12,  "begin" : 5602,  "end" : 5611 }, 
        {"sofa" : 12,  "begin" : 5612,  "end" : 5614 }, 
        {"sofa" : 12,  "begin" : 5615,  "end" : 5622 }, 
        {"sofa" : 12,  "begin" : 5623,  "end" : 5626 }, 
        {"sofa" : 12,  "begin" : 5627,  "end" : 5634 }, 
        {"sofa" : 12,  "begin" : 5635,  "end" : 5637 }, 
        {"sofa" : 12,  "begin" : 5638,  "end" : 5641 }, 
        {"sofa" : 12,  "begin" : 5642,  "end" : 5648 }, 
        {"sofa" : 12,  "begin" : 5649,  "end" : 5651 }, 
        {"sofa" : 12,  "begin" : 5652,  "end" : 5656 }, 
        {"sofa" : 12,  "begin" : 5657,  "end" : 5667 }, 
        {"sofa" : 12,  "begin" : 5667,  "end" : 5668 }, 
        {"sofa" : 12,  "begin" : 5669,  "end" : 5676 }, 
        {"sofa" : 12,  "begin" : 5677,  "end" : 5679 }, 
        {"sofa" : 12,  "begin" : 5680,  "end" : 5682 }, 
        {"sofa" : 12,  "begin" : 5683,  "end" : 5686 }, 
        {"sofa" : 12,  "begin" : 5687,  "end" : 5691 }, 
        {"sofa" : 12,  "begin" : 5692,  "end" : 5696 }, 
        {"sofa" : 12,  "begin" : 5697,  "end" : 5707 }, 
        {"sofa" : 12,  "begin" : 5708,  "end" : 5714 }, 
        {"sofa" : 12,  "begin" : 5715,  "end" : 5716 }, 
        {"sofa" : 12,  "begin" : 5717,  "end" : 5725 }, 
        {"sofa" : 12,  "begin" : 5726,  "end" : 5728 }, 
        {"sofa" : 12,  "begin" : 5729,  "end" : 5732 }, 
        {"sofa" : 12,  "begin" : 5733,  "end" : 5738 }, 
        {"sofa" : 12,  "begin" : 5739,  "end" : 5745 }, 
        {"sofa" : 12,  "begin" : 5746,  "end" : 5750 }, 
        {"sofa" : 12,  "begin" : 5751,  "end" : 5755 }, 
        {"sofa" : 12,  "begin" : 5756,  "end" : 5764 }, 
        {"sofa" : 12,  "begin" : 5765,  "end" : 5767 }, 
        {"sofa" : 12,  "begin" : 5768,  "end" : 5771 }, 
        {"sofa" : 12,  "begin" : 5772,  "end" : 5776 }, 
        {"sofa" : 12,  "begin" : 5777,  "end" : 5782 }, 
        {"sofa" : 12,  "begin" : 5783,  "end" : 5785 }, 
        {"sofa" : 12,  "begin" : 5786,  "end" : 5789 }, 
        {"sofa" : 12,  "begin" : 5790,  "end" : 5800 }, 
        {"sofa" : 12,  "begin" : 5801,  "end" : 5810 }, 
        {"sofa" : 12,  "begin" : 5811,  "end" : 5819 }, 
        {"sofa" : 12,  "begin" : 5820,  "end" : 5823 }, 
        {"sofa" : 12,  "begin" : 5824,  "end" : 5827 }, 
        {"sofa" : 12,  "begin" : 5828,  "end" : 5836 }, 
        {"sofa" : 12,  "begin" : 5836,  "end" : 5837 }, 
        {"sofa" : 12,  "begin" : 5838,  "end" : 5841 }, 
        {"sofa" : 12,  "begin" : 5842,  "end" : 5846 }, 
        {"sofa" : 12,  "begin" : 5847,  "end" : 5849 }, 
        {"sofa" : 12,  "begin" : 5850,  "end" : 5853 }, 
        {"sofa" : 12,  "begin" : 5854,  "end" : 5861 }, 
        {"sofa" : 12,  "begin" : 5862,  "end" : 5864 }, 
        {"sofa" : 12,  "begin" : 5865,  "end" : 5868 }, 
        {"sofa" : 12,  "begin" : 5869,  "end" : 5879 }, 
        {"sofa" : 12,  "begin" : 5880,  "end" : 5889 }, 
        {"sofa" : 12,  "begin" : 5890,  "end" : 5898 }, 
        {"sofa" : 12,  "begin" : 5899,  "end" : 5901 }, 
        {"sofa" : 12,  "begin" : 5902,  "end" : 5907 }, 
        {"sofa" : 12,  "begin" : 5908,  "end" : 5909 }, 
        {"sofa" : 12,  "begin" : 5910,  "end" : 5914 }, 
        {"sofa" : 12,  "begin" : 5915,  "end" : 5918 }, 
        {"sofa" : 12,  "begin" : 5919,  "end" : 5921 }, 
        {"sofa" : 12,  "begin" : 5922,  "end" : 5927 }, 
        {"sofa" : 12,  "begin" : 5928,  "end" : 5931 }, 
        {"sofa" : 12,  "begin" : 5932,  "end" : 5936 }, 
        {"sofa" : 12,  "begin" : 5937,  "end" : 5945 }, 
        {"sofa" : 12,  "begin" : 5946,  "end" : 5948 }, 
        {"sofa" : 12,  "begin" : 5949,  "end" : 5952 }, 
        {"sofa" : 12,  "begin" : 5953,  "end" : 5957 }, 
        {"sofa" : 12,  "begin" : 5958,  "end" : 5963 }, 
        {"sofa" : 12,  "begin" : 5964,  "end" : 5967 }, 
        {"sofa" : 12,  "begin" : 5968,  "end" : 5977 }, 
        {"sofa" : 12,  "begin" : 5978,  "end" : 5988 }, 
        {"sofa" : 12,  "begin" : 5989,  "end" : 5992 }, 
        {"sofa" : 12,  "begin" : 5993,  "end" : 5997 }, 
        {"sofa" : 12,  "begin" : 5998,  "end" : 6003 }, 
        {"sofa" : 12,  "begin" : 6003,  "end" : 6004 }, 
        {"sofa" : 12,  "begin" : 6005,  "end" : 6008 }, 
        {"sofa" : 12,  "begin" : 6009,  "end" : 6013 }, 
        {"sofa" : 12,  "begin" : 6014,  "end" : 6019 }, 
        {"sofa" : 12,  "begin" : 6020,  "end" : 6026 }, 
        {"sofa" : 12,  "begin" : 6026,  "end" : 6027 }, 
        {"sofa" : 12,  "begin" : 6028,  "end" : 6030 }, 
        {"sofa" : 12,  "begin" : 6031,  "end" : 6034 }, 
        {"sofa" : 12,  "begin" : 6035,  "end" : 6043 }, 
        {"sofa" : 12,  "begin" : 6044,  "end" : 6046 }, 
        {"sofa" : 12,  "begin" : 6047,  "end" : 6050 }, 
        {"sofa" : 12,  "begin" : 6051,  "end" : 6063 }, 
        {"sofa" : 12,  "begin" : 6064,  "end" : 6069 }, 
        {"sofa" : 12,  "begin" : 6070,  "end" : 6077 }, 
        {"sofa" : 12,  "begin" : 6078,  "end" : 6080 }, 
        {"sofa" : 12,  "begin" : 6080,  "end" : 6081 }, 
        {"sofa" : 12,  "begin" : 6081,  "end" : 6082 }, 
        {"sofa" : 12,  "begin" : 6082,  "end" : 6083 }, 
        {"sofa" : 12,  "begin" : 6084,  "end" : 6086 }, 
        {"sofa" : 12,  "begin" : 6087,  "end" : 6090 }, 
        {"sofa" : 12,  "begin" : 6091,  "end" : 6101 }, 
        {"sofa" : 12,  "begin" : 6102,  "end" : 6105 }, 
        {"sofa" : 12,  "begin" : 6105,  "end" : 6106 }, 
        {"sofa" : 12,  "begin" : 6107,  "end" : 6111 }, 
        {"sofa" : 12,  "begin" : 6112,  "end" : 6117 }, 
        {"sofa" : 12,  "begin" : 6118,  "end" : 6121 }, 
        {"sofa" : 12,  "begin" : 6122,  "end" : 6132 }, 
        {"sofa" : 12,  "begin" : 6133,  "end" : 6142 }, 
        {"sofa" : 12,  "begin" : 6143,  "end" : 6151 }, 
        {"sofa" : 12,  "begin" : 6152,  "end" : 6154 }, 
        {"sofa" : 12,  "begin" : 6155,  "end" : 6160 }, 
        {"sofa" : 12,  "begin" : 6161,  "end" : 6162 }, 
        {"sofa" : 12,  "begin" : 6163,  "end" : 6167 }, 
        {"sofa" : 12,  "begin" : 6168,  "end" : 6171 }, 
        {"sofa" : 12,  "begin" : 6172,  "end" : 6177 }, 
        {"sofa" : 12,  "begin" : 6178,  "end" : 6181 }, 
        {"sofa" : 12,  "begin" : 6182,  "end" : 6186 }, 
        {"sofa" : 12,  "begin" : 6187,  "end" : 6195 }, 
        {"sofa" : 12,  "begin" : 6196,  "end" : 6198 }, 
        {"sofa" : 12,  "begin" : 6199,  "end" : 6201 }, 
        {"sofa" : 12,  "begin" : 6202,  "end" : 6205 }, 
        {"sofa" : 12,  "begin" : 6206,  "end" : 6209 }, 
        {"sofa" : 12,  "begin" : 6210,  "end" : 6218 }, 
        {"sofa" : 12,  "begin" : 6218,  "end" : 6219 }, 
        {"sofa" : 12,  "begin" : 6220,  "end" : 6223 }, 
        {"sofa" : 12,  "begin" : 6224,  "end" : 6232 }, 
        {"sofa" : 12,  "begin" : 6233,  "end" : 6235 }, 
        {"sofa" : 12,  "begin" : 6236,  "end" : 6238 }, 
        {"sofa" : 12,  "begin" : 6239,  "end" : 6242 }, 
        {"sofa" : 12,  "begin" : 6243,  "end" : 6247 }, 
        {"sofa" : 12,  "begin" : 6248,  "end" : 6254 }, 
        {"sofa" : 12,  "begin" : 6255,  "end" : 6257 }, 
        {"sofa" : 12,  "begin" : 6258,  "end" : 6261 }, 
        {"sofa" : 12,  "begin" : 6262,  "end" : 6267 }, 
        {"sofa" : 12,  "begin" : 6268,  "end" : 6274 }, 
        {"sofa" : 12,  "begin" : 6274,  "end" : 6275 }, 
        {"sofa" : 12,  "begin" : 6276,  "end" : 6284 }, 
        {"sofa" : 12,  "begin" : 6285,  "end" : 6286 }, 
        {"sofa" : 12,  "begin" : 6286,  "end" : 6287 } ], 
      "ACCEPTED" : [
        {"sofa" : 12,  "begin" : 6276,  "end" : 6284 } ], 
      "RANK1" : [
        {"sofa" : 12,  "begin" : 5669,  "end" : 6219 } ], 
      "Rank2" : [
        {"sofa" : 12,  "begin" : 4133,  "end" : 4495 } ], 
      "Rank3" : [
        {"sofa" : 12,  "end" : 467 }, 
        {"sofa" : 12,  "begin" : 2724,  "end" : 4060 } ] } }, 
  "_referenced_fss" : {
    "12" : {"_type" : "Sofa",  "sofaNum" : 1,  "sofaID" : "_InitialView",  "mimeType" : "text",  "sofaString" : "Directed against the refusal by the High Court of Patna to require the Income-tax Appellate Tribunal to state a case and refer to it the question of law namely Whether under the facts and circumstances of the case, the amount of Rs. 1,30,785 being the excess of sale proceeds of the building, plant and machinery over the written down value of the business of the said newspapers publications could in law be termed to be income, profits and gains of the petitioner ? The facts which led to this appeal may be shortly stated. The appellant was the sole proprietor of the business which he carried on of publishing tow news-papers, namely The Indian National and Aryavart and which business had some assets. The Income-tax authorities had from time to time allowed to the appellant depreciation on the said assets for several years. In the accounting year 1356 Fasli corresponding to the assessment year 1950-1951, the appellant converted his said proprietary business into a private limited company.\n The entire capital of the newly-floated private limited company came out of the pocket of and was subscribed for by the appellant. The said newspapers publications and their assets were transferred from the sole proprietorship of the appellant to the newly floated private limited company of which the entire share capital was subscribed for and paid by the appellant. The appellant was allotted by way of consideration for the said transfer 25,000 shares of the said company out of which he held in his own name 24,950 share, the remaining 50 shares having been allotted at his instance to the names of his nominees by way of directors qualification shares. On the said transfer certain valuation was put on these assets.\n The written down value of the building as on the 30th September, 1948, was Rs. 29,669, the original cost thereof including the cost of subsequent additions being Rs. 49,270. The written down value of the machines and the plants as on the 30th September, 1948, was Rs. 1,19,368 as against the original cost thereof including subsequent additions which came to Rs. 2,30,552. There was thus a difference of Rs. 1,30,785 which represented the total amount of depreciation which had been allowed by the Income-tax authorities on these assets up to that date. When the valuation was put on these assets for the purpose of the transfer, the valuation of the building with subsequent additions showed an appreciation of Rs. 54,599 and the appreciation in regard to the machinery and plant together with subsequent additions came to Rs. 1,51,744. The appreciated value of these assets therefore aggregated to Rs. 2,06,343 which was in excess of the depreciation amount already allowed namely, Rs. 1,30,785.\n The Income-tax Officer while assessing the appellants income for the assessment year 1950-51 was of the opinion that the appellant had sold to the private limited company these assets at an appreciated value and realised profits thereby and since the difference between the original cost and the written down value, namely Rs. 1,30,785, was less than the appreciated sale price of Rs. 2,06,343, the entire amount of Rs. 1,30,785 was income, profits or gains in the hands of the appellant liable to be assessed during the relevant assessment year, and assessed the same accordingly.\n Appeals filed by the appellant before the Appellate Assistant Commissioner and the Income-tax Appellate Tribunal failed with the result that the appellant applied to the Tribunal to state a case inter alia in connection with this particular question and an application was made by him under section 66(1) of the Indian Income- tax asking that the aforesaid question be referred to the High Court for its opinion. The Tribunal refused to refer that question and the appellant thereupon made an application to the High Court under section 66(2) of the Act requesting the High Court to direct the Tribunal to state a case and refer the said question amongst others for its decision.\n The High Court as stated above declined to do so, and hence this appeal. Mr. Kolah appearing on behalf of the appellant has urged before us that the question whether the sum of Rs. 1,30,785 being the excess of the sale proceeds of the building, plant and machinery amounted to or could be deemed to be income, profits or gains of the appellant was a question of law and the High Court should have directed the Income-tax Appellate Tribunal to state a case and refer the said question to it for its decision. Reliance was placed by him on Doughty v. Commissioner of Taxes, Commissioner of Income-tax v. Sir Homi Mehtas Executors, and Kikabhai Premchand v. Commissioner of Income-tax and it was urged that the question whether there was a sale by the appellant to the newly floated private limited company which according to his submission was in no manner distinct and separate from the appellant himself and whether profits earned by the appellant in the matter of the said transaction of the transfer of the assets from himself as the proprietor to the newly floated private limited company as the transferee could be profits or gains in the real and commercial sense of the term was really a question of law and if regard be had to the observations of this court in the majority judgment in Kikabhai Premchand v. Commissioner of Income-tax that it was open to the court to lift the veil of corporate entity and look behind the same in order to see who were the real parties to the transaction, the present case would really come within the dictum that no man can make profit from himself.\n We are at present not concerned to express any opinion on the merits of this contention. Suffice it to say that this contention raises a question of law which should have been referred to the High Court by the Income-tax Appellate Tribunal for its decision, and when on the refusal of the Income-tax Appellate Tribunal to state a case and to refer the said question to the High Court the appellant approached the High Court, the High Court should, in the exercise of its jurisdiction under section 66(2) of the Income-tax Act, have asked the Income-tax Appellate Tribunal to state a case and refer the said question to it for its decision. The question as it has been framed is not aptly worded.\nDECISION ??" } } }