{"_context" : {
    "_types" : {
      "DocumentMetaData" : {
        "_feature_types" : {"sofa" : "_ref" } }, 
      "RANK1" : {
        "_feature_types" : {"sofa" : "_ref" } }, 
      "REJECTED" : {
        "_feature_types" : {"sofa" : "_ref" } }, 
      "Rank2" : {
        "_feature_types" : {"sofa" : "_ref" } }, 
      "Rank3" : {
        "_feature_types" : {"sofa" : "_ref" } }, 
      "Sentence" : {
        "_feature_types" : {"sofa" : "_ref" } }, 
      "Sofa" : {
        "_feature_types" : {"sofaArray" : "_ref" } }, 
      "TagsetDescription" : {
        "_feature_types" : {"sofa" : "_ref",  "tags" : "_ref" } }, 
      "Token" : {
        "_feature_types" : {"sofa" : "_ref",  "parent" : "_ref",  "lemma" : "_ref",  "stem" : "_ref",  "pos" : "_ref",  "morph" : "_ref",  "form" : "_ref" } }, 
      "DocumentAnnotation" : {
        "_feature_types" : {"sofa" : "_ref" }, 
        "_subtypes" : ["DocumentMetaData" ] }, 
      "Annotation" : {
        "_feature_types" : {"sofa" : "_ref" }, 
        "_subtypes" : ["DocumentAnnotation",  "RANK1",  "REJECTED",  "Rank2",  "Rank3",  "Sentence",  "TagsetDescription",  "Token" ] }, 
      "AnnotationBase" : {
        "_feature_types" : {"sofa" : "_ref" }, 
        "_subtypes" : ["Annotation" ] }, 
      "TOP" : {
        "_subtypes" : ["AnnotationBase",  "Sofa" ] } } }, 
  "_views" : {
    "_InitialView" : {
      "DocumentMetaData" : [
        {"sofa" : 12,  "end" : 7078,  "language" : "x-unspecified",  "documentTitle" : "1961_365.txt",  "documentId" : "user2",  "documentUri" : "file:/home/ashutosh/.webanno/repository/project/9/document/274/source/user2",  "collectionId" : "file:/home/ashutosh/.webanno/repository/project/9/document/274/source/",  "documentBaseUri" : "file:/home/ashutosh/.webanno/repository/project/9/document/274/source/",  "isLastSegment" : false } ], 
      "TagsetDescription" : [
        {"sofa" : 12,  "layer" : "de.tudarmstadt.ukp.dkpro.core.api.syntax.type.dependency.Dependency",  "name" : "UD Universal Dependencies (v2)",  "input" : false }, 
        {"sofa" : 12,  "layer" : "de.tudarmstadt.ukp.dkpro.core.api.ner.type.NamedEntity",  "name" : "Named Entity tags",  "input" : false }, 
        {"sofa" : 12,  "layer" : "de.tudarmstadt.ukp.dkpro.core.api.transform.type.SofaChangeAnnotation",  "name" : "Operation",  "input" : false }, 
        {"sofa" : 12,  "layer" : "de.tudarmstadt.ukp.dkpro.core.api.lexmorph.type.pos.POS",  "name" : "UD Universal POS tags (v2)",  "input" : false } ], 
      "Sentence" : [
        {"sofa" : 12,  "end" : 258 }, 
        {"sofa" : 12,  "begin" : 259,  "end" : 376 }, 
        {"sofa" : 12,  "begin" : 377,  "end" : 442 }, 
        {"sofa" : 12,  "begin" : 443,  "end" : 575 }, 
        {"sofa" : 12,  "begin" : 576,  "end" : 620 }, 
        {"sofa" : 12,  "begin" : 621,  "end" : 845 }, 
        {"sofa" : 12,  "begin" : 846,  "end" : 904 }, 
        {"sofa" : 12,  "begin" : 905,  "end" : 998 }, 
        {"sofa" : 12,  "begin" : 999,  "end" : 1149 }, 
        {"sofa" : 12,  "begin" : 1150,  "end" : 1246 }, 
        {"sofa" : 12,  "begin" : 1247,  "end" : 1424 }, 
        {"sofa" : 12,  "begin" : 1425,  "end" : 1501 }, 
        {"sofa" : 12,  "begin" : 1502,  "end" : 1867 }, 
        {"sofa" : 12,  "begin" : 1868,  "end" : 2070 }, 
        {"sofa" : 12,  "begin" : 2071,  "end" : 2505 }, 
        {"sofa" : 12,  "begin" : 2506,  "end" : 2587 }, 
        {"sofa" : 12,  "begin" : 2588,  "end" : 2730 }, 
        {"sofa" : 12,  "begin" : 2731,  "end" : 2889 }, 
        {"sofa" : 12,  "begin" : 2890,  "end" : 3119 }, 
        {"sofa" : 12,  "begin" : 3120,  "end" : 3329 }, 
        {"sofa" : 12,  "begin" : 3330,  "end" : 3582 }, 
        {"sofa" : 12,  "begin" : 3583,  "end" : 3786 }, 
        {"sofa" : 12,  "begin" : 3787,  "end" : 4095 }, 
        {"sofa" : 12,  "begin" : 4096,  "end" : 4179 }, 
        {"sofa" : 12,  "begin" : 4180,  "end" : 4338 }, 
        {"sofa" : 12,  "begin" : 4340,  "end" : 4557 }, 
        {"sofa" : 12,  "begin" : 4558,  "end" : 4864 }, 
        {"sofa" : 12,  "begin" : 4865,  "end" : 5333 }, 
        {"sofa" : 12,  "begin" : 5334,  "end" : 5462 }, 
        {"sofa" : 12,  "begin" : 5463,  "end" : 5578 }, 
        {"sofa" : 12,  "begin" : 5579,  "end" : 5821 }, 
        {"sofa" : 12,  "begin" : 5822,  "end" : 5940 }, 
        {"sofa" : 12,  "begin" : 5941,  "end" : 6163 }, 
        {"sofa" : 12,  "begin" : 6164,  "end" : 6424 }, 
        {"sofa" : 12,  "begin" : 6425,  "end" : 6585 }, 
        {"sofa" : 12,  "begin" : 6586,  "end" : 6825 }, 
        {"sofa" : 12,  "begin" : 6826,  "end" : 6899 }, 
        {"sofa" : 12,  "begin" : 6900,  "end" : 7065 }, 
        {"sofa" : 12,  "begin" : 7066,  "end" : 7077 } ], 
      "Token" : [
        {"sofa" : 12,  "end" : 4 }, 
        {"sofa" : 12,  "begin" : 5,  "end" : 7 }, 
        {"sofa" : 12,  "begin" : 8,  "end" : 10 }, 
        {"sofa" : 12,  "begin" : 11,  "end" : 17 }, 
        {"sofa" : 12,  "begin" : 18,  "end" : 22 }, 
        {"sofa" : 12,  "begin" : 23,  "end" : 30 }, 
        {"sofa" : 12,  "begin" : 31,  "end" : 36 }, 
        {"sofa" : 12,  "begin" : 37,  "end" : 42 }, 
        {"sofa" : 12,  "begin" : 43,  "end" : 50 }, 
        {"sofa" : 12,  "begin" : 51,  "end" : 54 }, 
        {"sofa" : 12,  "begin" : 55,  "end" : 57 }, 
        {"sofa" : 12,  "begin" : 58,  "end" : 61 }, 
        {"sofa" : 12,  "begin" : 62,  "end" : 74 }, 
        {"sofa" : 12,  "begin" : 75,  "end" : 82 }, 
        {"sofa" : 12,  "begin" : 83,  "end" : 86 }, 
        {"sofa" : 12,  "begin" : 87,  "end" : 92 }, 
        {"sofa" : 12,  "begin" : 93,  "end" : 95 }, 
        {"sofa" : 12,  "begin" : 96,  "end" : 99 }, 
        {"sofa" : 12,  "begin" : 100,  "end" : 104 }, 
        {"sofa" : 12,  "begin" : 105,  "end" : 110 }, 
        {"sofa" : 12,  "begin" : 111,  "end" : 113 }, 
        {"sofa" : 12,  "begin" : 114,  "end" : 124 }, 
        {"sofa" : 12,  "begin" : 125,  "end" : 127 }, 
        {"sofa" : 12,  "begin" : 128,  "end" : 134 }, 
        {"sofa" : 12,  "begin" : 134,  "end" : 135 }, 
        {"sofa" : 12,  "begin" : 136,  "end" : 144 }, 
        {"sofa" : 12,  "begin" : 145,  "end" : 147 }, 
        {"sofa" : 12,  "begin" : 148,  "end" : 152 }, 
        {"sofa" : 12,  "begin" : 153,  "end" : 156 }, 
        {"sofa" : 12,  "begin" : 157,  "end" : 158 }, 
        {"sofa" : 12,  "begin" : 159,  "end" : 168 }, 
        {"sofa" : 12,  "begin" : 169,  "end" : 171 }, 
        {"sofa" : 12,  "begin" : 172,  "end" : 176 }, 
        {"sofa" : 12,  "begin" : 177,  "end" : 181 }, 
        {"sofa" : 12,  "begin" : 182,  "end" : 185 }, 
        {"sofa" : 12,  "begin" : 186,  "end" : 196 }, 
        {"sofa" : 12,  "begin" : 197,  "end" : 206 }, 
        {"sofa" : 12,  "begin" : 207,  "end" : 215 }, 
        {"sofa" : 12,  "begin" : 216,  "end" : 221 }, 
        {"sofa" : 12,  "begin" : 222,  "end" : 229 }, 
        {"sofa" : 12,  "begin" : 230,  "end" : 232 }, 
        {"sofa" : 12,  "begin" : 232,  "end" : 233 }, 
        {"sofa" : 12,  "begin" : 233,  "end" : 234 }, 
        {"sofa" : 12,  "begin" : 234,  "end" : 235 }, 
        {"sofa" : 12,  "begin" : 236,  "end" : 238 }, 
        {"sofa" : 12,  "begin" : 239,  "end" : 242 }, 
        {"sofa" : 12,  "begin" : 243,  "end" : 253 }, 
        {"sofa" : 12,  "begin" : 254,  "end" : 257 }, 
        {"sofa" : 12,  "begin" : 257,  "end" : 258 }, 
        {"sofa" : 12,  "begin" : 259,  "end" : 262 }, 
        {"sofa" : 12,  "begin" : 263,  "end" : 273 }, 
        {"sofa" : 12,  "begin" : 274,  "end" : 277 }, 
        {"sofa" : 12,  "begin" : 278,  "end" : 279 }, 
        {"sofa" : 12,  "begin" : 280,  "end" : 290 }, 
        {"sofa" : 12,  "begin" : 291,  "end" : 295 }, 
        {"sofa" : 12,  "begin" : 296,  "end" : 304 }, 
        {"sofa" : 12,  "begin" : 305,  "end" : 307 }, 
        {"sofa" : 12,  "begin" : 308,  "end" : 311 }, 
        {"sofa" : 12,  "begin" : 312,  "end" : 320 }, 
        {"sofa" : 12,  "begin" : 321,  "end" : 323 }, 
        {"sofa" : 12,  "begin" : 324,  "end" : 329 }, 
        {"sofa" : 12,  "begin" : 329,  "end" : 330 }, 
        {"sofa" : 12,  "begin" : 331,  "end" : 338 }, 
        {"sofa" : 12,  "begin" : 339,  "end" : 342 }, 
        {"sofa" : 12,  "begin" : 343,  "end" : 354 }, 
        {"sofa" : 12,  "begin" : 355,  "end" : 357 }, 
        {"sofa" : 12,  "begin" : 358,  "end" : 364 }, 
        {"sofa" : 12,  "begin" : 365,  "end" : 368 }, 
        {"sofa" : 12,  "begin" : 369,  "end" : 375 }, 
        {"sofa" : 12,  "begin" : 375,  "end" : 376 }, 
        {"sofa" : 12,  "begin" : 377,  "end" : 380 }, 
        {"sofa" : 12,  "begin" : 381,  "end" : 389 }, 
        {"sofa" : 12,  "begin" : 390,  "end" : 392 }, 
        {"sofa" : 12,  "begin" : 393,  "end" : 396 }, 
        {"sofa" : 12,  "begin" : 397,  "end" : 407 }, 
        {"sofa" : 12,  "begin" : 408,  "end" : 412 }, 
        {"sofa" : 12,  "begin" : 413,  "end" : 417 }, 
        {"sofa" : 12,  "begin" : 418,  "end" : 422 }, 
        {"sofa" : 12,  "begin" : 423,  "end" : 431 }, 
        {"sofa" : 12,  "begin" : 432,  "end" : 434 }, 
        {"sofa" : 12,  "begin" : 435,  "end" : 441 }, 
        {"sofa" : 12,  "begin" : 441,  "end" : 442 }, 
        {"sofa" : 12,  "begin" : 443,  "end" : 450 }, 
        {"sofa" : 12,  "begin" : 451,  "end" : 453 }, 
        {"sofa" : 12,  "begin" : 453,  "end" : 454 }, 
        {"sofa" : 12,  "begin" : 454,  "end" : 455 }, 
        {"sofa" : 12,  "begin" : 456,  "end" : 459 }, 
        {"sofa" : 12,  "begin" : 460,  "end" : 464 }, 
        {"sofa" : 12,  "begin" : 465,  "end" : 468 }, 
        {"sofa" : 12,  "begin" : 469,  "end" : 477 }, 
        {"sofa" : 12,  "begin" : 478,  "end" : 484 }, 
        {"sofa" : 12,  "begin" : 485,  "end" : 487 }, 
        {"sofa" : 12,  "begin" : 488,  "end" : 491 }, 
        {"sofa" : 12,  "begin" : 492,  "end" : 500 }, 
        {"sofa" : 12,  "begin" : 501,  "end" : 509 }, 
        {"sofa" : 12,  "begin" : 510,  "end" : 513 }, 
        {"sofa" : 12,  "begin" : 514,  "end" : 521 }, 
        {"sofa" : 12,  "begin" : 522,  "end" : 529 }, 
        {"sofa" : 12,  "begin" : 530,  "end" : 533 }, 
        {"sofa" : 12,  "begin" : 533,  "end" : 534 }, 
        {"sofa" : 12,  "begin" : 535,  "end" : 536 }, 
        {"sofa" : 12,  "begin" : 537,  "end" : 548 }, 
        {"sofa" : 12,  "begin" : 549,  "end" : 555 }, 
        {"sofa" : 12,  "begin" : 556,  "end" : 559 }, 
        {"sofa" : 12,  "begin" : 560,  "end" : 568 }, 
        {"sofa" : 12,  "begin" : 569,  "end" : 574 }, 
        {"sofa" : 12,  "begin" : 574,  "end" : 575 }, 
        {"sofa" : 12,  "begin" : 576,  "end" : 579 }, 
        {"sofa" : 12,  "begin" : 580,  "end" : 584 }, 
        {"sofa" : 12,  "begin" : 585,  "end" : 594 }, 
        {"sofa" : 12,  "begin" : 595,  "end" : 603 }, 
        {"sofa" : 12,  "begin" : 604,  "end" : 606 }, 
        {"sofa" : 12,  "begin" : 607,  "end" : 613 }, 
        {"sofa" : 12,  "begin" : 613,  "end" : 614 }, 
        {"sofa" : 12,  "begin" : 615,  "end" : 619 }, 
        {"sofa" : 12,  "begin" : 619,  "end" : 620 }, 
        {"sofa" : 12,  "begin" : 621,  "end" : 623 }, 
        {"sofa" : 12,  "begin" : 624,  "end" : 630 }, 
        {"sofa" : 12,  "begin" : 631,  "end" : 635 }, 
        {"sofa" : 12,  "begin" : 636,  "end" : 640 }, 
        {"sofa" : 12,  "begin" : 641,  "end" : 642 }, 
        {"sofa" : 12,  "begin" : 642,  "end" : 650 }, 
        {"sofa" : 12,  "begin" : 650,  "end" : 651 }, 
        {"sofa" : 12,  "begin" : 652,  "end" : 656 }, 
        {"sofa" : 12,  "begin" : 656,  "end" : 657 }, 
        {"sofa" : 12,  "begin" : 658,  "end" : 660 }, 
        {"sofa" : 12,  "begin" : 661,  "end" : 668 }, 
        {"sofa" : 12,  "begin" : 668,  "end" : 669 }, 
        {"sofa" : 12,  "begin" : 670,  "end" : 674 }, 
        {"sofa" : 12,  "begin" : 674,  "end" : 675 }, 
        {"sofa" : 12,  "begin" : 676,  "end" : 679 }, 
        {"sofa" : 12,  "begin" : 680,  "end" : 690 }, 
        {"sofa" : 12,  "begin" : 691,  "end" : 700 }, 
        {"sofa" : 12,  "begin" : 701,  "end" : 710 }, 
        {"sofa" : 12,  "begin" : 711,  "end" : 719 }, 
        {"sofa" : 12,  "begin" : 720,  "end" : 726 }, 
        {"sofa" : 12,  "begin" : 727,  "end" : 729 }, 
        {"sofa" : 12,  "begin" : 730,  "end" : 733 }, 
        {"sofa" : 12,  "begin" : 734,  "end" : 742 }, 
        {"sofa" : 12,  "begin" : 743,  "end" : 748 }, 
        {"sofa" : 12,  "begin" : 749,  "end" : 752 }, 
        {"sofa" : 12,  "begin" : 753,  "end" : 763 }, 
        {"sofa" : 12,  "begin" : 764,  "end" : 768 }, 
        {"sofa" : 12,  "begin" : 769,  "end" : 778 }, 
        {"sofa" : 12,  "begin" : 779,  "end" : 781 }, 
        {"sofa" : 12,  "begin" : 782,  "end" : 786 }, 
        {"sofa" : 12,  "begin" : 787,  "end" : 795 }, 
        {"sofa" : 12,  "begin" : 796,  "end" : 802 }, 
        {"sofa" : 12,  "begin" : 803,  "end" : 810 }, 
        {"sofa" : 12,  "begin" : 811,  "end" : 819 }, 
        {"sofa" : 12,  "begin" : 819,  "end" : 820 }, 
        {"sofa" : 12,  "begin" : 821,  "end" : 825 }, 
        {"sofa" : 12,  "begin" : 825,  "end" : 826 }, 
        {"sofa" : 12,  "begin" : 827,  "end" : 830 }, 
        {"sofa" : 12,  "begin" : 831,  "end" : 838 }, 
        {"sofa" : 12,  "begin" : 838,  "end" : 839 }, 
        {"sofa" : 12,  "begin" : 840,  "end" : 844 }, 
        {"sofa" : 12,  "begin" : 844,  "end" : 845 }, 
        {"sofa" : 12,  "begin" : 846,  "end" : 848 }, 
        {"sofa" : 12,  "begin" : 849,  "end" : 857 }, 
        {"sofa" : 12,  "begin" : 857,  "end" : 858 }, 
        {"sofa" : 12,  "begin" : 859,  "end" : 863 }, 
        {"sofa" : 12,  "begin" : 863,  "end" : 864 }, 
        {"sofa" : 12,  "begin" : 865,  "end" : 868 }, 
        {"sofa" : 12,  "begin" : 869,  "end" : 879 }, 
        {"sofa" : 12,  "begin" : 880,  "end" : 884 }, 
        {"sofa" : 12,  "begin" : 885,  "end" : 887 }, 
        {"sofa" : 12,  "begin" : 888,  "end" : 896 }, 
        {"sofa" : 12,  "begin" : 897,  "end" : 903 }, 
        {"sofa" : 12,  "begin" : 903,  "end" : 904 }, 
        {"sofa" : 12,  "begin" : 905,  "end" : 908 }, 
        {"sofa" : 12,  "begin" : 909,  "end" : 919 }, 
        {"sofa" : 12,  "begin" : 920,  "end" : 924 }, 
        {"sofa" : 12,  "begin" : 925,  "end" : 934 }, 
        {"sofa" : 12,  "begin" : 935,  "end" : 937 }, 
        {"sofa" : 12,  "begin" : 938,  "end" : 945 }, 
        {"sofa" : 12,  "begin" : 946,  "end" : 951 }, 
        {"sofa" : 12,  "begin" : 952,  "end" : 957 }, 
        {"sofa" : 12,  "begin" : 958,  "end" : 968 }, 
        {"sofa" : 12,  "begin" : 969,  "end" : 975 }, 
        {"sofa" : 12,  "begin" : 976,  "end" : 978 }, 
        {"sofa" : 12,  "begin" : 979,  "end" : 982 }, 
        {"sofa" : 12,  "begin" : 983,  "end" : 991 }, 
        {"sofa" : 12,  "begin" : 992,  "end" : 997 }, 
        {"sofa" : 12,  "begin" : 997,  "end" : 998 }, 
        {"sofa" : 12,  "begin" : 999,  "end" : 1002 }, 
        {"sofa" : 12,  "begin" : 1003,  "end" : 1008 }, 
        {"sofa" : 12,  "begin" : 1009,  "end" : 1015 }, 
        {"sofa" : 12,  "begin" : 1016,  "end" : 1020 }, 
        {"sofa" : 12,  "begin" : 1021,  "end" : 1028 }, 
        {"sofa" : 12,  "begin" : 1029,  "end" : 1031 }, 
        {"sofa" : 12,  "begin" : 1032,  "end" : 1035 }, 
        {"sofa" : 12,  "begin" : 1036,  "end" : 1041 }, 
        {"sofa" : 12,  "begin" : 1042,  "end" : 1044 }, 
        {"sofa" : 12,  "begin" : 1045,  "end" : 1052 }, 
        {"sofa" : 12,  "begin" : 1053,  "end" : 1055 }, 
        {"sofa" : 12,  "begin" : 1056,  "end" : 1059 }, 
        {"sofa" : 12,  "begin" : 1060,  "end" : 1070 }, 
        {"sofa" : 12,  "begin" : 1071,  "end" : 1073 }, 
        {"sofa" : 12,  "begin" : 1074,  "end" : 1088 }, 
        {"sofa" : 12,  "begin" : 1089,  "end" : 1092 }, 
        {"sofa" : 12,  "begin" : 1093,  "end" : 1099 }, 
        {"sofa" : 12,  "begin" : 1100,  "end" : 1111 }, 
        {"sofa" : 12,  "begin" : 1112,  "end" : 1114 }, 
        {"sofa" : 12,  "begin" : 1115,  "end" : 1118 }, 
        {"sofa" : 12,  "begin" : 1119,  "end" : 1122 }, 
        {"sofa" : 12,  "begin" : 1123,  "end" : 1125 }, 
        {"sofa" : 12,  "begin" : 1126,  "end" : 1130 }, 
        {"sofa" : 12,  "begin" : 1131,  "end" : 1141 }, 
        {"sofa" : 12,  "begin" : 1142,  "end" : 1148 }, 
        {"sofa" : 12,  "begin" : 1148,  "end" : 1149 }, 
        {"sofa" : 12,  "begin" : 1150,  "end" : 1156 }, 
        {"sofa" : 12,  "begin" : 1157,  "end" : 1160 }, 
        {"sofa" : 12,  "begin" : 1161,  "end" : 1166 }, 
        {"sofa" : 12,  "begin" : 1167,  "end" : 1172 }, 
        {"sofa" : 12,  "begin" : 1172,  "end" : 1173 }, 
        {"sofa" : 12,  "begin" : 1174,  "end" : 1177 }, 
        {"sofa" : 12,  "begin" : 1178,  "end" : 1179 }, 
        {"sofa" : 12,  "begin" : 1180,  "end" : 1186 }, 
        {"sofa" : 12,  "begin" : 1187,  "end" : 1193 }, 
        {"sofa" : 12,  "begin" : 1193,  "end" : 1194 }, 
        {"sofa" : 12,  "begin" : 1195,  "end" : 1203 }, 
        {"sofa" : 12,  "begin" : 1204,  "end" : 1206 }, 
        {"sofa" : 12,  "begin" : 1207,  "end" : 1217 }, 
        {"sofa" : 12,  "begin" : 1217,  "end" : 1218 }, 
        {"sofa" : 12,  "begin" : 1219,  "end" : 1222 }, 
        {"sofa" : 12,  "begin" : 1223,  "end" : 1227 }, 
        {"sofa" : 12,  "begin" : 1228,  "end" : 1230 }, 
        {"sofa" : 12,  "begin" : 1231,  "end" : 1234 }, 
        {"sofa" : 12,  "begin" : 1235,  "end" : 1245 }, 
        {"sofa" : 12,  "begin" : 1245,  "end" : 1246 }, 
        {"sofa" : 12,  "begin" : 1247,  "end" : 1250 }, 
        {"sofa" : 12,  "begin" : 1251,  "end" : 1260 }, 
        {"sofa" : 12,  "begin" : 1261,  "end" : 1266 }, 
        {"sofa" : 12,  "begin" : 1267,  "end" : 1271 }, 
        {"sofa" : 12,  "begin" : 1272,  "end" : 1275 }, 
        {"sofa" : 12,  "begin" : 1276,  "end" : 1279 }, 
        {"sofa" : 12,  "begin" : 1280,  "end" : 1286 }, 
        {"sofa" : 12,  "begin" : 1287,  "end" : 1290 }, 
        {"sofa" : 12,  "begin" : 1291,  "end" : 1295 }, 
        {"sofa" : 12,  "begin" : 1296,  "end" : 1298 }, 
        {"sofa" : 12,  "begin" : 1299,  "end" : 1306 }, 
        {"sofa" : 12,  "begin" : 1307,  "end" : 1309 }, 
        {"sofa" : 12,  "begin" : 1310,  "end" : 1315 }, 
        {"sofa" : 12,  "begin" : 1316,  "end" : 1322 }, 
        {"sofa" : 12,  "begin" : 1323,  "end" : 1333 }, 
        {"sofa" : 12,  "begin" : 1334,  "end" : 1336 }, 
        {"sofa" : 12,  "begin" : 1337,  "end" : 1340 }, 
        {"sofa" : 12,  "begin" : 1341,  "end" : 1351 }, 
        {"sofa" : 12,  "begin" : 1352,  "end" : 1361 }, 
        {"sofa" : 12,  "begin" : 1362,  "end" : 1364 }, 
        {"sofa" : 12,  "begin" : 1365,  "end" : 1368 }, 
        {"sofa" : 12,  "begin" : 1369,  "end" : 1375 }, 
        {"sofa" : 12,  "begin" : 1376,  "end" : 1378 }, 
        {"sofa" : 12,  "begin" : 1379,  "end" : 1388 }, 
        {"sofa" : 12,  "begin" : 1389,  "end" : 1391 }, 
        {"sofa" : 12,  "begin" : 1392,  "end" : 1397 }, 
        {"sofa" : 12,  "begin" : 1398,  "end" : 1405 }, 
        {"sofa" : 12,  "begin" : 1406,  "end" : 1408 }, 
        {"sofa" : 12,  "begin" : 1409,  "end" : 1412 }, 
        {"sofa" : 12,  "begin" : 1413,  "end" : 1423 }, 
        {"sofa" : 12,  "begin" : 1423,  "end" : 1424 }, 
        {"sofa" : 12,  "begin" : 1425,  "end" : 1429 }, 
        {"sofa" : 12,  "begin" : 1430,  "end" : 1432 }, 
        {"sofa" : 12,  "begin" : 1433,  "end" : 1440 }, 
        {"sofa" : 12,  "begin" : 1441,  "end" : 1451 }, 
        {"sofa" : 12,  "begin" : 1452,  "end" : 1456 }, 
        {"sofa" : 12,  "begin" : 1457,  "end" : 1465 }, 
        {"sofa" : 12,  "begin" : 1466,  "end" : 1472 }, 
        {"sofa" : 12,  "begin" : 1473,  "end" : 1483 }, 
        {"sofa" : 12,  "begin" : 1484,  "end" : 1490 }, 
        {"sofa" : 12,  "begin" : 1491,  "end" : 1492 }, 
        {"sofa" : 12,  "begin" : 1492,  "end" : 1496 }, 
        {"sofa" : 12,  "begin" : 1496,  "end" : 1497 }, 
        {"sofa" : 12,  "begin" : 1498,  "end" : 1500 }, 
        {"sofa" : 12,  "begin" : 1500,  "end" : 1501 }, 
        {"sofa" : 12,  "begin" : 1502,  "end" : 1504 }, 
        {"sofa" : 12,  "begin" : 1504,  "end" : 1505 }, 
        {"sofa" : 12,  "begin" : 1506,  "end" : 1510 }, 
        {"sofa" : 12,  "begin" : 1510,  "end" : 1511 }, 
        {"sofa" : 12,  "begin" : 1511,  "end" : 1513 }, 
        {"sofa" : 12,  "begin" : 1514,  "end" : 1518 }, 
        {"sofa" : 12,  "begin" : 1518,  "end" : 1519 }, 
        {"sofa" : 12,  "begin" : 1519,  "end" : 1521 }, 
        {"sofa" : 12,  "begin" : 1522,  "end" : 1526 }, 
        {"sofa" : 12,  "begin" : 1527,  "end" : 1533 }, 
        {"sofa" : 12,  "begin" : 1534,  "end" : 1537 }, 
        {"sofa" : 12,  "begin" : 1537,  "end" : 1538 }, 
        {"sofa" : 12,  "begin" : 1539,  "end" : 1543 }, 
        {"sofa" : 12,  "begin" : 1543,  "end" : 1544 }, 
        {"sofa" : 12,  "begin" : 1544,  "end" : 1546 }, 
        {"sofa" : 12,  "begin" : 1547,  "end" : 1551 }, 
        {"sofa" : 12,  "begin" : 1551,  "end" : 1552 }, 
        {"sofa" : 12,  "begin" : 1552,  "end" : 1554 }, 
        {"sofa" : 12,  "begin" : 1555,  "end" : 1559 }, 
        {"sofa" : 12,  "begin" : 1560,  "end" : 1566 }, 
        {"sofa" : 12,  "begin" : 1566,  "end" : 1567 }, 
        {"sofa" : 12,  "begin" : 1567,  "end" : 1568 }, 
        {"sofa" : 12,  "begin" : 1568,  "end" : 1569 }, 
        {"sofa" : 12,  "begin" : 1569,  "end" : 1570 }, 
        {"sofa" : 12,  "begin" : 1571,  "end" : 1574 }, 
        {"sofa" : 12,  "begin" : 1574,  "end" : 1575 }, 
        {"sofa" : 12,  "begin" : 1576,  "end" : 1580 }, 
        {"sofa" : 12,  "begin" : 1580,  "end" : 1581 }, 
        {"sofa" : 12,  "begin" : 1581,  "end" : 1583 }, 
        {"sofa" : 12,  "begin" : 1584,  "end" : 1588 }, 
        {"sofa" : 12,  "begin" : 1588,  "end" : 1589 }, 
        {"sofa" : 12,  "begin" : 1589,  "end" : 1591 }, 
        {"sofa" : 12,  "begin" : 1592,  "end" : 1598 }, 
        {"sofa" : 12,  "begin" : 1599,  "end" : 1605 }, 
        {"sofa" : 12,  "begin" : 1606,  "end" : 1609 }, 
        {"sofa" : 12,  "begin" : 1609,  "end" : 1610 }, 
        {"sofa" : 12,  "begin" : 1611,  "end" : 1615 }, 
        {"sofa" : 12,  "begin" : 1615,  "end" : 1616 }, 
        {"sofa" : 12,  "begin" : 1616,  "end" : 1618 }, 
        {"sofa" : 12,  "begin" : 1619,  "end" : 1623 }, 
        {"sofa" : 12,  "begin" : 1623,  "end" : 1624 }, 
        {"sofa" : 12,  "begin" : 1624,  "end" : 1626 }, 
        {"sofa" : 12,  "begin" : 1627,  "end" : 1631 }, 
        {"sofa" : 12,  "begin" : 1632,  "end" : 1640 }, 
        {"sofa" : 12,  "begin" : 1641,  "end" : 1645 }, 
        {"sofa" : 12,  "begin" : 1646,  "end" : 1652 }, 
        {"sofa" : 12,  "begin" : 1654,  "end" : 1657 }, 
        {"sofa" : 12,  "begin" : 1658,  "end" : 1668 }, 
        {"sofa" : 12,  "begin" : 1669,  "end" : 1678 }, 
        {"sofa" : 12,  "begin" : 1679,  "end" : 1684 }, 
        {"sofa" : 12,  "begin" : 1685,  "end" : 1692 }, 
        {"sofa" : 12,  "begin" : 1693,  "end" : 1696 }, 
        {"sofa" : 12,  "begin" : 1697,  "end" : 1707 }, 
        {"sofa" : 12,  "begin" : 1708,  "end" : 1710 }, 
        {"sofa" : 12,  "begin" : 1711,  "end" : 1718 }, 
        {"sofa" : 12,  "begin" : 1719,  "end" : 1721 }, 
        {"sofa" : 12,  "begin" : 1722,  "end" : 1725 }, 
        {"sofa" : 12,  "begin" : 1726,  "end" : 1736 }, 
        {"sofa" : 12,  "begin" : 1737,  "end" : 1742 }, 
        {"sofa" : 12,  "begin" : 1743,  "end" : 1747 }, 
        {"sofa" : 12,  "begin" : 1747,  "end" : 1748 }, 
        {"sofa" : 12,  "begin" : 1748,  "end" : 1750 }, 
        {"sofa" : 12,  "begin" : 1750,  "end" : 1751 }, 
        {"sofa" : 12,  "begin" : 1752,  "end" : 1756 }, 
        {"sofa" : 12,  "begin" : 1756,  "end" : 1757 }, 
        {"sofa" : 12,  "begin" : 1757,  "end" : 1759 }, 
        {"sofa" : 12,  "begin" : 1760,  "end" : 1763 }, 
        {"sofa" : 12,  "begin" : 1764,  "end" : 1768 }, 
        {"sofa" : 12,  "begin" : 1768,  "end" : 1769 }, 
        {"sofa" : 12,  "begin" : 1769,  "end" : 1771 }, 
        {"sofa" : 12,  "begin" : 1772,  "end" : 1776 }, 
        {"sofa" : 12,  "begin" : 1777,  "end" : 1780 }, 
        {"sofa" : 12,  "begin" : 1781,  "end" : 1791 }, 
        {"sofa" : 12,  "begin" : 1792,  "end" : 1799 }, 
        {"sofa" : 12,  "begin" : 1800,  "end" : 1812 }, 
        {"sofa" : 12,  "begin" : 1813,  "end" : 1815 }, 
        {"sofa" : 12,  "begin" : 1816,  "end" : 1820 }, 
        {"sofa" : 12,  "begin" : 1821,  "end" : 1823 }, 
        {"sofa" : 12,  "begin" : 1823,  "end" : 1824 }, 
        {"sofa" : 12,  "begin" : 1825,  "end" : 1829 }, 
        {"sofa" : 12,  "begin" : 1829,  "end" : 1830 }, 
        {"sofa" : 12,  "begin" : 1831,  "end" : 1839 }, 
        {"sofa" : 12,  "begin" : 1840,  "end" : 1842 }, 
        {"sofa" : 12,  "begin" : 1842,  "end" : 1843 }, 
        {"sofa" : 12,  "begin" : 1844,  "end" : 1848 }, 
        {"sofa" : 12,  "begin" : 1848,  "end" : 1849 }, 
        {"sofa" : 12,  "begin" : 1850,  "end" : 1853 }, 
        {"sofa" : 12,  "begin" : 1854,  "end" : 1857 }, 
        {"sofa" : 12,  "begin" : 1858,  "end" : 1860 }, 
        {"sofa" : 12,  "begin" : 1860,  "end" : 1861 }, 
        {"sofa" : 12,  "begin" : 1862,  "end" : 1866 }, 
        {"sofa" : 12,  "begin" : 1866,  "end" : 1867 }, 
        {"sofa" : 12,  "begin" : 1868,  "end" : 1870 }, 
        {"sofa" : 12,  "begin" : 1871,  "end" : 1874 }, 
        {"sofa" : 12,  "begin" : 1875,  "end" : 1886 }, 
        {"sofa" : 12,  "begin" : 1887,  "end" : 1890 }, 
        {"sofa" : 12,  "begin" : 1891,  "end" : 1901 }, 
        {"sofa" : 12,  "begin" : 1902,  "end" : 1904 }, 
        {"sofa" : 12,  "begin" : 1905,  "end" : 1908 }, 
        {"sofa" : 12,  "begin" : 1909,  "end" : 1911 }, 
        {"sofa" : 12,  "begin" : 1912,  "end" : 1915 }, 
        {"sofa" : 12,  "begin" : 1916,  "end" : 1926 }, 
        {"sofa" : 12,  "begin" : 1927,  "end" : 1932 }, 
        {"sofa" : 12,  "begin" : 1933,  "end" : 1937 }, 
        {"sofa" : 12,  "begin" : 1937,  "end" : 1938 }, 
        {"sofa" : 12,  "begin" : 1938,  "end" : 1940 }, 
        {"sofa" : 12,  "begin" : 1941,  "end" : 1944 }, 
        {"sofa" : 12,  "begin" : 1945,  "end" : 1949 }, 
        {"sofa" : 12,  "begin" : 1949,  "end" : 1950 }, 
        {"sofa" : 12,  "begin" : 1950,  "end" : 1952 }, 
        {"sofa" : 12,  "begin" : 1952,  "end" : 1953 }, 
        {"sofa" : 12,  "begin" : 1954,  "end" : 1957 }, 
        {"sofa" : 12,  "begin" : 1958,  "end" : 1968 }, 
        {"sofa" : 12,  "begin" : 1969,  "end" : 1976 }, 
        {"sofa" : 12,  "begin" : 1977,  "end" : 1987 }, 
        {"sofa" : 12,  "begin" : 1988,  "end" : 1991 }, 
        {"sofa" : 12,  "begin" : 1992,  "end" : 1996 }, 
        {"sofa" : 12,  "begin" : 1997,  "end" : 2004 }, 
        {"sofa" : 12,  "begin" : 2005,  "end" : 2012 }, 
        {"sofa" : 12,  "begin" : 2013,  "end" : 2017 }, 
        {"sofa" : 12,  "begin" : 2018,  "end" : 2021 }, 
        {"sofa" : 12,  "begin" : 2022,  "end" : 2028 }, 
        {"sofa" : 12,  "begin" : 2029,  "end" : 2035 }, 
        {"sofa" : 12,  "begin" : 2036,  "end" : 2039 }, 
        {"sofa" : 12,  "begin" : 2040,  "end" : 2050 }, 
        {"sofa" : 12,  "begin" : 2051,  "end" : 2058 }, 
        {"sofa" : 12,  "begin" : 2059,  "end" : 2069 }, 
        {"sofa" : 12,  "begin" : 2069,  "end" : 2070 }, 
        {"sofa" : 12,  "begin" : 2071,  "end" : 2073 }, 
        {"sofa" : 12,  "begin" : 2074,  "end" : 2077 }, 
        {"sofa" : 12,  "begin" : 2078,  "end" : 2088 }, 
        {"sofa" : 12,  "begin" : 2089,  "end" : 2093 }, 
        {"sofa" : 12,  "begin" : 2094,  "end" : 2098 }, 
        {"sofa" : 12,  "begin" : 2098,  "end" : 2099 }, 
        {"sofa" : 12,  "begin" : 2099,  "end" : 2101 }, 
        {"sofa" : 12,  "begin" : 2101,  "end" : 2102 }, 
        {"sofa" : 12,  "begin" : 2103,  "end" : 2106 }, 
        {"sofa" : 12,  "begin" : 2107,  "end" : 2117 }, 
        {"sofa" : 12,  "begin" : 2118,  "end" : 2125 }, 
        {"sofa" : 12,  "begin" : 2126,  "end" : 2134 }, 
        {"sofa" : 12,  "begin" : 2135,  "end" : 2139 }, 
        {"sofa" : 12,  "begin" : 2140,  "end" : 2143 }, 
        {"sofa" : 12,  "begin" : 2144,  "end" : 2150 }, 
        {"sofa" : 12,  "begin" : 2151,  "end" : 2154 }, 
        {"sofa" : 12,  "begin" : 2155,  "end" : 2161 }, 
        {"sofa" : 12,  "begin" : 2162,  "end" : 2164 }, 
        {"sofa" : 12,  "begin" : 2165,  "end" : 2171 }, 
        {"sofa" : 12,  "begin" : 2172,  "end" : 2179 }, 
        {"sofa" : 12,  "begin" : 2180,  "end" : 2182 }, 
        {"sofa" : 12,  "begin" : 2183,  "end" : 2187 }, 
        {"sofa" : 12,  "begin" : 2188,  "end" : 2196 }, 
        {"sofa" : 12,  "begin" : 2197,  "end" : 2199 }, 
        {"sofa" : 12,  "begin" : 2200,  "end" : 2203 }, 
        {"sofa" : 12,  "begin" : 2204,  "end" : 2213 }, 
        {"sofa" : 12,  "begin" : 2214,  "end" : 2223 }, 
        {"sofa" : 12,  "begin" : 2224,  "end" : 2236 }, 
        {"sofa" : 12,  "begin" : 2237,  "end" : 2239 }, 
        {"sofa" : 12,  "begin" : 2240,  "end" : 2245 }, 
        {"sofa" : 12,  "begin" : 2246,  "end" : 2252 }, 
        {"sofa" : 12,  "begin" : 2253,  "end" : 2258 }, 
        {"sofa" : 12,  "begin" : 2259,  "end" : 2262 }, 
        {"sofa" : 12,  "begin" : 2263,  "end" : 2264 }, 
        {"sofa" : 12,  "begin" : 2264,  "end" : 2265 }, 
        {"sofa" : 12,  "begin" : 2266,  "end" : 2270 }, 
        {"sofa" : 12,  "begin" : 2270,  "end" : 2271 }, 
        {"sofa" : 12,  "begin" : 2272,  "end" : 2275 }, 
        {"sofa" : 12,  "begin" : 2276,  "end" : 2282 }, 
        {"sofa" : 12,  "begin" : 2283,  "end" : 2285 }, 
        {"sofa" : 12,  "begin" : 2286,  "end" : 2289 }, 
        {"sofa" : 12,  "begin" : 2290,  "end" : 2298 }, 
        {"sofa" : 12,  "begin" : 2299,  "end" : 2304 }, 
        {"sofa" : 12,  "begin" : 2305,  "end" : 2309 }, 
        {"sofa" : 12,  "begin" : 2310,  "end" : 2314 }, 
        {"sofa" : 12,  "begin" : 2315,  "end" : 2317 }, 
        {"sofa" : 12,  "begin" : 2318,  "end" : 2320 }, 
        {"sofa" : 12,  "begin" : 2321,  "end" : 2335 }, 
        {"sofa" : 12,  "begin" : 2336,  "end" : 2339 }, 
        {"sofa" : 12,  "begin" : 2340,  "end" : 2343 }, 
        {"sofa" : 12,  "begin" : 2344,  "end" : 2351 }, 
        {"sofa" : 12,  "begin" : 2352,  "end" : 2354 }, 
        {"sofa" : 12,  "begin" : 2355,  "end" : 2361 }, 
        {"sofa" : 12,  "begin" : 2362,  "end" : 2370 }, 
        {"sofa" : 12,  "begin" : 2371,  "end" : 2380 }, 
        {"sofa" : 12,  "begin" : 2381,  "end" : 2383 }, 
        {"sofa" : 12,  "begin" : 2384,  "end" : 2387 }, 
        {"sofa" : 12,  "begin" : 2388,  "end" : 2394 }, 
        {"sofa" : 12,  "begin" : 2395,  "end" : 2397 }, 
        {"sofa" : 12,  "begin" : 2398,  "end" : 2407 }, 
        {"sofa" : 12,  "begin" : 2408,  "end" : 2415 }, 
        {"sofa" : 12,  "begin" : 2416,  "end" : 2418 }, 
        {"sofa" : 12,  "begin" : 2419,  "end" : 2422 }, 
        {"sofa" : 12,  "begin" : 2423,  "end" : 2433 }, 
        {"sofa" : 12,  "begin" : 2434,  "end" : 2438 }, 
        {"sofa" : 12,  "begin" : 2439,  "end" : 2447 }, 
        {"sofa" : 12,  "begin" : 2448,  "end" : 2450 }, 
        {"sofa" : 12,  "begin" : 2451,  "end" : 2453 }, 
        {"sofa" : 12,  "begin" : 2454,  "end" : 2459 }, 
        {"sofa" : 12,  "begin" : 2460,  "end" : 2464 }, 
        {"sofa" : 12,  "begin" : 2465,  "end" : 2472 }, 
        {"sofa" : 12,  "begin" : 2473,  "end" : 2475 }, 
        {"sofa" : 12,  "begin" : 2476,  "end" : 2485 }, 
        {"sofa" : 12,  "begin" : 2486,  "end" : 2489 }, 
        {"sofa" : 12,  "begin" : 2490,  "end" : 2497 }, 
        {"sofa" : 12,  "begin" : 2498,  "end" : 2504 }, 
        {"sofa" : 12,  "begin" : 2504,  "end" : 2505 }, 
        {"sofa" : 12,  "begin" : 2506,  "end" : 2511 }, 
        {"sofa" : 12,  "begin" : 2512,  "end" : 2518 }, 
        {"sofa" : 12,  "begin" : 2519,  "end" : 2523 }, 
        {"sofa" : 12,  "begin" : 2524,  "end" : 2527 }, 
        {"sofa" : 12,  "begin" : 2528,  "end" : 2538 }, 
        {"sofa" : 12,  "begin" : 2539,  "end" : 2541 }, 
        {"sofa" : 12,  "begin" : 2542,  "end" : 2549 }, 
        {"sofa" : 12,  "begin" : 2550,  "end" : 2552 }, 
        {"sofa" : 12,  "begin" : 2553,  "end" : 2556 }, 
        {"sofa" : 12,  "begin" : 2557,  "end" : 2567 }, 
        {"sofa" : 12,  "begin" : 2568,  "end" : 2577 }, 
        {"sofa" : 12,  "begin" : 2578,  "end" : 2586 }, 
        {"sofa" : 12,  "begin" : 2586,  "end" : 2587 }, 
        {"sofa" : 12,  "begin" : 2588,  "end" : 2590 }, 
        {"sofa" : 12,  "begin" : 2591,  "end" : 2594 }, 
        {"sofa" : 12,  "begin" : 2595,  "end" : 2605 }, 
        {"sofa" : 12,  "begin" : 2606,  "end" : 2610 }, 
        {"sofa" : 12,  "begin" : 2611,  "end" : 2615 }, 
        {"sofa" : 12,  "begin" : 2615,  "end" : 2616 }, 
        {"sofa" : 12,  "begin" : 2616,  "end" : 2618 }, 
        {"sofa" : 12,  "begin" : 2618,  "end" : 2619 }, 
        {"sofa" : 12,  "begin" : 2620,  "end" : 2623 }, 
        {"sofa" : 12,  "begin" : 2624,  "end" : 2634 }, 
        {"sofa" : 12,  "begin" : 2635,  "end" : 2638 }, 
        {"sofa" : 12,  "begin" : 2639,  "end" : 2642 }, 
        {"sofa" : 12,  "begin" : 2643,  "end" : 2650 }, 
        {"sofa" : 12,  "begin" : 2651,  "end" : 2657 }, 
        {"sofa" : 12,  "begin" : 2658,  "end" : 2661 }, 
        {"sofa" : 12,  "begin" : 2662,  "end" : 2666 }, 
        {"sofa" : 12,  "begin" : 2667,  "end" : 2671 }, 
        {"sofa" : 12,  "begin" : 2672,  "end" : 2680 }, 
        {"sofa" : 12,  "begin" : 2681,  "end" : 2683 }, 
        {"sofa" : 12,  "begin" : 2684,  "end" : 2687 }, 
        {"sofa" : 12,  "begin" : 2688,  "end" : 2693 }, 
        {"sofa" : 12,  "begin" : 2694,  "end" : 2701 }, 
        {"sofa" : 12,  "begin" : 2702,  "end" : 2704 }, 
        {"sofa" : 12,  "begin" : 2704,  "end" : 2705 }, 
        {"sofa" : 12,  "begin" : 2705,  "end" : 2706 }, 
        {"sofa" : 12,  "begin" : 2706,  "end" : 2707 }, 
        {"sofa" : 12,  "begin" : 2708,  "end" : 2710 }, 
        {"sofa" : 12,  "begin" : 2711,  "end" : 2714 }, 
        {"sofa" : 12,  "begin" : 2715,  "end" : 2725 }, 
        {"sofa" : 12,  "begin" : 2726,  "end" : 2729 }, 
        {"sofa" : 12,  "begin" : 2729,  "end" : 2730 }, 
        {"sofa" : 12,  "begin" : 2731,  "end" : 2734 }, 
        {"sofa" : 12,  "begin" : 2735,  "end" : 2738 }, 
        {"sofa" : 12,  "begin" : 2739,  "end" : 2749 }, 
        {"sofa" : 12,  "begin" : 2750,  "end" : 2754 }, 
        {"sofa" : 12,  "begin" : 2755,  "end" : 2759 }, 
        {"sofa" : 12,  "begin" : 2759,  "end" : 2760 }, 
        {"sofa" : 12,  "begin" : 2760,  "end" : 2762 }, 
        {"sofa" : 12,  "begin" : 2762,  "end" : 2763 }, 
        {"sofa" : 12,  "begin" : 2764,  "end" : 2767 }, 
        {"sofa" : 12,  "begin" : 2768,  "end" : 2778 }, 
        {"sofa" : 12,  "begin" : 2779,  "end" : 2788 }, 
        {"sofa" : 12,  "begin" : 2789,  "end" : 2794 }, 
        {"sofa" : 12,  "begin" : 2795,  "end" : 2801 }, 
        {"sofa" : 12,  "begin" : 2802,  "end" : 2810 }, 
        {"sofa" : 12,  "begin" : 2811,  "end" : 2815 }, 
        {"sofa" : 12,  "begin" : 2816,  "end" : 2820 }, 
        {"sofa" : 12,  "begin" : 2821,  "end" : 2829 }, 
        {"sofa" : 12,  "begin" : 2830,  "end" : 2831 }, 
        {"sofa" : 12,  "begin" : 2832,  "end" : 2836 }, 
        {"sofa" : 12,  "begin" : 2837,  "end" : 2839 }, 
        {"sofa" : 12,  "begin" : 2840,  "end" : 2842 }, 
        {"sofa" : 12,  "begin" : 2842,  "end" : 2843 }, 
        {"sofa" : 12,  "begin" : 2844,  "end" : 2852 }, 
        {"sofa" : 12,  "begin" : 2853,  "end" : 2855 }, 
        {"sofa" : 12,  "begin" : 2856,  "end" : 2859 }, 
        {"sofa" : 12,  "begin" : 2860,  "end" : 2866 }, 
        {"sofa" : 12,  "begin" : 2867,  "end" : 2869 }, 
        {"sofa" : 12,  "begin" : 2870,  "end" : 2873 }, 
        {"sofa" : 12,  "begin" : 2874,  "end" : 2882 }, 
        {"sofa" : 12,  "begin" : 2883,  "end" : 2888 }, 
        {"sofa" : 12,  "begin" : 2888,  "end" : 2889 }, 
        {"sofa" : 12,  "begin" : 2890,  "end" : 2894 }, 
        {"sofa" : 12,  "begin" : 2895,  "end" : 2898 }, 
        {"sofa" : 12,  "begin" : 2899,  "end" : 2907 }, 
        {"sofa" : 12,  "begin" : 2908,  "end" : 2910 }, 
        {"sofa" : 12,  "begin" : 2911,  "end" : 2914 }, 
        {"sofa" : 12,  "begin" : 2915,  "end" : 2922 }, 
        {"sofa" : 12,  "begin" : 2923,  "end" : 2933 }, 
        {"sofa" : 12,  "begin" : 2934,  "end" : 2941 }, 
        {"sofa" : 12,  "begin" : 2942,  "end" : 2945 }, 
        {"sofa" : 12,  "begin" : 2946,  "end" : 2952 }, 
        {"sofa" : 12,  "begin" : 2953,  "end" : 2958 }, 
        {"sofa" : 12,  "begin" : 2959,  "end" : 2961 }, 
        {"sofa" : 12,  "begin" : 2962,  "end" : 2965 }, 
        {"sofa" : 12,  "begin" : 2966,  "end" : 2972 }, 
        {"sofa" : 12,  "begin" : 2973,  "end" : 2975 }, 
        {"sofa" : 12,  "begin" : 2976,  "end" : 2979 }, 
        {"sofa" : 12,  "begin" : 2980,  "end" : 2985 }, 
        {"sofa" : 12,  "begin" : 2986,  "end" : 2988 }, 
        {"sofa" : 12,  "begin" : 2989,  "end" : 2992 }, 
        {"sofa" : 12,  "begin" : 2993,  "end" : 3001 }, 
        {"sofa" : 12,  "begin" : 3002,  "end" : 3006 }, 
        {"sofa" : 12,  "begin" : 3007,  "end" : 3009 }, 
        {"sofa" : 12,  "begin" : 3010,  "end" : 3017 }, 
        {"sofa" : 12,  "begin" : 3018,  "end" : 3021 }, 
        {"sofa" : 12,  "begin" : 3022,  "end" : 3025 }, 
        {"sofa" : 12,  "begin" : 3026,  "end" : 3032 }, 
        {"sofa" : 12,  "begin" : 3033,  "end" : 3038 }, 
        {"sofa" : 12,  "begin" : 3039,  "end" : 3041 }, 
        {"sofa" : 12,  "begin" : 3042,  "end" : 3045 }, 
        {"sofa" : 12,  "begin" : 3046,  "end" : 3049 }, 
        {"sofa" : 12,  "begin" : 3050,  "end" : 3052 }, 
        {"sofa" : 12,  "begin" : 3053,  "end" : 3056 }, 
        {"sofa" : 12,  "begin" : 3057,  "end" : 3067 }, 
        {"sofa" : 12,  "begin" : 3068,  "end" : 3074 }, 
        {"sofa" : 12,  "begin" : 3074,  "end" : 3075 }, 
        {"sofa" : 12,  "begin" : 3076,  "end" : 3079 }, 
        {"sofa" : 12,  "begin" : 3080,  "end" : 3086 }, 
        {"sofa" : 12,  "begin" : 3087,  "end" : 3092 }, 
        {"sofa" : 12,  "begin" : 3093,  "end" : 3100 }, 
        {"sofa" : 12,  "begin" : 3101,  "end" : 3103 }, 
        {"sofa" : 12,  "begin" : 3104,  "end" : 3118 }, 
        {"sofa" : 12,  "begin" : 3118,  "end" : 3119 }, 
        {"sofa" : 12,  "begin" : 3120,  "end" : 3123 }, 
        {"sofa" : 12,  "begin" : 3124,  "end" : 3134 }, 
        {"sofa" : 12,  "begin" : 3135,  "end" : 3142 }, 
        {"sofa" : 12,  "begin" : 3143,  "end" : 3148 }, 
        {"sofa" : 12,  "begin" : 3149,  "end" : 3153 }, 
        {"sofa" : 12,  "begin" : 3154,  "end" : 3157 }, 
        {"sofa" : 12,  "begin" : 3158,  "end" : 3168 }, 
        {"sofa" : 12,  "begin" : 3169,  "end" : 3172 }, 
        {"sofa" : 12,  "begin" : 3173,  "end" : 3181 }, 
        {"sofa" : 12,  "begin" : 3182,  "end" : 3185 }, 
        {"sofa" : 12,  "begin" : 3186,  "end" : 3190 }, 
        {"sofa" : 12,  "begin" : 3191,  "end" : 3193 }, 
        {"sofa" : 12,  "begin" : 3194,  "end" : 3196 }, 
        {"sofa" : 12,  "begin" : 3196,  "end" : 3197 }, 
        {"sofa" : 12,  "begin" : 3198,  "end" : 3206 }, 
        {"sofa" : 12,  "begin" : 3207,  "end" : 3210 }, 
        {"sofa" : 12,  "begin" : 3211,  "end" : 3215 }, 
        {"sofa" : 12,  "begin" : 3216,  "end" : 3219 }, 
        {"sofa" : 12,  "begin" : 3220,  "end" : 3226 }, 
        {"sofa" : 12,  "begin" : 3227,  "end" : 3232 }, 
        {"sofa" : 12,  "begin" : 3233,  "end" : 3240 }, 
        {"sofa" : 12,  "begin" : 3241,  "end" : 3251 }, 
        {"sofa" : 12,  "begin" : 3252,  "end" : 3255 }, 
        {"sofa" : 12,  "begin" : 3256,  "end" : 3259 }, 
        {"sofa" : 12,  "begin" : 3260,  "end" : 3274 }, 
        {"sofa" : 12,  "begin" : 3274,  "end" : 3275 }, 
        {"sofa" : 12,  "begin" : 3276,  "end" : 3279 }, 
        {"sofa" : 12,  "begin" : 3280,  "end" : 3284 }, 
        {"sofa" : 12,  "begin" : 3285,  "end" : 3290 }, 
        {"sofa" : 12,  "begin" : 3291,  "end" : 3294 }, 
        {"sofa" : 12,  "begin" : 3295,  "end" : 3297 }, 
        {"sofa" : 12,  "begin" : 3298,  "end" : 3305 }, 
        {"sofa" : 12,  "begin" : 3306,  "end" : 3308 }, 
        {"sofa" : 12,  "begin" : 3309,  "end" : 3310 }, 
        {"sofa" : 12,  "begin" : 3311,  "end" : 3318 }, 
        {"sofa" : 12,  "begin" : 3319,  "end" : 3328 }, 
        {"sofa" : 12,  "begin" : 3328,  "end" : 3329 }, 
        {"sofa" : 12,  "begin" : 3330,  "end" : 3333 }, 
        {"sofa" : 12,  "begin" : 3334,  "end" : 3343 }, 
        {"sofa" : 12,  "begin" : 3344,  "end" : 3353 }, 
        {"sofa" : 12,  "begin" : 3354,  "end" : 3366 }, 
        {"sofa" : 12,  "begin" : 3367,  "end" : 3376 }, 
        {"sofa" : 12,  "begin" : 3377,  "end" : 3381 }, 
        {"sofa" : 12,  "begin" : 3382,  "end" : 3385 }, 
        {"sofa" : 12,  "begin" : 3386,  "end" : 3390 }, 
        {"sofa" : 12,  "begin" : 3391,  "end" : 3393 }, 
        {"sofa" : 12,  "begin" : 3394,  "end" : 3397 }, 
        {"sofa" : 12,  "begin" : 3398,  "end" : 3408 }, 
        {"sofa" : 12,  "begin" : 3409,  "end" : 3416 }, 
        {"sofa" : 12,  "begin" : 3417,  "end" : 3420 }, 
        {"sofa" : 12,  "begin" : 3421,  "end" : 3425 }, 
        {"sofa" : 12,  "begin" : 3426,  "end" : 3430 }, 
        {"sofa" : 12,  "begin" : 3431,  "end" : 3434 }, 
        {"sofa" : 12,  "begin" : 3435,  "end" : 3441 }, 
        {"sofa" : 12,  "begin" : 3442,  "end" : 3446 }, 
        {"sofa" : 12,  "begin" : 3447,  "end" : 3450 }, 
        {"sofa" : 12,  "begin" : 3451,  "end" : 3465 }, 
        {"sofa" : 12,  "begin" : 3466,  "end" : 3468 }, 
        {"sofa" : 12,  "begin" : 3469,  "end" : 3472 }, 
        {"sofa" : 12,  "begin" : 3473,  "end" : 3483 }, 
        {"sofa" : 12,  "begin" : 3483,  "end" : 3484 }, 
        {"sofa" : 12,  "begin" : 3485,  "end" : 3488 }, 
        {"sofa" : 12,  "begin" : 3489,  "end" : 3497 }, 
        {"sofa" : 12,  "begin" : 3498,  "end" : 3502 }, 
        {"sofa" : 12,  "begin" : 3503,  "end" : 3506 }, 
        {"sofa" : 12,  "begin" : 3507,  "end" : 3517 }, 
        {"sofa" : 12,  "begin" : 3518,  "end" : 3525 }, 
        {"sofa" : 12,  "begin" : 3526,  "end" : 3528 }, 
        {"sofa" : 12,  "begin" : 3529,  "end" : 3533 }, 
        {"sofa" : 12,  "begin" : 3534,  "end" : 3538 }, 
        {"sofa" : 12,  "begin" : 3539,  "end" : 3542 }, 
        {"sofa" : 12,  "begin" : 3543,  "end" : 3547 }, 
        {"sofa" : 12,  "begin" : 3548,  "end" : 3551 }, 
        {"sofa" : 12,  "begin" : 3552,  "end" : 3556 }, 
        {"sofa" : 12,  "begin" : 3557,  "end" : 3565 }, 
        {"sofa" : 12,  "begin" : 3566,  "end" : 3568 }, 
        {"sofa" : 12,  "begin" : 3569,  "end" : 3571 }, 
        {"sofa" : 12,  "begin" : 3571,  "end" : 3572 }, 
        {"sofa" : 12,  "begin" : 3573,  "end" : 3581 }, 
        {"sofa" : 12,  "begin" : 3581,  "end" : 3582 }, 
        {"sofa" : 12,  "begin" : 3583,  "end" : 3590 }, 
        {"sofa" : 12,  "begin" : 3591,  "end" : 3595 }, 
        {"sofa" : 12,  "begin" : 3596,  "end" : 3601 }, 
        {"sofa" : 12,  "begin" : 3601,  "end" : 3602 }, 
        {"sofa" : 12,  "begin" : 3603,  "end" : 3606 }, 
        {"sofa" : 12,  "begin" : 3607,  "end" : 3617 }, 
        {"sofa" : 12,  "begin" : 3618,  "end" : 3625 }, 
        {"sofa" : 12,  "begin" : 3626,  "end" : 3634 }, 
        {"sofa" : 12,  "begin" : 3635,  "end" : 3637 }, 
        {"sofa" : 12,  "begin" : 3638,  "end" : 3641 }, 
        {"sofa" : 12,  "begin" : 3642,  "end" : 3652 }, 
        {"sofa" : 12,  "begin" : 3653,  "end" : 3662 }, 
        {"sofa" : 12,  "begin" : 3663,  "end" : 3671 }, 
        {"sofa" : 12,  "begin" : 3672,  "end" : 3677 }, 
        {"sofa" : 12,  "begin" : 3678,  "end" : 3686 }, 
        {"sofa" : 12,  "begin" : 3687,  "end" : 3690 }, 
        {"sofa" : 12,  "begin" : 3691,  "end" : 3696 }, 
        {"sofa" : 12,  "begin" : 3697,  "end" : 3699 }, 
        {"sofa" : 12,  "begin" : 3700,  "end" : 3703 }, 
        {"sofa" : 12,  "begin" : 3704,  "end" : 3713 }, 
        {"sofa" : 12,  "begin" : 3714,  "end" : 3723 }, 
        {"sofa" : 12,  "begin" : 3724,  "end" : 3736 }, 
        {"sofa" : 12,  "begin" : 3737,  "end" : 3740 }, 
        {"sofa" : 12,  "begin" : 3741,  "end" : 3749 }, 
        {"sofa" : 12,  "begin" : 3750,  "end" : 3753 }, 
        {"sofa" : 12,  "begin" : 3754,  "end" : 3759 }, 
        {"sofa" : 12,  "begin" : 3760,  "end" : 3762 }, 
        {"sofa" : 12,  "begin" : 3763,  "end" : 3766 }, 
        {"sofa" : 12,  "begin" : 3767,  "end" : 3777 }, 
        {"sofa" : 12,  "begin" : 3778,  "end" : 3785 }, 
        {"sofa" : 12,  "begin" : 3785,  "end" : 3786 }, 
        {"sofa" : 12,  "begin" : 3787,  "end" : 3790 }, 
        {"sofa" : 12,  "begin" : 3791,  "end" : 3799 }, 
        {"sofa" : 12,  "begin" : 3800,  "end" : 3804 }, 
        {"sofa" : 12,  "begin" : 3805,  "end" : 3809 }, 
        {"sofa" : 12,  "begin" : 3810,  "end" : 3813 }, 
        {"sofa" : 12,  "begin" : 3814,  "end" : 3818 }, 
        {"sofa" : 12,  "begin" : 3819,  "end" : 3823 }, 
        {"sofa" : 12,  "begin" : 3824,  "end" : 3828 }, 
        {"sofa" : 12,  "begin" : 3829,  "end" : 3831 }, 
        {"sofa" : 12,  "begin" : 3832,  "end" : 3835 }, 
        {"sofa" : 12,  "begin" : 3836,  "end" : 3844 }, 
        {"sofa" : 12,  "begin" : 3845,  "end" : 3850 }, 
        {"sofa" : 12,  "begin" : 3851,  "end" : 3854 }, 
        {"sofa" : 12,  "begin" : 3855,  "end" : 3861 }, 
        {"sofa" : 12,  "begin" : 3862,  "end" : 3866 }, 
        {"sofa" : 12,  "begin" : 3867,  "end" : 3874 }, 
        {"sofa" : 12,  "begin" : 3875,  "end" : 3877 }, 
        {"sofa" : 12,  "begin" : 3878,  "end" : 3892 }, 
        {"sofa" : 12,  "begin" : 3893,  "end" : 3896 }, 
        {"sofa" : 12,  "begin" : 3897,  "end" : 3900 }, 
        {"sofa" : 12,  "begin" : 3901,  "end" : 3908 }, 
        {"sofa" : 12,  "begin" : 3909,  "end" : 3912 }, 
        {"sofa" : 12,  "begin" : 3913,  "end" : 3919 }, 
        {"sofa" : 12,  "begin" : 3920,  "end" : 3922 }, 
        {"sofa" : 12,  "begin" : 3923,  "end" : 3930 }, 
        {"sofa" : 12,  "begin" : 3931,  "end" : 3938 }, 
        {"sofa" : 12,  "begin" : 3939,  "end" : 3943 }, 
        {"sofa" : 12,  "begin" : 3944,  "end" : 3952 }, 
        {"sofa" : 12,  "begin" : 3953,  "end" : 3955 }, 
        {"sofa" : 12,  "begin" : 3956,  "end" : 3959 }, 
        {"sofa" : 12,  "begin" : 3960,  "end" : 3967 }, 
        {"sofa" : 12,  "begin" : 3968,  "end" : 3974 }, 
        {"sofa" : 12,  "begin" : 3975,  "end" : 3977 }, 
        {"sofa" : 12,  "begin" : 3978,  "end" : 3981 }, 
        {"sofa" : 12,  "begin" : 3982,  "end" : 3992 }, 
        {"sofa" : 12,  "begin" : 3993,  "end" : 3996 }, 
        {"sofa" : 12,  "begin" : 3997,  "end" : 4000 }, 
        {"sofa" : 12,  "begin" : 4001,  "end" : 4009 }, 
        {"sofa" : 12,  "begin" : 4010,  "end" : 4013 }, 
        {"sofa" : 12,  "begin" : 4014,  "end" : 4022 }, 
        {"sofa" : 12,  "begin" : 4023,  "end" : 4027 }, 
        {"sofa" : 12,  "begin" : 4028,  "end" : 4036 }, 
        {"sofa" : 12,  "begin" : 4037,  "end" : 4039 }, 
        {"sofa" : 12,  "begin" : 4040,  "end" : 4043 }, 
        {"sofa" : 12,  "begin" : 4044,  "end" : 4054 }, 
        {"sofa" : 12,  "begin" : 4055,  "end" : 4059 }, 
        {"sofa" : 12,  "begin" : 4060,  "end" : 4063 }, 
        {"sofa" : 12,  "begin" : 4064,  "end" : 4070 }, 
        {"sofa" : 12,  "begin" : 4071,  "end" : 4075 }, 
        {"sofa" : 12,  "begin" : 4076,  "end" : 4083 }, 
        {"sofa" : 12,  "begin" : 4084,  "end" : 4094 }, 
        {"sofa" : 12,  "begin" : 4094,  "end" : 4095 }, 
        {"sofa" : 12,  "begin" : 4096,  "end" : 4100 }, 
        {"sofa" : 12,  "begin" : 4101,  "end" : 4114 }, 
        {"sofa" : 12,  "begin" : 4115,  "end" : 4124 }, 
        {"sofa" : 12,  "begin" : 4125,  "end" : 4128 }, 
        {"sofa" : 12,  "begin" : 4129,  "end" : 4133 }, 
        {"sofa" : 12,  "begin" : 4134,  "end" : 4136 }, 
        {"sofa" : 12,  "begin" : 4137,  "end" : 4140 }, 
        {"sofa" : 12,  "begin" : 4141,  "end" : 4151 }, 
        {"sofa" : 12,  "begin" : 4152,  "end" : 4159 }, 
        {"sofa" : 12,  "begin" : 4160,  "end" : 4162 }, 
        {"sofa" : 12,  "begin" : 4163,  "end" : 4166 }, 
        {"sofa" : 12,  "begin" : 4167,  "end" : 4172 }, 
        {"sofa" : 12,  "begin" : 4173,  "end" : 4178 }, 
        {"sofa" : 12,  "begin" : 4178,  "end" : 4179 }, 
        {"sofa" : 12,  "begin" : 4180,  "end" : 4182 }, 
        {"sofa" : 12,  "begin" : 4183,  "end" : 4194 }, 
        {"sofa" : 12,  "begin" : 4195,  "end" : 4204 }, 
        {"sofa" : 12,  "begin" : 4205,  "end" : 4207 }, 
        {"sofa" : 12,  "begin" : 4208,  "end" : 4211 }, 
        {"sofa" : 12,  "begin" : 4212,  "end" : 4222 }, 
        {"sofa" : 12,  "begin" : 4223,  "end" : 4226 }, 
        {"sofa" : 12,  "begin" : 4227,  "end" : 4228 }, 
        {"sofa" : 12,  "begin" : 4229,  "end" : 4238 }, 
        {"sofa" : 12,  "begin" : 4239,  "end" : 4244 }, 
        {"sofa" : 12,  "begin" : 4245,  "end" : 4252 }, 
        {"sofa" : 12,  "begin" : 4253,  "end" : 4255 }, 
        {"sofa" : 12,  "begin" : 4256,  "end" : 4257 }, 
        {"sofa" : 12,  "begin" : 4257,  "end" : 4258 }, 
        {"sofa" : 12,  "begin" : 4258,  "end" : 4259 }, 
        {"sofa" : 12,  "begin" : 4260,  "end" : 4262 }, 
        {"sofa" : 12,  "begin" : 4263,  "end" : 4266 }, 
        {"sofa" : 12,  "begin" : 4267,  "end" : 4277 }, 
        {"sofa" : 12,  "begin" : 4278,  "end" : 4281 }, 
        {"sofa" : 12,  "begin" : 4282,  "end" : 4284 }, 
        {"sofa" : 12,  "begin" : 4285,  "end" : 4288 }, 
        {"sofa" : 12,  "begin" : 4289,  "end" : 4298 }, 
        {"sofa" : 12,  "begin" : 4299,  "end" : 4308 }, 
        {"sofa" : 12,  "begin" : 4309,  "end" : 4312 }, 
        {"sofa" : 12,  "begin" : 4313,  "end" : 4321 }, 
        {"sofa" : 12,  "begin" : 4322,  "end" : 4324 }, 
        {"sofa" : 12,  "begin" : 4325,  "end" : 4328 }, 
        {"sofa" : 12,  "begin" : 4329,  "end" : 4337 }, 
        {"sofa" : 12,  "begin" : 4337,  "end" : 4338 }, 
        {"sofa" : 12,  "begin" : 4340,  "end" : 4347 }, 
        {"sofa" : 12,  "begin" : 4348,  "end" : 4351 }, 
        {"sofa" : 12,  "begin" : 4352,  "end" : 4360 }, 
        {"sofa" : 12,  "begin" : 4361,  "end" : 4372 }, 
        {"sofa" : 12,  "begin" : 4373,  "end" : 4379 }, 
        {"sofa" : 12,  "begin" : 4380,  "end" : 4382 }, 
        {"sofa" : 12,  "begin" : 4383,  "end" : 4386 }, 
        {"sofa" : 12,  "begin" : 4387,  "end" : 4390 }, 
        {"sofa" : 12,  "begin" : 4391,  "end" : 4393 }, 
        {"sofa" : 12,  "begin" : 4394,  "end" : 4399 }, 
        {"sofa" : 12,  "begin" : 4400,  "end" : 4407 }, 
        {"sofa" : 12,  "begin" : 4408,  "end" : 4411 }, 
        {"sofa" : 12,  "begin" : 4412,  "end" : 4420 }, 
        {"sofa" : 12,  "begin" : 4421,  "end" : 4423 }, 
        {"sofa" : 12,  "begin" : 4424,  "end" : 4431 }, 
        {"sofa" : 12,  "begin" : 4432,  "end" : 4436 }, 
        {"sofa" : 12,  "begin" : 4437,  "end" : 4440 }, 
        {"sofa" : 12,  "begin" : 4441,  "end" : 4451 }, 
        {"sofa" : 12,  "begin" : 4452,  "end" : 4454 }, 
        {"sofa" : 12,  "begin" : 4455,  "end" : 4458 }, 
        {"sofa" : 12,  "begin" : 4459,  "end" : 4467 }, 
        {"sofa" : 12,  "begin" : 4468,  "end" : 4470 }, 
        {"sofa" : 12,  "begin" : 4471,  "end" : 4474 }, 
        {"sofa" : 12,  "begin" : 4475,  "end" : 4481 }, 
        {"sofa" : 12,  "begin" : 4482,  "end" : 4484 }, 
        {"sofa" : 12,  "begin" : 4485,  "end" : 4488 }, 
        {"sofa" : 12,  "begin" : 4489,  "end" : 4497 }, 
        {"sofa" : 12,  "begin" : 4498,  "end" : 4503 }, 
        {"sofa" : 12,  "begin" : 4504,  "end" : 4507 }, 
        {"sofa" : 12,  "begin" : 4508,  "end" : 4509 }, 
        {"sofa" : 12,  "begin" : 4510,  "end" : 4517 }, 
        {"sofa" : 12,  "begin" : 4518,  "end" : 4528 }, 
        {"sofa" : 12,  "begin" : 4529,  "end" : 4532 }, 
        {"sofa" : 12,  "begin" : 4533,  "end" : 4536 }, 
        {"sofa" : 12,  "begin" : 4537,  "end" : 4540 }, 
        {"sofa" : 12,  "begin" : 4541,  "end" : 4555 }, 
        {"sofa" : 12,  "begin" : 4556,  "end" : 4557 }, 
        {"sofa" : 12,  "begin" : 4558,  "end" : 4565 }, 
        {"sofa" : 12,  "begin" : 4566,  "end" : 4568 }, 
        {"sofa" : 12,  "begin" : 4569,  "end" : 4572 }, 
        {"sofa" : 12,  "begin" : 4573,  "end" : 4578 }, 
        {"sofa" : 12,  "begin" : 4579,  "end" : 4581 }, 
        {"sofa" : 12,  "begin" : 4582,  "end" : 4586 }, 
        {"sofa" : 12,  "begin" : 4587,  "end" : 4589 }, 
        {"sofa" : 12,  "begin" : 4590,  "end" : 4593 }, 
        {"sofa" : 12,  "begin" : 4594,  "end" : 4605 }, 
        {"sofa" : 12,  "begin" : 4606,  "end" : 4610 }, 
        {"sofa" : 12,  "begin" : 4611,  "end" : 4614 }, 
        {"sofa" : 12,  "begin" : 4615,  "end" : 4618 }, 
        {"sofa" : 12,  "begin" : 4619,  "end" : 4624 }, 
        {"sofa" : 12,  "begin" : 4625,  "end" : 4629 }, 
        {"sofa" : 12,  "begin" : 4629,  "end" : 4630 }, 
        {"sofa" : 12,  "begin" : 4630,  "end" : 4632 }, 
        {"sofa" : 12,  "begin" : 4632,  "end" : 4633 }, 
        {"sofa" : 12,  "begin" : 4634,  "end" : 4638 }, 
        {"sofa" : 12,  "begin" : 4638,  "end" : 4639 }, 
        {"sofa" : 12,  "begin" : 4639,  "end" : 4641 }, 
        {"sofa" : 12,  "begin" : 4642,  "end" : 4645 }, 
        {"sofa" : 12,  "begin" : 4646,  "end" : 4650 }, 
        {"sofa" : 12,  "begin" : 4650,  "end" : 4651 }, 
        {"sofa" : 12,  "begin" : 4651,  "end" : 4653 }, 
        {"sofa" : 12,  "begin" : 4654,  "end" : 4657 }, 
        {"sofa" : 12,  "begin" : 4658,  "end" : 4661 }, 
        {"sofa" : 12,  "begin" : 4662,  "end" : 4671 }, 
        {"sofa" : 12,  "begin" : 4672,  "end" : 4681 }, 
        {"sofa" : 12,  "begin" : 4682,  "end" : 4695 }, 
        {"sofa" : 12,  "begin" : 4696,  "end" : 4701 }, 
        {"sofa" : 12,  "begin" : 4702,  "end" : 4705 }, 
        {"sofa" : 12,  "begin" : 4706,  "end" : 4711 }, 
        {"sofa" : 12,  "begin" : 4712,  "end" : 4717 }, 
        {"sofa" : 12,  "begin" : 4718,  "end" : 4723 }, 
        {"sofa" : 12,  "begin" : 4723,  "end" : 4724 }, 
        {"sofa" : 12,  "begin" : 4725,  "end" : 4727 }, 
        {"sofa" : 12,  "begin" : 4728,  "end" : 4731 }, 
        {"sofa" : 12,  "begin" : 4732,  "end" : 4736 }, 
        {"sofa" : 12,  "begin" : 4737,  "end" : 4739 }, 
        {"sofa" : 12,  "begin" : 4740,  "end" : 4743 }, 
        {"sofa" : 12,  "begin" : 4744,  "end" : 4754 }, 
        {"sofa" : 12,  "begin" : 4755,  "end" : 4757 }, 
        {"sofa" : 12,  "begin" : 4758,  "end" : 4762 }, 
        {"sofa" : 12,  "begin" : 4763,  "end" : 4766 }, 
        {"sofa" : 12,  "begin" : 4767,  "end" : 4770 }, 
        {"sofa" : 12,  "begin" : 4771,  "end" : 4781 }, 
        {"sofa" : 12,  "begin" : 4782,  "end" : 4787 }, 
        {"sofa" : 12,  "begin" : 4788,  "end" : 4792 }, 
        {"sofa" : 12,  "begin" : 4792,  "end" : 4793 }, 
        {"sofa" : 12,  "begin" : 4793,  "end" : 4795 }, 
        {"sofa" : 12,  "begin" : 4796,  "end" : 4800 }, 
        {"sofa" : 12,  "begin" : 4801,  "end" : 4804 }, 
        {"sofa" : 12,  "begin" : 4805,  "end" : 4809 }, 
        {"sofa" : 12,  "begin" : 4810,  "end" : 4816 }, 
        {"sofa" : 12,  "begin" : 4817,  "end" : 4819 }, 
        {"sofa" : 12,  "begin" : 4820,  "end" : 4823 }, 
        {"sofa" : 12,  "begin" : 4824,  "end" : 4833 }, 
        {"sofa" : 12,  "begin" : 4834,  "end" : 4837 }, 
        {"sofa" : 12,  "begin" : 4838,  "end" : 4847 }, 
        {"sofa" : 12,  "begin" : 4848,  "end" : 4862 }, 
        {"sofa" : 12,  "begin" : 4863,  "end" : 4864 }, 
        {"sofa" : 12,  "begin" : 4865,  "end" : 4872 }, 
        {"sofa" : 12,  "begin" : 4873,  "end" : 4876 }, 
        {"sofa" : 12,  "begin" : 4877,  "end" : 4885 }, 
        {"sofa" : 12,  "begin" : 4886,  "end" : 4897 }, 
        {"sofa" : 12,  "begin" : 4898,  "end" : 4904 }, 
        {"sofa" : 12,  "begin" : 4905,  "end" : 4907 }, 
        {"sofa" : 12,  "begin" : 4908,  "end" : 4911 }, 
        {"sofa" : 12,  "begin" : 4912,  "end" : 4914 }, 
        {"sofa" : 12,  "begin" : 4915,  "end" : 4923 }, 
        {"sofa" : 12,  "begin" : 4924,  "end" : 4926 }, 
        {"sofa" : 12,  "begin" : 4927,  "end" : 4935 }, 
        {"sofa" : 12,  "begin" : 4936,  "end" : 4943 }, 
        {"sofa" : 12,  "begin" : 4944,  "end" : 4952 }, 
        {"sofa" : 12,  "begin" : 4953,  "end" : 4958 }, 
        {"sofa" : 12,  "begin" : 4959,  "end" : 4964 }, 
        {"sofa" : 12,  "begin" : 4965,  "end" : 4969 }, 
        {"sofa" : 12,  "begin" : 4970,  "end" : 4975 }, 
        {"sofa" : 12,  "begin" : 4976,  "end" : 4980 }, 
        {"sofa" : 12,  "begin" : 4981,  "end" : 4988 }, 
        {"sofa" : 12,  "begin" : 4989,  "end" : 4991 }, 
        {"sofa" : 12,  "begin" : 4992,  "end" : 4995 }, 
        {"sofa" : 12,  "begin" : 4996,  "end" : 5005 }, 
        {"sofa" : 12,  "begin" : 5006,  "end" : 5015 }, 
        {"sofa" : 12,  "begin" : 5016,  "end" : 5028 }, 
        {"sofa" : 12,  "begin" : 5029,  "end" : 5032 }, 
        {"sofa" : 12,  "begin" : 5033,  "end" : 5042 }, 
        {"sofa" : 12,  "begin" : 5043,  "end" : 5053 }, 
        {"sofa" : 12,  "begin" : 5054,  "end" : 5056 }, 
        {"sofa" : 12,  "begin" : 5057,  "end" : 5060 }, 
        {"sofa" : 12,  "begin" : 5061,  "end" : 5070 }, 
        {"sofa" : 12,  "begin" : 5071,  "end" : 5080 }, 
        {"sofa" : 12,  "begin" : 5081,  "end" : 5094 }, 
        {"sofa" : 12,  "begin" : 5095,  "end" : 5100 }, 
        {"sofa" : 12,  "begin" : 5100,  "end" : 5101 }, 
        {"sofa" : 12,  "begin" : 5102,  "end" : 5111 }, 
        {"sofa" : 12,  "begin" : 5112,  "end" : 5115 }, 
        {"sofa" : 12,  "begin" : 5116,  "end" : 5120 }, 
        {"sofa" : 12,  "begin" : 5121,  "end" : 5125 }, 
        {"sofa" : 12,  "begin" : 5126,  "end" : 5129 }, 
        {"sofa" : 12,  "begin" : 5130,  "end" : 5138 }, 
        {"sofa" : 12,  "begin" : 5139,  "end" : 5142 }, 
        {"sofa" : 12,  "begin" : 5143,  "end" : 5147 }, 
        {"sofa" : 12,  "begin" : 5148,  "end" : 5155 }, 
        {"sofa" : 12,  "begin" : 5156,  "end" : 5162 }, 
        {"sofa" : 12,  "begin" : 5163,  "end" : 5165 }, 
        {"sofa" : 12,  "begin" : 5166,  "end" : 5173 }, 
        {"sofa" : 12,  "begin" : 5174,  "end" : 5179 }, 
        {"sofa" : 12,  "begin" : 5180,  "end" : 5189 }, 
        {"sofa" : 12,  "begin" : 5190,  "end" : 5192 }, 
        {"sofa" : 12,  "begin" : 5193,  "end" : 5198 }, 
        {"sofa" : 12,  "begin" : 5198,  "end" : 5199 }, 
        {"sofa" : 12,  "begin" : 5200,  "end" : 5208 }, 
        {"sofa" : 12,  "begin" : 5209,  "end" : 5212 }, 
        {"sofa" : 12,  "begin" : 5213,  "end" : 5217 }, 
        {"sofa" : 12,  "begin" : 5218,  "end" : 5226 }, 
        {"sofa" : 12,  "begin" : 5227,  "end" : 5230 }, 
        {"sofa" : 12,  "begin" : 5231,  "end" : 5235 }, 
        {"sofa" : 12,  "begin" : 5236,  "end" : 5244 }, 
        {"sofa" : 12,  "begin" : 5245,  "end" : 5247 }, 
        {"sofa" : 12,  "begin" : 5248,  "end" : 5251 }, 
        {"sofa" : 12,  "begin" : 5252,  "end" : 5262 }, 
        {"sofa" : 12,  "begin" : 5263,  "end" : 5271 }, 
        {"sofa" : 12,  "begin" : 5272,  "end" : 5274 }, 
        {"sofa" : 12,  "begin" : 5275,  "end" : 5280 }, 
        {"sofa" : 12,  "begin" : 5281,  "end" : 5287 }, 
        {"sofa" : 12,  "begin" : 5288,  "end" : 5293 }, 
        {"sofa" : 12,  "begin" : 5294,  "end" : 5298 }, 
        {"sofa" : 12,  "begin" : 5299,  "end" : 5303 }, 
        {"sofa" : 12,  "begin" : 5304,  "end" : 5313 }, 
        {"sofa" : 12,  "begin" : 5314,  "end" : 5318 }, 
        {"sofa" : 12,  "begin" : 5319,  "end" : 5326 }, 
        {"sofa" : 12,  "begin" : 5327,  "end" : 5332 }, 
        {"sofa" : 12,  "begin" : 5332,  "end" : 5333 }, 
        {"sofa" : 12,  "begin" : 5334,  "end" : 5336 }, 
        {"sofa" : 12,  "begin" : 5337,  "end" : 5340 }, 
        {"sofa" : 12,  "begin" : 5341,  "end" : 5345 }, 
        {"sofa" : 12,  "begin" : 5345,  "end" : 5346 }, 
        {"sofa" : 12,  "begin" : 5347,  "end" : 5350 }, 
        {"sofa" : 12,  "begin" : 5351,  "end" : 5355 }, 
        {"sofa" : 12,  "begin" : 5356,  "end" : 5361 }, 
        {"sofa" : 12,  "begin" : 5362,  "end" : 5365 }, 
        {"sofa" : 12,  "begin" : 5366,  "end" : 5371 }, 
        {"sofa" : 12,  "begin" : 5372,  "end" : 5374 }, 
        {"sofa" : 12,  "begin" : 5375,  "end" : 5383 }, 
        {"sofa" : 12,  "begin" : 5384,  "end" : 5386 }, 
        {"sofa" : 12,  "begin" : 5387,  "end" : 5391 }, 
        {"sofa" : 12,  "begin" : 5392,  "end" : 5395 }, 
        {"sofa" : 12,  "begin" : 5396,  "end" : 5397 }, 
        {"sofa" : 12,  "begin" : 5398,  "end" : 5407 }, 
        {"sofa" : 12,  "begin" : 5408,  "end" : 5410 }, 
        {"sofa" : 12,  "begin" : 5411,  "end" : 5414 }, 
        {"sofa" : 12,  "begin" : 5415,  "end" : 5419 }, 
        {"sofa" : 12,  "begin" : 5420,  "end" : 5425 }, 
        {"sofa" : 12,  "begin" : 5426,  "end" : 5433 }, 
        {"sofa" : 12,  "begin" : 5434,  "end" : 5436 }, 
        {"sofa" : 12,  "begin" : 5436,  "end" : 5437 }, 
        {"sofa" : 12,  "begin" : 5437,  "end" : 5438 }, 
        {"sofa" : 12,  "begin" : 5438,  "end" : 5439 }, 
        {"sofa" : 12,  "begin" : 5440,  "end" : 5442 }, 
        {"sofa" : 12,  "begin" : 5443,  "end" : 5446 }, 
        {"sofa" : 12,  "begin" : 5447,  "end" : 5457 }, 
        {"sofa" : 12,  "begin" : 5458,  "end" : 5461 }, 
        {"sofa" : 12,  "begin" : 5461,  "end" : 5462 }, 
        {"sofa" : 12,  "begin" : 5463,  "end" : 5466 }, 
        {"sofa" : 12,  "begin" : 5467,  "end" : 5477 }, 
        {"sofa" : 12,  "begin" : 5478,  "end" : 5480 }, 
        {"sofa" : 12,  "begin" : 5481,  "end" : 5484 }, 
        {"sofa" : 12,  "begin" : 5485,  "end" : 5493 }, 
        {"sofa" : 12,  "begin" : 5494,  "end" : 5497 }, 
        {"sofa" : 12,  "begin" : 5498,  "end" : 5503 }, 
        {"sofa" : 12,  "begin" : 5504,  "end" : 5506 }, 
        {"sofa" : 12,  "begin" : 5507,  "end" : 5517 }, 
        {"sofa" : 12,  "begin" : 5518,  "end" : 5520 }, 
        {"sofa" : 12,  "begin" : 5521,  "end" : 5525 }, 
        {"sofa" : 12,  "begin" : 5526,  "end" : 5532 }, 
        {"sofa" : 12,  "begin" : 5533,  "end" : 5537 }, 
        {"sofa" : 12,  "begin" : 5538,  "end" : 5547 }, 
        {"sofa" : 12,  "begin" : 5548,  "end" : 5554 }, 
        {"sofa" : 12,  "begin" : 5555,  "end" : 5558 }, 
        {"sofa" : 12,  "begin" : 5559,  "end" : 5565 }, 
        {"sofa" : 12,  "begin" : 5566,  "end" : 5577 }, 
        {"sofa" : 12,  "begin" : 5577,  "end" : 5578 }, 
        {"sofa" : 12,  "begin" : 5579,  "end" : 5582 }, 
        {"sofa" : 12,  "begin" : 5583,  "end" : 5590 }, 
        {"sofa" : 12,  "begin" : 5591,  "end" : 5593 }, 
        {"sofa" : 12,  "begin" : 5594,  "end" : 5597 }, 
        {"sofa" : 12,  "begin" : 5598,  "end" : 5608 }, 
        {"sofa" : 12,  "begin" : 5609,  "end" : 5616 }, 
        {"sofa" : 12,  "begin" : 5617,  "end" : 5626 }, 
        {"sofa" : 12,  "begin" : 5627,  "end" : 5631 }, 
        {"sofa" : 12,  "begin" : 5632,  "end" : 5636 }, 
        {"sofa" : 12,  "begin" : 5637,  "end" : 5643 }, 
        {"sofa" : 12,  "begin" : 5644,  "end" : 5648 }, 
        {"sofa" : 12,  "begin" : 5649,  "end" : 5653 }, 
        {"sofa" : 12,  "begin" : 5654,  "end" : 5661 }, 
        {"sofa" : 12,  "begin" : 5662,  "end" : 5664 }, 
        {"sofa" : 12,  "begin" : 5665,  "end" : 5671 }, 
        {"sofa" : 12,  "begin" : 5672,  "end" : 5674 }, 
        {"sofa" : 12,  "begin" : 5675,  "end" : 5680 }, 
        {"sofa" : 12,  "begin" : 5681,  "end" : 5690 }, 
        {"sofa" : 12,  "begin" : 5690,  "end" : 5691 }, 
        {"sofa" : 12,  "begin" : 5692,  "end" : 5695 }, 
        {"sofa" : 12,  "begin" : 5696,  "end" : 5702 }, 
        {"sofa" : 12,  "begin" : 5703,  "end" : 5705 }, 
        {"sofa" : 12,  "begin" : 5706,  "end" : 5709 }, 
        {"sofa" : 12,  "begin" : 5710,  "end" : 5718 }, 
        {"sofa" : 12,  "begin" : 5719,  "end" : 5724 }, 
        {"sofa" : 12,  "begin" : 5725,  "end" : 5729 }, 
        {"sofa" : 12,  "begin" : 5730,  "end" : 5737 }, 
        {"sofa" : 12,  "begin" : 5738,  "end" : 5740 }, 
        {"sofa" : 12,  "begin" : 5741,  "end" : 5745 }, 
        {"sofa" : 12,  "begin" : 5746,  "end" : 5748 }, 
        {"sofa" : 12,  "begin" : 5749,  "end" : 5756 }, 
        {"sofa" : 12,  "begin" : 5757,  "end" : 5767 }, 
        {"sofa" : 12,  "begin" : 5768,  "end" : 5771 }, 
        {"sofa" : 12,  "begin" : 5772,  "end" : 5775 }, 
        {"sofa" : 12,  "begin" : 5776,  "end" : 5783 }, 
        {"sofa" : 12,  "begin" : 5784,  "end" : 5786 }, 
        {"sofa" : 12,  "begin" : 5787,  "end" : 5798 }, 
        {"sofa" : 12,  "begin" : 5799,  "end" : 5804 }, 
        {"sofa" : 12,  "begin" : 5805,  "end" : 5813 }, 
        {"sofa" : 12,  "begin" : 5814,  "end" : 5820 }, 
        {"sofa" : 12,  "begin" : 5820,  "end" : 5821 }, 
        {"sofa" : 12,  "begin" : 5822,  "end" : 5825 }, 
        {"sofa" : 12,  "begin" : 5826,  "end" : 5832 }, 
        {"sofa" : 12,  "begin" : 5833,  "end" : 5835 }, 
        {"sofa" : 12,  "begin" : 5836,  "end" : 5842 }, 
        {"sofa" : 12,  "begin" : 5843,  "end" : 5847 }, 
        {"sofa" : 12,  "begin" : 5848,  "end" : 5850 }, 
        {"sofa" : 12,  "begin" : 5851,  "end" : 5854 }, 
        {"sofa" : 12,  "begin" : 5855,  "end" : 5865 }, 
        {"sofa" : 12,  "begin" : 5866,  "end" : 5870 }, 
        {"sofa" : 12,  "begin" : 5871,  "end" : 5873 }, 
        {"sofa" : 12,  "begin" : 5874,  "end" : 5884 }, 
        {"sofa" : 12,  "begin" : 5885,  "end" : 5889 }, 
        {"sofa" : 12,  "begin" : 5890,  "end" : 5894 }, 
        {"sofa" : 12,  "begin" : 5895,  "end" : 5897 }, 
        {"sofa" : 12,  "begin" : 5898,  "end" : 5902 }, 
        {"sofa" : 12,  "begin" : 5903,  "end" : 5906 }, 
        {"sofa" : 12,  "begin" : 5907,  "end" : 5910 }, 
        {"sofa" : 12,  "begin" : 5911,  "end" : 5912 }, 
        {"sofa" : 12,  "begin" : 5913,  "end" : 5919 }, 
        {"sofa" : 12,  "begin" : 5920,  "end" : 5925 }, 
        {"sofa" : 12,  "begin" : 5926,  "end" : 5929 }, 
        {"sofa" : 12,  "begin" : 5930,  "end" : 5934 }, 
        {"sofa" : 12,  "begin" : 5935,  "end" : 5939 }, 
        {"sofa" : 12,  "begin" : 5939,  "end" : 5940 }, 
        {"sofa" : 12,  "begin" : 5941,  "end" : 5944 }, 
        {"sofa" : 12,  "begin" : 5945,  "end" : 5953 }, 
        {"sofa" : 12,  "begin" : 5954,  "end" : 5961 }, 
        {"sofa" : 12,  "begin" : 5962,  "end" : 5965 }, 
        {"sofa" : 12,  "begin" : 5966,  "end" : 5970 }, 
        {"sofa" : 12,  "begin" : 5971,  "end" : 5974 }, 
        {"sofa" : 12,  "begin" : 5975,  "end" : 5982 }, 
        {"sofa" : 12,  "begin" : 5983,  "end" : 5986 }, 
        {"sofa" : 12,  "begin" : 5987,  "end" : 5990 }, 
        {"sofa" : 12,  "begin" : 5991,  "end" : 6001 }, 
        {"sofa" : 12,  "begin" : 6002,  "end" : 6007 }, 
        {"sofa" : 12,  "begin" : 6008,  "end" : 6012 }, 
        {"sofa" : 12,  "begin" : 6012,  "end" : 6013 }, 
        {"sofa" : 12,  "begin" : 6013,  "end" : 6015 }, 
        {"sofa" : 12,  "begin" : 6015,  "end" : 6016 }, 
        {"sofa" : 12,  "begin" : 6017,  "end" : 6021 }, 
        {"sofa" : 12,  "begin" : 6021,  "end" : 6022 }, 
        {"sofa" : 12,  "begin" : 6022,  "end" : 6024 }, 
        {"sofa" : 12,  "begin" : 6025,  "end" : 6028 }, 
        {"sofa" : 12,  "begin" : 6029,  "end" : 6033 }, 
        {"sofa" : 12,  "begin" : 6033,  "end" : 6034 }, 
        {"sofa" : 12,  "begin" : 6034,  "end" : 6036 }, 
        {"sofa" : 12,  "begin" : 6037,  "end" : 6041 }, 
        {"sofa" : 12,  "begin" : 6042,  "end" : 6047 }, 
        {"sofa" : 12,  "begin" : 6048,  "end" : 6050 }, 
        {"sofa" : 12,  "begin" : 6051,  "end" : 6054 }, 
        {"sofa" : 12,  "begin" : 6055,  "end" : 6065 }, 
        {"sofa" : 12,  "begin" : 6066,  "end" : 6071 }, 
        {"sofa" : 12,  "begin" : 6072,  "end" : 6076 }, 
        {"sofa" : 12,  "begin" : 6077,  "end" : 6081 }, 
        {"sofa" : 12,  "begin" : 6082,  "end" : 6086 }, 
        {"sofa" : 12,  "begin" : 6087,  "end" : 6092 }, 
        {"sofa" : 12,  "begin" : 6093,  "end" : 6097 }, 
        {"sofa" : 12,  "begin" : 6098,  "end" : 6102 }, 
        {"sofa" : 12,  "begin" : 6103,  "end" : 6115 }, 
        {"sofa" : 12,  "begin" : 6116,  "end" : 6118 }, 
        {"sofa" : 12,  "begin" : 6119,  "end" : 6122 }, 
        {"sofa" : 12,  "begin" : 6123,  "end" : 6132 }, 
        {"sofa" : 12,  "begin" : 6133,  "end" : 6135 }, 
        {"sofa" : 12,  "begin" : 6136,  "end" : 6139 }, 
        {"sofa" : 12,  "begin" : 6140,  "end" : 6146 }, 
        {"sofa" : 12,  "begin" : 6147,  "end" : 6149 }, 
        {"sofa" : 12,  "begin" : 6150,  "end" : 6154 }, 
        {"sofa" : 12,  "begin" : 6155,  "end" : 6162 }, 
        {"sofa" : 12,  "begin" : 6162,  "end" : 6163 }, 
        {"sofa" : 12,  "begin" : 6164,  "end" : 6168 }, 
        {"sofa" : 12,  "begin" : 6169,  "end" : 6173 }, 
        {"sofa" : 12,  "begin" : 6174,  "end" : 6182 }, 
        {"sofa" : 12,  "begin" : 6183,  "end" : 6185 }, 
        {"sofa" : 12,  "begin" : 6186,  "end" : 6189 }, 
        {"sofa" : 12,  "begin" : 6190,  "end" : 6202 }, 
        {"sofa" : 12,  "begin" : 6203,  "end" : 6207 }, 
        {"sofa" : 12,  "begin" : 6208,  "end" : 6211 }, 
        {"sofa" : 12,  "begin" : 6212,  "end" : 6222 }, 
        {"sofa" : 12,  "begin" : 6223,  "end" : 6227 }, 
        {"sofa" : 12,  "begin" : 6228,  "end" : 6238 }, 
        {"sofa" : 12,  "begin" : 6239,  "end" : 6241 }, 
        {"sofa" : 12,  "begin" : 6242,  "end" : 6245 }, 
        {"sofa" : 12,  "begin" : 6246,  "end" : 6254 }, 
        {"sofa" : 12,  "begin" : 6255,  "end" : 6261 }, 
        {"sofa" : 12,  "begin" : 6262,  "end" : 6264 }, 
        {"sofa" : 12,  "begin" : 6265,  "end" : 6268 }, 
        {"sofa" : 12,  "begin" : 6269,  "end" : 6277 }, 
        {"sofa" : 12,  "begin" : 6278,  "end" : 6283 }, 
        {"sofa" : 12,  "begin" : 6284,  "end" : 6287 }, 
        {"sofa" : 12,  "begin" : 6288,  "end" : 6292 }, 
        {"sofa" : 12,  "begin" : 6293,  "end" : 6298 }, 
        {"sofa" : 12,  "begin" : 6299,  "end" : 6305 }, 
        {"sofa" : 12,  "begin" : 6306,  "end" : 6308 }, 
        {"sofa" : 12,  "begin" : 6309,  "end" : 6312 }, 
        {"sofa" : 12,  "begin" : 6313,  "end" : 6319 }, 
        {"sofa" : 12,  "begin" : 6320,  "end" : 6322 }, 
        {"sofa" : 12,  "begin" : 6323,  "end" : 6326 }, 
        {"sofa" : 12,  "begin" : 6327,  "end" : 6337 }, 
        {"sofa" : 12,  "begin" : 6338,  "end" : 6341 }, 
        {"sofa" : 12,  "begin" : 6342,  "end" : 6349 }, 
        {"sofa" : 12,  "begin" : 6350,  "end" : 6356 }, 
        {"sofa" : 12,  "begin" : 6361,  "end" : 6364 }, 
        {"sofa" : 12,  "begin" : 6365,  "end" : 6375 }, 
        {"sofa" : 12,  "begin" : 6376,  "end" : 6378 }, 
        {"sofa" : 12,  "begin" : 6379,  "end" : 6382 }, 
        {"sofa" : 12,  "begin" : 6383,  "end" : 6391 }, 
        {"sofa" : 12,  "begin" : 6392,  "end" : 6395 }, 
        {"sofa" : 12,  "begin" : 6396,  "end" : 6401 }, 
        {"sofa" : 12,  "begin" : 6402,  "end" : 6411 }, 
        {"sofa" : 12,  "begin" : 6412,  "end" : 6414 }, 
        {"sofa" : 12,  "begin" : 6415,  "end" : 6423 }, 
        {"sofa" : 12,  "begin" : 6423,  "end" : 6424 }, 
        {"sofa" : 12,  "begin" : 6425,  "end" : 6427 }, 
        {"sofa" : 12,  "begin" : 6428,  "end" : 6431 }, 
        {"sofa" : 12,  "begin" : 6432,  "end" : 6435 }, 
        {"sofa" : 12,  "begin" : 6436,  "end" : 6438 }, 
        {"sofa" : 12,  "begin" : 6439,  "end" : 6443 }, 
        {"sofa" : 12,  "begin" : 6444,  "end" : 6448 }, 
        {"sofa" : 12,  "begin" : 6449,  "end" : 6456 }, 
        {"sofa" : 12,  "begin" : 6457,  "end" : 6459 }, 
        {"sofa" : 12,  "begin" : 6460,  "end" : 6463 }, 
        {"sofa" : 12,  "begin" : 6464,  "end" : 6472 }, 
        {"sofa" : 12,  "begin" : 6473,  "end" : 6478 }, 
        {"sofa" : 12,  "begin" : 6479,  "end" : 6482 }, 
        {"sofa" : 12,  "begin" : 6483,  "end" : 6489 }, 
        {"sofa" : 12,  "begin" : 6490,  "end" : 6494 }, 
        {"sofa" : 12,  "begin" : 6495,  "end" : 6499 }, 
        {"sofa" : 12,  "begin" : 6500,  "end" : 6502 }, 
        {"sofa" : 12,  "begin" : 6503,  "end" : 6505 }, 
        {"sofa" : 12,  "begin" : 6506,  "end" : 6520 }, 
        {"sofa" : 12,  "begin" : 6520,  "end" : 6521 }, 
        {"sofa" : 12,  "begin" : 6522,  "end" : 6526 }, 
        {"sofa" : 12,  "begin" : 6527,  "end" : 6531 }, 
        {"sofa" : 12,  "begin" : 6532,  "end" : 6534 }, 
        {"sofa" : 12,  "begin" : 6535,  "end" : 6544 }, 
        {"sofa" : 12,  "begin" : 6545,  "end" : 6552 }, 
        {"sofa" : 12,  "begin" : 6553,  "end" : 6556 }, 
        {"sofa" : 12,  "begin" : 6557,  "end" : 6560 }, 
        {"sofa" : 12,  "begin" : 6561,  "end" : 6571 }, 
        {"sofa" : 12,  "begin" : 6572,  "end" : 6576 }, 
        {"sofa" : 12,  "begin" : 6577,  "end" : 6581 }, 
        {"sofa" : 12,  "begin" : 6581,  "end" : 6582 }, 
        {"sofa" : 12,  "begin" : 6582,  "end" : 6584 }, 
        {"sofa" : 12,  "begin" : 6584,  "end" : 6585 }, 
        {"sofa" : 12,  "begin" : 6586,  "end" : 6588 }, 
        {"sofa" : 12,  "begin" : 6589,  "end" : 6592 }, 
        {"sofa" : 12,  "begin" : 6593,  "end" : 6599 }, 
        {"sofa" : 12,  "begin" : 6600,  "end" : 6602 }, 
        {"sofa" : 12,  "begin" : 6603,  "end" : 6613 }, 
        {"sofa" : 12,  "begin" : 6614,  "end" : 6616 }, 
        {"sofa" : 12,  "begin" : 6617,  "end" : 6627 }, 
        {"sofa" : 12,  "begin" : 6627,  "end" : 6628 }, 
        {"sofa" : 12,  "begin" : 6629,  "end" : 6633 }, 
        {"sofa" : 12,  "begin" : 6634,  "end" : 6639 }, 
        {"sofa" : 12,  "begin" : 6640,  "end" : 6650 }, 
        {"sofa" : 12,  "begin" : 6651,  "end" : 6653 }, 
        {"sofa" : 12,  "begin" : 6654,  "end" : 6662 }, 
        {"sofa" : 12,  "begin" : 6663,  "end" : 6666 }, 
        {"sofa" : 12,  "begin" : 6667,  "end" : 6670 }, 
        {"sofa" : 12,  "begin" : 6671,  "end" : 6679 }, 
        {"sofa" : 12,  "begin" : 6680,  "end" : 6687 }, 
        {"sofa" : 12,  "begin" : 6688,  "end" : 6690 }, 
        {"sofa" : 12,  "begin" : 6691,  "end" : 6693 }, 
        {"sofa" : 12,  "begin" : 6694,  "end" : 6695 }, 
        {"sofa" : 12,  "begin" : 6696,  "end" : 6704 }, 
        {"sofa" : 12,  "begin" : 6705,  "end" : 6709 }, 
        {"sofa" : 12,  "begin" : 6710,  "end" : 6712 }, 
        {"sofa" : 12,  "begin" : 6713,  "end" : 6721 }, 
        {"sofa" : 12,  "begin" : 6722,  "end" : 6728 }, 
        {"sofa" : 12,  "begin" : 6729,  "end" : 6732 }, 
        {"sofa" : 12,  "begin" : 6733,  "end" : 6739 }, 
        {"sofa" : 12,  "begin" : 6740,  "end" : 6751 }, 
        {"sofa" : 12,  "begin" : 6752,  "end" : 6758 }, 
        {"sofa" : 12,  "begin" : 6759,  "end" : 6761 }, 
        {"sofa" : 12,  "begin" : 6762,  "end" : 6770 }, 
        {"sofa" : 12,  "begin" : 6771,  "end" : 6773 }, 
        {"sofa" : 12,  "begin" : 6774,  "end" : 6781 }, 
        {"sofa" : 12,  "begin" : 6782,  "end" : 6784 }, 
        {"sofa" : 12,  "begin" : 6785,  "end" : 6788 }, 
        {"sofa" : 12,  "begin" : 6789,  "end" : 6799 }, 
        {"sofa" : 12,  "begin" : 6800,  "end" : 6803 }, 
        {"sofa" : 12,  "begin" : 6804,  "end" : 6807 }, 
        {"sofa" : 12,  "begin" : 6808,  "end" : 6818 }, 
        {"sofa" : 12,  "begin" : 6819,  "end" : 6824 }, 
        {"sofa" : 12,  "begin" : 6824,  "end" : 6825 }, 
        {"sofa" : 12,  "begin" : 6826,  "end" : 6829 }, 
        {"sofa" : 12,  "begin" : 6830,  "end" : 6838 }, 
        {"sofa" : 12,  "begin" : 6839,  "end" : 6841 }, 
        {"sofa" : 12,  "begin" : 6842,  "end" : 6845 }, 
        {"sofa" : 12,  "begin" : 6846,  "end" : 6851 }, 
        {"sofa" : 12,  "begin" : 6852,  "end" : 6854 }, 
        {"sofa" : 12,  "begin" : 6855,  "end" : 6859 }, 
        {"sofa" : 12,  "begin" : 6860,  "end" : 6867 }, 
        {"sofa" : 12,  "begin" : 6868,  "end" : 6870 }, 
        {"sofa" : 12,  "begin" : 6871,  "end" : 6879 }, 
        {"sofa" : 12,  "begin" : 6880,  "end" : 6883 }, 
        {"sofa" : 12,  "begin" : 6884,  "end" : 6892 }, 
        {"sofa" : 12,  "begin" : 6893,  "end" : 6898 }, 
        {"sofa" : 12,  "begin" : 6898,  "end" : 6899 }, 
        {"sofa" : 12,  "begin" : 6900,  "end" : 6903 }, 
        {"sofa" : 12,  "begin" : 6904,  "end" : 6912 }, 
        {"sofa" : 12,  "begin" : 6913,  "end" : 6915 }, 
        {"sofa" : 12,  "begin" : 6916,  "end" : 6919 }, 
        {"sofa" : 12,  "begin" : 6920,  "end" : 6928 }, 
        {"sofa" : 12,  "begin" : 6929,  "end" : 6932 }, 
        {"sofa" : 12,  "begin" : 6933,  "end" : 6935 }, 
        {"sofa" : 12,  "begin" : 6936,  "end" : 6937 }, 
        {"sofa" : 12,  "begin" : 6938,  "end" : 6946 }, 
        {"sofa" : 12,  "begin" : 6947,  "end" : 6949 }, 
        {"sofa" : 12,  "begin" : 6950,  "end" : 6954 }, 
        {"sofa" : 12,  "begin" : 6955,  "end" : 6958 }, 
        {"sofa" : 12,  "begin" : 6959,  "end" : 6961 }, 
        {"sofa" : 12,  "begin" : 6962,  "end" : 6970 }, 
        {"sofa" : 12,  "begin" : 6971,  "end" : 6973 }, 
        {"sofa" : 12,  "begin" : 6974,  "end" : 6977 }, 
        {"sofa" : 12,  "begin" : 6978,  "end" : 6983 }, 
        {"sofa" : 12,  "begin" : 6984,  "end" : 6989 }, 
        {"sofa" : 12,  "begin" : 6990,  "end" : 6995 }, 
        {"sofa" : 12,  "begin" : 6996,  "end" : 6998 }, 
        {"sofa" : 12,  "begin" : 6999,  "end" : 7007 }, 
        {"sofa" : 12,  "begin" : 7008,  "end" : 7010 }, 
        {"sofa" : 12,  "begin" : 7011,  "end" : 7013 }, 
        {"sofa" : 12,  "begin" : 7014,  "end" : 7022 }, 
        {"sofa" : 12,  "begin" : 7023,  "end" : 7028 }, 
        {"sofa" : 12,  "begin" : 7029,  "end" : 7036 }, 
        {"sofa" : 12,  "begin" : 7037,  "end" : 7039 }, 
        {"sofa" : 12,  "begin" : 7039,  "end" : 7040 }, 
        {"sofa" : 12,  "begin" : 7040,  "end" : 7041 }, 
        {"sofa" : 12,  "begin" : 7041,  "end" : 7042 }, 
        {"sofa" : 12,  "begin" : 7043,  "end" : 7045 }, 
        {"sofa" : 12,  "begin" : 7046,  "end" : 7049 }, 
        {"sofa" : 12,  "begin" : 7050,  "end" : 7060 }, 
        {"sofa" : 12,  "begin" : 7061,  "end" : 7064 }, 
        {"sofa" : 12,  "begin" : 7064,  "end" : 7065 }, 
        {"sofa" : 12,  "begin" : 7066,  "end" : 7074 }, 
        {"sofa" : 12,  "begin" : 7075,  "end" : 7076 }, 
        {"sofa" : 12,  "begin" : 7076,  "end" : 7077 } ], 
      "RANK1" : [
        {"sofa" : 12,  "begin" : 5579,  "end" : 5820 }, 
        {"sofa" : 12,  "begin" : 5822,  "end" : 6424 }, 
        {"sofa" : 12,  "begin" : 6425,  "end" : 6825 }, 
        {"sofa" : 12,  "begin" : 6900,  "end" : 7065 } ], 
      "REJECTED" : [
        {"sofa" : 12,  "begin" : 7066,  "end" : 7074 } ], 
      "Rank2" : [
        {"sofa" : 12,  "end" : 258 }, 
        {"sofa" : 12,  "begin" : 1009,  "end" : 1246 }, 
        {"sofa" : 12,  "begin" : 3787,  "end" : 4095 } ], 
      "Rank3" : [
        {"sofa" : 12,  "begin" : 3120,  "end" : 3329 } ] } }, 
  "_referenced_fss" : {
    "12" : {"_type" : "Sofa",  "sofaNum" : 1,  "sofaID" : "_InitialView",  "mimeType" : "text",  "sofaString" : "This is an appeal with special leave under article 136 of the Constitution against the order of the High Court of Judicature at Bombay, refusing to call for a statement of case from the Income-tax Appellate Tribunal under section 66(2) of the Income-tax Act. The appellants are a registered firm carrying on the business of money- lending and speculation in silver and shares. The partners of the appellants firm were also partners of Messrs. Morarka Co., who were the managing agents of the Sholapur Spinning and Weaving Company Ltd. - hereinafter called the Sholapur Mills. The firm commenced business in August, 1942. In Samvat year 2000 (November, 1943, to October, 1944) the appellants purchased seventeen ordinary shares of the Sholapur Mills and thereafter they purchased 82 more ordinary shares between November, 1944, and October, 1948. By November, 1948, the appellants held 99 ordinary shares. The appellants also purchased at diverse times 6,780 preference shares of the Sholapur Mills. All these shares were entered in the books of account of the appellants as stock-in-trade and valued accordingly at the end of each accounting period. During all these years, not a single shares, ordinary or preference, was sold by the appellants. The following table sets out the profit and loss in respect of these shares calculated by the appellants according to the method of valuation of stock adopted by the appellants. Year of Account Assessment year Ordinary shares Preference shares (Maru) Rs. Rs. 2000-01 1945-46 Loss 30,802 Nil. 2001-02 1946-47 Loss 35,468-8-0 Nil. 2002-03 1947-48 Profit 72,545 Nil. 2003-05 1949-50 Loss 3,21,831 Loss 12,020 \nThe appellants submitted their returns for income-tax in respect of the assessment years 1945-46, 1946-47 and 1947-48 with the Income-tax Officer respectively on July 27, 1948, November 11, 1948, and May 23, 1949. In the proceedings for assessment of tax in the assessment years 1945-46 and 1946-47, the Income-tax Officer disallowed the loss claimed holding that the shares formed the appellants capital investment. In the assessment year 1947-48, the Income-tax Officer excluded from the return the amount of profit alleged to have resulted to the Appellate Assistant Commissioner by three orders dated May 4, 1951, the shares of the Sholapur Mills were held to be stock-in-trade and the profits or losses computed according to the method of valuation adopted by the appellants were directed to be taken into account in assessing the taxable income. These orders were not challenged in appeals to the Income-tax Appellate Tribunal. In the assessment year 1948-49, the appellants did not furnish return and they were assessed to tax under section 23(4) of the Income-tax Act. For the assessment year 1949-50, the appellants furnished their return claiming that they incurred a loss of Rs. 3,33,851 in the shares of the Sholapur Mills. This was computed on the alleged difference between the market value of the shares at the close of the previous year of account and the market value at the end of the accounting period, the shares being treated as stock-in-trade. The Income-tax Officer found that the appellants had inflated the loss by Rs. 1,85,000 and that the shares being capital investment and not stock-in-trade, the loss could not be allowed as a revenue deduction. The Appellate Assistant Commissioner disagreed with the view of the Income-tax Officer and held that the shares were the stock-in-trade of the appellants, but agreeing with the Income-tax Officer he held that the loss had been inflated by Rs. 1,85,000. Against this order, the Income-tax Officer appealed to the Income-tax Appellate Tribunal which reversed the order of the Appellate Assistant Commissioner and restored the order of the Income-tax Officer. The Tribunal held that the mere fact that in the previous years the shares were treated as stock-in-trade and the profits and losses in respect thereof were included in the taxable income of the appellants did not preclude the Tribunal from arriving at the conclusion that the shares were capital investment. They substantially confirmed the view of the Income-tax Officer on the facts found. An application submitted by the appellants for a reference under section 66 (1) of the Income-tax Act of the following questions was rejected by the Tribunal.\n Whether the Tribunal misdirected itself in law and or acted without any evidence in finding that the investment of the assessee in the shares of the Sholapur Mills was a capital investment and not its stock-in-trade ? Whether in any event in view of the assessments made for the years 1945-46, 1946-47 and 1947-48 and the Appellate Assistant Commissioners order for these three years, it was open to the department to hold for the assessment years 1949-50 that the said shares do not represent the assessees stock-in-trade ? Whether the Tribunal misdirected itself in law in omitting to consider certain material facts which were taken into account by the Appellate Assistant Commissioner and expressly maintained in the Appellate Assistant Commissioners order, including the fact that the assessee had been holding shares in several other companies as stock- in-trade and this position has been accepted by the department although in those shares there have been preferred with special leave. In our view, the High Court was right in refusing to call for a statement of the case under section 66(2) of the Income-tax Act. The conclusion of the Tribunal was based on inferences of fact raised from materials before the taxing authorities. The conduct of the appellants clearly indicated that even though they were dealing in shares of other companies, the shares of the Sholapur Mills were treated by them as capital investment for the purpose of maintaining their managing agency. The number of shares held by the appellants went on increasing from time to time and not a single share was ever sold. The Tribunal pointed out that the returns for the assessment years 1945-46, 1946-47 and 1947-48 were filed by the appellants after they knew that there were wide fluctuations in the quotation of the shares of that company. They also referred to the circumstance that the appellants were interested in the managing agency of the Sholapur Mills and that every member of the family of the appellants was holding shares \n \n The conclusion of the Tribunal was amply supported by evidence. It can not be said that because in the previous years the shares were held to be stock-in-trade, they must be similarly treated for the assessment year 1949-50. In the matter of assessment of income-tax, each years assessment is complete and the decision arrived at in a previous year on material before the taxing authorities cannot be regarded as binding in the assessment for the subsequent years. The Tribunal is not shown to have omitted to consider the material facts. The decision of the Tribunal was on a question of fact and no question of law arose which could be directed to be referred under section 66(2) of the Income-tax Act.\nDECISION ??\n" } } }