{"_context" : {
    "_types" : {
      "ACCEPTED" : {
        "_feature_types" : {"sofa" : "_ref" } }, 
      "DocumentMetaData" : {
        "_feature_types" : {"sofa" : "_ref" } }, 
      "RANK1" : {
        "_feature_types" : {"sofa" : "_ref" } }, 
      "Rank2" : {
        "_feature_types" : {"sofa" : "_ref" } }, 
      "Rank3" : {
        "_feature_types" : {"sofa" : "_ref" } }, 
      "Rank5" : {
        "_feature_types" : {"sofa" : "_ref" } }, 
      "Rank6" : {
        "_feature_types" : {"sofa" : "_ref" } }, 
      "Sentence" : {
        "_feature_types" : {"sofa" : "_ref" } }, 
      "Sofa" : {
        "_feature_types" : {"sofaArray" : "_ref" } }, 
      "TagsetDescription" : {
        "_feature_types" : {"sofa" : "_ref",  "tags" : "_ref" } }, 
      "Token" : {
        "_feature_types" : {"sofa" : "_ref",  "parent" : "_ref",  "lemma" : "_ref",  "stem" : "_ref",  "pos" : "_ref",  "morph" : "_ref",  "form" : "_ref" } }, 
      "Annotation" : {
        "_feature_types" : {"sofa" : "_ref" }, 
        "_subtypes" : ["ACCEPTED",  "DocumentAnnotation",  "RANK1",  "Rank2",  "Rank3",  "Rank5",  "Rank6",  "Sentence",  "TagsetDescription",  "Token" ] }, 
      "AnnotationBase" : {
        "_feature_types" : {"sofa" : "_ref" }, 
        "_subtypes" : ["Annotation" ] }, 
      "TOP" : {
        "_subtypes" : ["AnnotationBase",  "Sofa" ] }, 
      "DocumentAnnotation" : {
        "_feature_types" : {"sofa" : "_ref" }, 
        "_subtypes" : ["DocumentMetaData" ] } } }, 
  "_views" : {
    "_InitialView" : {
      "DocumentMetaData" : [
        {"sofa" : 12,  "end" : 4970,  "language" : "x-unspecified",  "documentTitle" : "1962_207.txt",  "documentId" : "user4",  "documentUri" : "file:/home/ashutosh/.webanno/repository/project/9/document/266/source/user4",  "collectionId" : "file:/home/ashutosh/.webanno/repository/project/9/document/266/source/",  "documentBaseUri" : "file:/home/ashutosh/.webanno/repository/project/9/document/266/source/",  "isLastSegment" : false } ], 
      "TagsetDescription" : [
        {"sofa" : 12,  "layer" : "de.tudarmstadt.ukp.dkpro.core.api.syntax.type.dependency.Dependency",  "name" : "UD Universal Dependencies (v2)",  "input" : false }, 
        {"sofa" : 12,  "layer" : "de.tudarmstadt.ukp.dkpro.core.api.ner.type.NamedEntity",  "name" : "Named Entity tags",  "input" : false }, 
        {"sofa" : 12,  "layer" : "de.tudarmstadt.ukp.dkpro.core.api.transform.type.SofaChangeAnnotation",  "name" : "Operation",  "input" : false }, 
        {"sofa" : 12,  "layer" : "de.tudarmstadt.ukp.dkpro.core.api.lexmorph.type.pos.POS",  "name" : "UD Universal POS tags (v2)",  "input" : false } ], 
      "Sentence" : [
        {"sofa" : 12,  "end" : 13 }, 
        {"sofa" : 12,  "begin" : 14,  "end" : 142 }, 
        {"sofa" : 12,  "begin" : 143,  "end" : 208 }, 
        {"sofa" : 12,  "begin" : 209,  "end" : 350 }, 
        {"sofa" : 12,  "begin" : 351,  "end" : 541 }, 
        {"sofa" : 12,  "begin" : 542,  "end" : 601 }, 
        {"sofa" : 12,  "begin" : 602,  "end" : 865 }, 
        {"sofa" : 12,  "begin" : 866,  "end" : 1142 }, 
        {"sofa" : 12,  "begin" : 1144,  "end" : 1411 }, 
        {"sofa" : 12,  "begin" : 1412,  "end" : 1473 }, 
        {"sofa" : 12,  "begin" : 1474,  "end" : 1666 }, 
        {"sofa" : 12,  "begin" : 1667,  "end" : 1812 }, 
        {"sofa" : 12,  "begin" : 1813,  "end" : 2143 }, 
        {"sofa" : 12,  "begin" : 2144,  "end" : 2502 }, 
        {"sofa" : 12,  "begin" : 2503,  "end" : 2572 }, 
        {"sofa" : 12,  "begin" : 2573,  "end" : 2678 }, 
        {"sofa" : 12,  "begin" : 2679,  "end" : 2918 }, 
        {"sofa" : 12,  "begin" : 2919,  "end" : 3040 }, 
        {"sofa" : 12,  "begin" : 3041,  "end" : 3316 }, 
        {"sofa" : 12,  "begin" : 3317,  "end" : 3407 }, 
        {"sofa" : 12,  "begin" : 3408,  "end" : 3565 }, 
        {"sofa" : 12,  "begin" : 3566,  "end" : 3624 }, 
        {"sofa" : 12,  "begin" : 3625,  "end" : 3914 }, 
        {"sofa" : 12,  "begin" : 3915,  "end" : 4193 }, 
        {"sofa" : 12,  "begin" : 4194,  "end" : 4411 }, 
        {"sofa" : 12,  "begin" : 4413,  "end" : 4652 }, 
        {"sofa" : 12,  "begin" : 4653,  "end" : 4897 }, 
        {"sofa" : 12,  "begin" : 4898,  "end" : 4957 }, 
        {"sofa" : 12,  "begin" : 4958,  "end" : 4969 } ], 
      "Token" : [
        {"sofa" : 12,  "end" : 3 }, 
        {"sofa" : 12,  "begin" : 4,  "end" : 9 }, 
        {"sofa" : 12,  "begin" : 9,  "end" : 10 }, 
        {"sofa" : 12,  "begin" : 11,  "end" : 12 }, 
        {"sofa" : 12,  "begin" : 12,  "end" : 13 }, 
        {"sofa" : 12,  "begin" : 14,  "end" : 18 }, 
        {"sofa" : 12,  "begin" : 19,  "end" : 25 }, 
        {"sofa" : 12,  "begin" : 26,  "end" : 28 }, 
        {"sofa" : 12,  "begin" : 29,  "end" : 36 }, 
        {"sofa" : 12,  "begin" : 37,  "end" : 42 }, 
        {"sofa" : 12,  "begin" : 43,  "end" : 45 }, 
        {"sofa" : 12,  "begin" : 46,  "end" : 53 }, 
        {"sofa" : 12,  "begin" : 54,  "end" : 57 }, 
        {"sofa" : 12,  "begin" : 58,  "end" : 63 }, 
        {"sofa" : 12,  "begin" : 64,  "end" : 66 }, 
        {"sofa" : 12,  "begin" : 67,  "end" : 70 }, 
        {"sofa" : 12,  "begin" : 71,  "end" : 75 }, 
        {"sofa" : 12,  "begin" : 76,  "end" : 81 }, 
        {"sofa" : 12,  "begin" : 82,  "end" : 84 }, 
        {"sofa" : 12,  "begin" : 85,  "end" : 94 }, 
        {"sofa" : 12,  "begin" : 95,  "end" : 100 }, 
        {"sofa" : 12,  "begin" : 101,  "end" : 102 }, 
        {"sofa" : 12,  "begin" : 102,  "end" : 103 }, 
        {"sofa" : 12,  "begin" : 104,  "end" : 107 }, 
        {"sofa" : 12,  "begin" : 108,  "end" : 110 }, 
        {"sofa" : 12,  "begin" : 111,  "end" : 114 }, 
        {"sofa" : 12,  "begin" : 115,  "end" : 119 }, 
        {"sofa" : 12,  "begin" : 120,  "end" : 122 }, 
        {"sofa" : 12,  "begin" : 123,  "end" : 131 }, 
        {"sofa" : 12,  "begin" : 132,  "end" : 141 }, 
        {"sofa" : 12,  "begin" : 141,  "end" : 142 }, 
        {"sofa" : 12,  "begin" : 143,  "end" : 146 }, 
        {"sofa" : 12,  "begin" : 147,  "end" : 152 }, 
        {"sofa" : 12,  "begin" : 153,  "end" : 163 }, 
        {"sofa" : 12,  "begin" : 164,  "end" : 169 }, 
        {"sofa" : 12,  "begin" : 170,  "end" : 172 }, 
        {"sofa" : 12,  "begin" : 173,  "end" : 176 }, 
        {"sofa" : 12,  "begin" : 177,  "end" : 182 }, 
        {"sofa" : 12,  "begin" : 183,  "end" : 185 }, 
        {"sofa" : 12,  "begin" : 186,  "end" : 196 }, 
        {"sofa" : 12,  "begin" : 197,  "end" : 207 }, 
        {"sofa" : 12,  "begin" : 207,  "end" : 208 }, 
        {"sofa" : 12,  "begin" : 209,  "end" : 214 }, 
        {"sofa" : 12,  "begin" : 215,  "end" : 225 }, 
        {"sofa" : 12,  "begin" : 225,  "end" : 226 }, 
        {"sofa" : 12,  "begin" : 227,  "end" : 229 }, 
        {"sofa" : 12,  "begin" : 230,  "end" : 237 }, 
        {"sofa" : 12,  "begin" : 237,  "end" : 238 }, 
        {"sofa" : 12,  "begin" : 239,  "end" : 242 }, 
        {"sofa" : 12,  "begin" : 243,  "end" : 250 }, 
        {"sofa" : 12,  "begin" : 251,  "end" : 253 }, 
        {"sofa" : 12,  "begin" : 254,  "end" : 259 }, 
        {"sofa" : 12,  "begin" : 260,  "end" : 265 }, 
        {"sofa" : 12,  "begin" : 266,  "end" : 269 }, 
        {"sofa" : 12,  "begin" : 270,  "end" : 276 }, 
        {"sofa" : 12,  "begin" : 277,  "end" : 279 }, 
        {"sofa" : 12,  "begin" : 280,  "end" : 283 }, 
        {"sofa" : 12,  "begin" : 284,  "end" : 290 }, 
        {"sofa" : 12,  "begin" : 291,  "end" : 295 }, 
        {"sofa" : 12,  "begin" : 296,  "end" : 303 }, 
        {"sofa" : 12,  "begin" : 304,  "end" : 307 }, 
        {"sofa" : 12,  "begin" : 308,  "end" : 316 }, 
        {"sofa" : 12,  "begin" : 317,  "end" : 322 }, 
        {"sofa" : 12,  "begin" : 323,  "end" : 326 }, 
        {"sofa" : 12,  "begin" : 327,  "end" : 337 }, 
        {"sofa" : 12,  "begin" : 338,  "end" : 343 }, 
        {"sofa" : 12,  "begin" : 344,  "end" : 349 }, 
        {"sofa" : 12,  "begin" : 349,  "end" : 350 }, 
        {"sofa" : 12,  "begin" : 351,  "end" : 356 }, 
        {"sofa" : 12,  "begin" : 357,  "end" : 360 }, 
        {"sofa" : 12,  "begin" : 361,  "end" : 365 }, 
        {"sofa" : 12,  "begin" : 366,  "end" : 373 }, 
        {"sofa" : 12,  "begin" : 374,  "end" : 381 }, 
        {"sofa" : 12,  "begin" : 382,  "end" : 387 }, 
        {"sofa" : 12,  "begin" : 388,  "end" : 398 }, 
        {"sofa" : 12,  "begin" : 399,  "end" : 402 }, 
        {"sofa" : 12,  "begin" : 403,  "end" : 406 }, 
        {"sofa" : 12,  "begin" : 407,  "end" : 416 }, 
        {"sofa" : 12,  "begin" : 417,  "end" : 422 }, 
        {"sofa" : 12,  "begin" : 423,  "end" : 428 }, 
        {"sofa" : 12,  "begin" : 429,  "end" : 431 }, 
        {"sofa" : 12,  "begin" : 432,  "end" : 434 }, 
        {"sofa" : 12,  "begin" : 435,  "end" : 444 }, 
        {"sofa" : 12,  "begin" : 445,  "end" : 447 }, 
        {"sofa" : 12,  "begin" : 448,  "end" : 451 }, 
        {"sofa" : 12,  "begin" : 452,  "end" : 462 }, 
        {"sofa" : 12,  "begin" : 463,  "end" : 466 }, 
        {"sofa" : 12,  "begin" : 467,  "end" : 473 }, 
        {"sofa" : 12,  "begin" : 474,  "end" : 480 }, 
        {"sofa" : 12,  "begin" : 481,  "end" : 484 }, 
        {"sofa" : 12,  "begin" : 485,  "end" : 489 }, 
        {"sofa" : 12,  "begin" : 490,  "end" : 492 }, 
        {"sofa" : 12,  "begin" : 493,  "end" : 496 }, 
        {"sofa" : 12,  "begin" : 497,  "end" : 501 }, 
        {"sofa" : 12,  "begin" : 502,  "end" : 507 }, 
        {"sofa" : 12,  "begin" : 508,  "end" : 513 }, 
        {"sofa" : 12,  "begin" : 514,  "end" : 515 }, 
        {"sofa" : 12,  "begin" : 515,  "end" : 516 }, 
        {"sofa" : 12,  "begin" : 517,  "end" : 520 }, 
        {"sofa" : 12,  "begin" : 521,  "end" : 527 }, 
        {"sofa" : 12,  "begin" : 528,  "end" : 535 }, 
        {"sofa" : 12,  "begin" : 536,  "end" : 540 }, 
        {"sofa" : 12,  "begin" : 540,  "end" : 541 }, 
        {"sofa" : 12,  "begin" : 542,  "end" : 544 }, 
        {"sofa" : 12,  "begin" : 545,  "end" : 547 }, 
        {"sofa" : 12,  "begin" : 548,  "end" : 559 }, 
        {"sofa" : 12,  "begin" : 559,  "end" : 560 }, 
        {"sofa" : 12,  "begin" : 561,  "end" : 568 }, 
        {"sofa" : 12,  "begin" : 568,  "end" : 569 }, 
        {"sofa" : 12,  "begin" : 570,  "end" : 573 }, 
        {"sofa" : 12,  "begin" : 574,  "end" : 576 }, 
        {"sofa" : 12,  "begin" : 577,  "end" : 579 }, 
        {"sofa" : 12,  "begin" : 580,  "end" : 588 }, 
        {"sofa" : 12,  "begin" : 589,  "end" : 593 }, 
        {"sofa" : 12,  "begin" : 594,  "end" : 600 }, 
        {"sofa" : 12,  "begin" : 600,  "end" : 601 }, 
        {"sofa" : 12,  "begin" : 602,  "end" : 606 }, 
        {"sofa" : 12,  "begin" : 607,  "end" : 614 }, 
        {"sofa" : 12,  "begin" : 615,  "end" : 617 }, 
        {"sofa" : 12,  "begin" : 618,  "end" : 620 }, 
        {"sofa" : 12,  "begin" : 621,  "end" : 626 }, 
        {"sofa" : 12,  "begin" : 627,  "end" : 629 }, 
        {"sofa" : 12,  "begin" : 630,  "end" : 634 }, 
        {"sofa" : 12,  "begin" : 635,  "end" : 638 }, 
        {"sofa" : 12,  "begin" : 639,  "end" : 644 }, 
        {"sofa" : 12,  "begin" : 645,  "end" : 647 }, 
        {"sofa" : 12,  "begin" : 648,  "end" : 655 }, 
        {"sofa" : 12,  "begin" : 656,  "end" : 658 }, 
        {"sofa" : 12,  "begin" : 659,  "end" : 661 }, 
        {"sofa" : 12,  "begin" : 662,  "end" : 663 }, 
        {"sofa" : 12,  "begin" : 664,  "end" : 671 }, 
        {"sofa" : 12,  "begin" : 672,  "end" : 677 }, 
        {"sofa" : 12,  "begin" : 678,  "end" : 680 }, 
        {"sofa" : 12,  "begin" : 681,  "end" : 684 }, 
        {"sofa" : 12,  "begin" : 685,  "end" : 695 }, 
        {"sofa" : 12,  "begin" : 696,  "end" : 703 }, 
        {"sofa" : 12,  "begin" : 704,  "end" : 707 }, 
        {"sofa" : 12,  "begin" : 708,  "end" : 710 }, 
        {"sofa" : 12,  "begin" : 711,  "end" : 715 }, 
        {"sofa" : 12,  "begin" : 716,  "end" : 722 }, 
        {"sofa" : 12,  "begin" : 723,  "end" : 727 }, 
        {"sofa" : 12,  "begin" : 728,  "end" : 732 }, 
        {"sofa" : 12,  "begin" : 733,  "end" : 739 }, 
        {"sofa" : 12,  "begin" : 740,  "end" : 742 }, 
        {"sofa" : 12,  "begin" : 743,  "end" : 756 }, 
        {"sofa" : 12,  "begin" : 757,  "end" : 759 }, 
        {"sofa" : 12,  "begin" : 760,  "end" : 766 }, 
        {"sofa" : 12,  "begin" : 767,  "end" : 769 }, 
        {"sofa" : 12,  "begin" : 770,  "end" : 776 }, 
        {"sofa" : 12,  "begin" : 777,  "end" : 780 }, 
        {"sofa" : 12,  "begin" : 781,  "end" : 785 }, 
        {"sofa" : 12,  "begin" : 786,  "end" : 788 }, 
        {"sofa" : 12,  "begin" : 789,  "end" : 792 }, 
        {"sofa" : 12,  "begin" : 793,  "end" : 799 }, 
        {"sofa" : 12,  "begin" : 800,  "end" : 804 }, 
        {"sofa" : 12,  "begin" : 805,  "end" : 812 }, 
        {"sofa" : 12,  "begin" : 813,  "end" : 815 }, 
        {"sofa" : 12,  "begin" : 816,  "end" : 819 }, 
        {"sofa" : 12,  "begin" : 820,  "end" : 825 }, 
        {"sofa" : 12,  "begin" : 826,  "end" : 831 }, 
        {"sofa" : 12,  "begin" : 832,  "end" : 843 }, 
        {"sofa" : 12,  "begin" : 844,  "end" : 848 }, 
        {"sofa" : 12,  "begin" : 849,  "end" : 853 }, 
        {"sofa" : 12,  "begin" : 854,  "end" : 858 }, 
        {"sofa" : 12,  "begin" : 859,  "end" : 864 }, 
        {"sofa" : 12,  "begin" : 864,  "end" : 865 }, 
        {"sofa" : 12,  "begin" : 866,  "end" : 869 }, 
        {"sofa" : 12,  "begin" : 870,  "end" : 874 }, 
        {"sofa" : 12,  "begin" : 875,  "end" : 883 }, 
        {"sofa" : 12,  "begin" : 884,  "end" : 886 }, 
        {"sofa" : 12,  "begin" : 886,  "end" : 887 }, 
        {"sofa" : 12,  "begin" : 888,  "end" : 895 }, 
        {"sofa" : 12,  "begin" : 896,  "end" : 903 }, 
        {"sofa" : 12,  "begin" : 904,  "end" : 908 }, 
        {"sofa" : 12,  "begin" : 909,  "end" : 914 }, 
        {"sofa" : 12,  "begin" : 915,  "end" : 917 }, 
        {"sofa" : 12,  "begin" : 918,  "end" : 928 }, 
        {"sofa" : 12,  "begin" : 929,  "end" : 939 }, 
        {"sofa" : 12,  "begin" : 940,  "end" : 945 }, 
        {"sofa" : 12,  "begin" : 946,  "end" : 949 }, 
        {"sofa" : 12,  "begin" : 950,  "end" : 960 }, 
        {"sofa" : 12,  "begin" : 961,  "end" : 966 }, 
        {"sofa" : 12,  "begin" : 967,  "end" : 969 }, 
        {"sofa" : 12,  "begin" : 970,  "end" : 972 }, 
        {"sofa" : 12,  "begin" : 973,  "end" : 978 }, 
        {"sofa" : 12,  "begin" : 979,  "end" : 986 }, 
        {"sofa" : 12,  "begin" : 987,  "end" : 992 }, 
        {"sofa" : 12,  "begin" : 993,  "end" : 1000 }, 
        {"sofa" : 12,  "begin" : 1001,  "end" : 1004 }, 
        {"sofa" : 12,  "begin" : 1005,  "end" : 1016 }, 
        {"sofa" : 12,  "begin" : 1017,  "end" : 1021 }, 
        {"sofa" : 12,  "begin" : 1022,  "end" : 1028 }, 
        {"sofa" : 12,  "begin" : 1029,  "end" : 1036 }, 
        {"sofa" : 12,  "begin" : 1037,  "end" : 1039 }, 
        {"sofa" : 12,  "begin" : 1040,  "end" : 1043 }, 
        {"sofa" : 12,  "begin" : 1044,  "end" : 1048 }, 
        {"sofa" : 12,  "begin" : 1049,  "end" : 1052 }, 
        {"sofa" : 12,  "begin" : 1053,  "end" : 1056 }, 
        {"sofa" : 12,  "begin" : 1057,  "end" : 1059 }, 
        {"sofa" : 12,  "begin" : 1060,  "end" : 1073 }, 
        {"sofa" : 12,  "begin" : 1073,  "end" : 1074 }, 
        {"sofa" : 12,  "begin" : 1075,  "end" : 1081 }, 
        {"sofa" : 12,  "begin" : 1082,  "end" : 1085 }, 
        {"sofa" : 12,  "begin" : 1086,  "end" : 1088 }, 
        {"sofa" : 12,  "begin" : 1089,  "end" : 1094 }, 
        {"sofa" : 12,  "begin" : 1095,  "end" : 1100 }, 
        {"sofa" : 12,  "begin" : 1101,  "end" : 1102 }, 
        {"sofa" : 12,  "begin" : 1102,  "end" : 1103 }, 
        {"sofa" : 12,  "begin" : 1104,  "end" : 1107 }, 
        {"sofa" : 12,  "begin" : 1108,  "end" : 1110 }, 
        {"sofa" : 12,  "begin" : 1111,  "end" : 1114 }, 
        {"sofa" : 12,  "begin" : 1115,  "end" : 1119 }, 
        {"sofa" : 12,  "begin" : 1120,  "end" : 1122 }, 
        {"sofa" : 12,  "begin" : 1123,  "end" : 1131 }, 
        {"sofa" : 12,  "begin" : 1132,  "end" : 1141 }, 
        {"sofa" : 12,  "begin" : 1141,  "end" : 1142 }, 
        {"sofa" : 12,  "begin" : 1144,  "end" : 1147 }, 
        {"sofa" : 12,  "begin" : 1148,  "end" : 1152 }, 
        {"sofa" : 12,  "begin" : 1153,  "end" : 1158 }, 
        {"sofa" : 12,  "begin" : 1159,  "end" : 1164 }, 
        {"sofa" : 12,  "begin" : 1165,  "end" : 1167 }, 
        {"sofa" : 12,  "begin" : 1168,  "end" : 1170 }, 
        {"sofa" : 12,  "begin" : 1171,  "end" : 1173 }, 
        {"sofa" : 12,  "begin" : 1174,  "end" : 1177 }, 
        {"sofa" : 12,  "begin" : 1178,  "end" : 1185 }, 
        {"sofa" : 12,  "begin" : 1186,  "end" : 1187 }, 
        {"sofa" : 12,  "begin" : 1188,  "end" : 1192 }, 
        {"sofa" : 12,  "begin" : 1193,  "end" : 1195 }, 
        {"sofa" : 12,  "begin" : 1196,  "end" : 1198 }, 
        {"sofa" : 12,  "begin" : 1199,  "end" : 1204 }, 
        {"sofa" : 12,  "begin" : 1205,  "end" : 1209 }, 
        {"sofa" : 12,  "begin" : 1210,  "end" : 1213 }, 
        {"sofa" : 12,  "begin" : 1214,  "end" : 1222 }, 
        {"sofa" : 12,  "begin" : 1223,  "end" : 1225 }, 
        {"sofa" : 12,  "begin" : 1226,  "end" : 1236 }, 
        {"sofa" : 12,  "begin" : 1237,  "end" : 1247 }, 
        {"sofa" : 12,  "begin" : 1248,  "end" : 1254 }, 
        {"sofa" : 12,  "begin" : 1255,  "end" : 1257 }, 
        {"sofa" : 12,  "begin" : 1258,  "end" : 1265 }, 
        {"sofa" : 12,  "begin" : 1266,  "end" : 1268 }, 
        {"sofa" : 12,  "begin" : 1269,  "end" : 1276 }, 
        {"sofa" : 12,  "begin" : 1277,  "end" : 1284 }, 
        {"sofa" : 12,  "begin" : 1285,  "end" : 1296 }, 
        {"sofa" : 12,  "begin" : 1297,  "end" : 1299 }, 
        {"sofa" : 12,  "begin" : 1300,  "end" : 1303 }, 
        {"sofa" : 12,  "begin" : 1304,  "end" : 1311 }, 
        {"sofa" : 12,  "begin" : 1312,  "end" : 1314 }, 
        {"sofa" : 12,  "begin" : 1314,  "end" : 1315 }, 
        {"sofa" : 12,  "begin" : 1316,  "end" : 1319 }, 
        {"sofa" : 12,  "begin" : 1320,  "end" : 1327 }, 
        {"sofa" : 12,  "begin" : 1328,  "end" : 1330 }, 
        {"sofa" : 12,  "begin" : 1331,  "end" : 1334 }, 
        {"sofa" : 12,  "begin" : 1335,  "end" : 1343 }, 
        {"sofa" : 12,  "begin" : 1344,  "end" : 1347 }, 
        {"sofa" : 12,  "begin" : 1348,  "end" : 1350 }, 
        {"sofa" : 12,  "begin" : 1351,  "end" : 1361 }, 
        {"sofa" : 12,  "begin" : 1361,  "end" : 1362 }, 
        {"sofa" : 12,  "begin" : 1363,  "end" : 1367 }, 
        {"sofa" : 12,  "begin" : 1368,  "end" : 1374 }, 
        {"sofa" : 12,  "begin" : 1375,  "end" : 1377 }, 
        {"sofa" : 12,  "begin" : 1378,  "end" : 1380 }, 
        {"sofa" : 12,  "begin" : 1381,  "end" : 1388 }, 
        {"sofa" : 12,  "begin" : 1389,  "end" : 1391 }, 
        {"sofa" : 12,  "begin" : 1392,  "end" : 1394 }, 
        {"sofa" : 12,  "begin" : 1395,  "end" : 1396 }, 
        {"sofa" : 12,  "begin" : 1397,  "end" : 1404 }, 
        {"sofa" : 12,  "begin" : 1405,  "end" : 1410 }, 
        {"sofa" : 12,  "begin" : 1410,  "end" : 1411 }, 
        {"sofa" : 12,  "begin" : 1412,  "end" : 1414 }, 
        {"sofa" : 12,  "begin" : 1415,  "end" : 1420 }, 
        {"sofa" : 12,  "begin" : 1421,  "end" : 1423 }, 
        {"sofa" : 12,  "begin" : 1424,  "end" : 1426 }, 
        {"sofa" : 12,  "begin" : 1427,  "end" : 1431 }, 
        {"sofa" : 12,  "begin" : 1432,  "end" : 1436 }, 
        {"sofa" : 12,  "begin" : 1437,  "end" : 1448 }, 
        {"sofa" : 12,  "begin" : 1449,  "end" : 1452 }, 
        {"sofa" : 12,  "begin" : 1453,  "end" : 1457 }, 
        {"sofa" : 12,  "begin" : 1458,  "end" : 1461 }, 
        {"sofa" : 12,  "begin" : 1462,  "end" : 1465 }, 
        {"sofa" : 12,  "begin" : 1466,  "end" : 1472 }, 
        {"sofa" : 12,  "begin" : 1472,  "end" : 1473 }, 
        {"sofa" : 12,  "begin" : 1474,  "end" : 1481 }, 
        {"sofa" : 12,  "begin" : 1482,  "end" : 1485 }, 
        {"sofa" : 12,  "begin" : 1486,  "end" : 1488 }, 
        {"sofa" : 12,  "begin" : 1489,  "end" : 1492 }, 
        {"sofa" : 12,  "begin" : 1493,  "end" : 1497 }, 
        {"sofa" : 12,  "begin" : 1498,  "end" : 1500 }, 
        {"sofa" : 12,  "begin" : 1501,  "end" : 1509 }, 
        {"sofa" : 12,  "begin" : 1510,  "end" : 1519 }, 
        {"sofa" : 12,  "begin" : 1520,  "end" : 1528 }, 
        {"sofa" : 12,  "begin" : 1529,  "end" : 1535 }, 
        {"sofa" : 12,  "begin" : 1536,  "end" : 1538 }, 
        {"sofa" : 12,  "begin" : 1539,  "end" : 1542 }, 
        {"sofa" : 12,  "begin" : 1543,  "end" : 1551 }, 
        {"sofa" : 12,  "begin" : 1552,  "end" : 1562 }, 
        {"sofa" : 12,  "begin" : 1562,  "end" : 1563 }, 
        {"sofa" : 12,  "begin" : 1564,  "end" : 1578 }, 
        {"sofa" : 12,  "begin" : 1579,  "end" : 1589 }, 
        {"sofa" : 12,  "begin" : 1590,  "end" : 1592 }, 
        {"sofa" : 12,  "begin" : 1593,  "end" : 1603 }, 
        {"sofa" : 12,  "begin" : 1604,  "end" : 1607 }, 
        {"sofa" : 12,  "begin" : 1608,  "end" : 1613 }, 
        {"sofa" : 12,  "begin" : 1614,  "end" : 1616 }, 
        {"sofa" : 12,  "begin" : 1617,  "end" : 1623 }, 
        {"sofa" : 12,  "begin" : 1624,  "end" : 1630 }, 
        {"sofa" : 12,  "begin" : 1631,  "end" : 1640 }, 
        {"sofa" : 12,  "begin" : 1641,  "end" : 1643 }, 
        {"sofa" : 12,  "begin" : 1644,  "end" : 1651 }, 
        {"sofa" : 12,  "begin" : 1652,  "end" : 1665 }, 
        {"sofa" : 12,  "begin" : 1665,  "end" : 1666 }, 
        {"sofa" : 12,  "begin" : 1667,  "end" : 1670 }, 
        {"sofa" : 12,  "begin" : 1671,  "end" : 1674 }, 
        {"sofa" : 12,  "begin" : 1675,  "end" : 1677 }, 
        {"sofa" : 12,  "begin" : 1678,  "end" : 1681 }, 
        {"sofa" : 12,  "begin" : 1682,  "end" : 1689 }, 
        {"sofa" : 12,  "begin" : 1690,  "end" : 1693 }, 
        {"sofa" : 12,  "begin" : 1693,  "end" : 1694 }, 
        {"sofa" : 12,  "begin" : 1695,  "end" : 1697 }, 
        {"sofa" : 12,  "begin" : 1698,  "end" : 1699 }, 
        {"sofa" : 12,  "begin" : 1699,  "end" : 1700 }, 
        {"sofa" : 12,  "begin" : 1701,  "end" : 1704 }, 
        {"sofa" : 12,  "begin" : 1704,  "end" : 1705 }, 
        {"sofa" : 12,  "begin" : 1705,  "end" : 1706 }, 
        {"sofa" : 12,  "begin" : 1706,  "end" : 1707 }, 
        {"sofa" : 12,  "begin" : 1708,  "end" : 1710 }, 
        {"sofa" : 12,  "begin" : 1711,  "end" : 1716 }, 
        {"sofa" : 12,  "begin" : 1717,  "end" : 1722 }, 
        {"sofa" : 12,  "begin" : 1723,  "end" : 1736 }, 
        {"sofa" : 12,  "begin" : 1737,  "end" : 1740 }, 
        {"sofa" : 12,  "begin" : 1741,  "end" : 1744 }, 
        {"sofa" : 12,  "begin" : 1745,  "end" : 1748 }, 
        {"sofa" : 12,  "begin" : 1748,  "end" : 1749 }, 
        {"sofa" : 12,  "begin" : 1750,  "end" : 1754 }, 
        {"sofa" : 12,  "begin" : 1755,  "end" : 1760 }, 
        {"sofa" : 12,  "begin" : 1761,  "end" : 1763 }, 
        {"sofa" : 12,  "begin" : 1764,  "end" : 1767 }, 
        {"sofa" : 12,  "begin" : 1768,  "end" : 1777 }, 
        {"sofa" : 12,  "begin" : 1777,  "end" : 1778 }, 
        {"sofa" : 12,  "begin" : 1779,  "end" : 1782 }, 
        {"sofa" : 12,  "begin" : 1783,  "end" : 1786 }, 
        {"sofa" : 12,  "begin" : 1787,  "end" : 1792 }, 
        {"sofa" : 12,  "begin" : 1793,  "end" : 1796 }, 
        {"sofa" : 12,  "begin" : 1797,  "end" : 1803 }, 
        {"sofa" : 12,  "begin" : 1804,  "end" : 1811 }, 
        {"sofa" : 12,  "begin" : 1811,  "end" : 1812 }, 
        {"sofa" : 12,  "begin" : 1813,  "end" : 1816 }, 
        {"sofa" : 12,  "begin" : 1817,  "end" : 1822 }, 
        {"sofa" : 12,  "begin" : 1823,  "end" : 1829 }, 
        {"sofa" : 12,  "begin" : 1830,  "end" : 1838 }, 
        {"sofa" : 12,  "begin" : 1839,  "end" : 1842 }, 
        {"sofa" : 12,  "begin" : 1843,  "end" : 1849 }, 
        {"sofa" : 12,  "begin" : 1850,  "end" : 1852 }, 
        {"sofa" : 12,  "begin" : 1853,  "end" : 1863 }, 
        {"sofa" : 12,  "begin" : 1864,  "end" : 1869 }, 
        {"sofa" : 12,  "begin" : 1870,  "end" : 1872 }, 
        {"sofa" : 12,  "begin" : 1873,  "end" : 1882 }, 
        {"sofa" : 12,  "begin" : 1882,  "end" : 1883 }, 
        {"sofa" : 12,  "begin" : 1884,  "end" : 1886 }, 
        {"sofa" : 12,  "begin" : 1887,  "end" : 1896 }, 
        {"sofa" : 12,  "begin" : 1897,  "end" : 1898 }, 
        {"sofa" : 12,  "begin" : 1899,  "end" : 1912 }, 
        {"sofa" : 12,  "begin" : 1913,  "end" : 1915 }, 
        {"sofa" : 12,  "begin" : 1916,  "end" : 1921 }, 
        {"sofa" : 12,  "begin" : 1922,  "end" : 1933 }, 
        {"sofa" : 12,  "begin" : 1934,  "end" : 1937 }, 
        {"sofa" : 12,  "begin" : 1938,  "end" : 1940 }, 
        {"sofa" : 12,  "begin" : 1941,  "end" : 1947 }, 
        {"sofa" : 12,  "begin" : 1948,  "end" : 1952 }, 
        {"sofa" : 12,  "begin" : 1953,  "end" : 1961 }, 
        {"sofa" : 12,  "begin" : 1962,  "end" : 1964 }, 
        {"sofa" : 12,  "begin" : 1965,  "end" : 1967 }, 
        {"sofa" : 12,  "begin" : 1968,  "end" : 1974 }, 
        {"sofa" : 12,  "begin" : 1975,  "end" : 1978 }, 
        {"sofa" : 12,  "begin" : 1978,  "end" : 1979 }, 
        {"sofa" : 12,  "begin" : 1980,  "end" : 1984 }, 
        {"sofa" : 12,  "begin" : 1985,  "end" : 1988 }, 
        {"sofa" : 12,  "begin" : 1989,  "end" : 1997 }, 
        {"sofa" : 12,  "begin" : 1998,  "end" : 2009 }, 
        {"sofa" : 12,  "begin" : 2010,  "end" : 2012 }, 
        {"sofa" : 12,  "begin" : 2013,  "end" : 2021 }, 
        {"sofa" : 12,  "begin" : 2022,  "end" : 2028 }, 
        {"sofa" : 12,  "begin" : 2029,  "end" : 2031 }, 
        {"sofa" : 12,  "begin" : 2032,  "end" : 2039 }, 
        {"sofa" : 12,  "begin" : 2040,  "end" : 2044 }, 
        {"sofa" : 12,  "begin" : 2045,  "end" : 2048 }, 
        {"sofa" : 12,  "begin" : 2049,  "end" : 2052 }, 
        {"sofa" : 12,  "begin" : 2052,  "end" : 2053 }, 
        {"sofa" : 12,  "begin" : 2054,  "end" : 2059 }, 
        {"sofa" : 12,  "begin" : 2060,  "end" : 2062 }, 
        {"sofa" : 12,  "begin" : 2063,  "end" : 2070 }, 
        {"sofa" : 12,  "begin" : 2071,  "end" : 2076 }, 
        {"sofa" : 12,  "begin" : 2077,  "end" : 2079 }, 
        {"sofa" : 12,  "begin" : 2080,  "end" : 2082 }, 
        {"sofa" : 12,  "begin" : 2083,  "end" : 2086 }, 
        {"sofa" : 12,  "begin" : 2087,  "end" : 2089 }, 
        {"sofa" : 12,  "begin" : 2090,  "end" : 2098 }, 
        {"sofa" : 12,  "begin" : 2099,  "end" : 2103 }, 
        {"sofa" : 12,  "begin" : 2104,  "end" : 2106 }, 
        {"sofa" : 12,  "begin" : 2107,  "end" : 2110 }, 
        {"sofa" : 12,  "begin" : 2111,  "end" : 2117 }, 
        {"sofa" : 12,  "begin" : 2118,  "end" : 2120 }, 
        {"sofa" : 12,  "begin" : 2121,  "end" : 2125 }, 
        {"sofa" : 12,  "begin" : 2126,  "end" : 2129 }, 
        {"sofa" : 12,  "begin" : 2130,  "end" : 2136 }, 
        {"sofa" : 12,  "begin" : 2137,  "end" : 2142 }, 
        {"sofa" : 12,  "begin" : 2142,  "end" : 2143 }, 
        {"sofa" : 12,  "begin" : 2144,  "end" : 2147 }, 
        {"sofa" : 12,  "begin" : 2148,  "end" : 2154 }, 
        {"sofa" : 12,  "begin" : 2155,  "end" : 2161 }, 
        {"sofa" : 12,  "begin" : 2162,  "end" : 2167 }, 
        {"sofa" : 12,  "begin" : 2168,  "end" : 2172 }, 
        {"sofa" : 12,  "begin" : 2173,  "end" : 2176 }, 
        {"sofa" : 12,  "begin" : 2177,  "end" : 2185 }, 
        {"sofa" : 12,  "begin" : 2186,  "end" : 2191 }, 
        {"sofa" : 12,  "begin" : 2192,  "end" : 2195 }, 
        {"sofa" : 12,  "begin" : 2196,  "end" : 2203 }, 
        {"sofa" : 12,  "begin" : 2204,  "end" : 2206 }, 
        {"sofa" : 12,  "begin" : 2207,  "end" : 2210 }, 
        {"sofa" : 12,  "begin" : 2211,  "end" : 2216 }, 
        {"sofa" : 12,  "begin" : 2217,  "end" : 2219 }, 
        {"sofa" : 12,  "begin" : 2220,  "end" : 2230 }, 
        {"sofa" : 12,  "begin" : 2231,  "end" : 2233 }, 
        {"sofa" : 12,  "begin" : 2234,  "end" : 2237 }, 
        {"sofa" : 12,  "begin" : 2238,  "end" : 2245 }, 
        {"sofa" : 12,  "begin" : 2246,  "end" : 2248 }, 
        {"sofa" : 12,  "begin" : 2249,  "end" : 2252 }, 
        {"sofa" : 12,  "begin" : 2253,  "end" : 2258 }, 
        {"sofa" : 12,  "begin" : 2259,  "end" : 2261 }, 
        {"sofa" : 12,  "begin" : 2262,  "end" : 2273 }, 
        {"sofa" : 12,  "begin" : 2273,  "end" : 2274 }, 
        {"sofa" : 12,  "begin" : 2275,  "end" : 2277 }, 
        {"sofa" : 12,  "begin" : 2278,  "end" : 2287 }, 
        {"sofa" : 12,  "begin" : 2288,  "end" : 2290 }, 
        {"sofa" : 12,  "begin" : 2291,  "end" : 2294 }, 
        {"sofa" : 12,  "begin" : 2295,  "end" : 2301 }, 
        {"sofa" : 12,  "begin" : 2302,  "end" : 2304 }, 
        {"sofa" : 12,  "begin" : 2305,  "end" : 2313 }, 
        {"sofa" : 12,  "begin" : 2314,  "end" : 2321 }, 
        {"sofa" : 12,  "begin" : 2322,  "end" : 2324 }, 
        {"sofa" : 12,  "begin" : 2325,  "end" : 2328 }, 
        {"sofa" : 12,  "begin" : 2329,  "end" : 2338 }, 
        {"sofa" : 12,  "begin" : 2339,  "end" : 2342 }, 
        {"sofa" : 12,  "begin" : 2343,  "end" : 2347 }, 
        {"sofa" : 12,  "begin" : 2348,  "end" : 2350 }, 
        {"sofa" : 12,  "begin" : 2351,  "end" : 2362 }, 
        {"sofa" : 12,  "begin" : 2363,  "end" : 2367 }, 
        {"sofa" : 12,  "begin" : 2368,  "end" : 2373 }, 
        {"sofa" : 12,  "begin" : 2374,  "end" : 2376 }, 
        {"sofa" : 12,  "begin" : 2377,  "end" : 2387 }, 
        {"sofa" : 12,  "begin" : 2388,  "end" : 2394 }, 
        {"sofa" : 12,  "begin" : 2395,  "end" : 2397 }, 
        {"sofa" : 12,  "begin" : 2398,  "end" : 2408 }, 
        {"sofa" : 12,  "begin" : 2409,  "end" : 2411 }, 
        {"sofa" : 12,  "begin" : 2412,  "end" : 2421 }, 
        {"sofa" : 12,  "begin" : 2422,  "end" : 2424 }, 
        {"sofa" : 12,  "begin" : 2425,  "end" : 2429 }, 
        {"sofa" : 12,  "begin" : 2430,  "end" : 2435 }, 
        {"sofa" : 12,  "begin" : 2436,  "end" : 2438 }, 
        {"sofa" : 12,  "begin" : 2439,  "end" : 2450 }, 
        {"sofa" : 12,  "begin" : 2451,  "end" : 2457 }, 
        {"sofa" : 12,  "begin" : 2458,  "end" : 2460 }, 
        {"sofa" : 12,  "begin" : 2461,  "end" : 2468 }, 
        {"sofa" : 12,  "begin" : 2469,  "end" : 2471 }, 
        {"sofa" : 12,  "begin" : 2472,  "end" : 2475 }, 
        {"sofa" : 12,  "begin" : 2476,  "end" : 2483 }, 
        {"sofa" : 12,  "begin" : 2484,  "end" : 2491 }, 
        {"sofa" : 12,  "begin" : 2492,  "end" : 2501 }, 
        {"sofa" : 12,  "begin" : 2501,  "end" : 2502 }, 
        {"sofa" : 12,  "begin" : 2503,  "end" : 2505 }, 
        {"sofa" : 12,  "begin" : 2506,  "end" : 2508 }, 
        {"sofa" : 12,  "begin" : 2509,  "end" : 2518 }, 
        {"sofa" : 12,  "begin" : 2519,  "end" : 2521 }, 
        {"sofa" : 12,  "begin" : 2522,  "end" : 2525 }, 
        {"sofa" : 12,  "begin" : 2526,  "end" : 2529 }, 
        {"sofa" : 12,  "begin" : 2530,  "end" : 2533 }, 
        {"sofa" : 12,  "begin" : 2534,  "end" : 2539 }, 
        {"sofa" : 12,  "begin" : 2540,  "end" : 2546 }, 
        {"sofa" : 12,  "begin" : 2547,  "end" : 2550 }, 
        {"sofa" : 12,  "begin" : 2551,  "end" : 2555 }, 
        {"sofa" : 12,  "begin" : 2556,  "end" : 2559 }, 
        {"sofa" : 12,  "begin" : 2560,  "end" : 2571 }, 
        {"sofa" : 12,  "begin" : 2571,  "end" : 2572 }, 
        {"sofa" : 12,  "begin" : 2573,  "end" : 2581 }, 
        {"sofa" : 12,  "begin" : 2582,  "end" : 2593 }, 
        {"sofa" : 12,  "begin" : 2593,  "end" : 2594 }, 
        {"sofa" : 12,  "begin" : 2595,  "end" : 2597 }, 
        {"sofa" : 12,  "begin" : 2598,  "end" : 2601 }, 
        {"sofa" : 12,  "begin" : 2601,  "end" : 2602 }, 
        {"sofa" : 12,  "begin" : 2603,  "end" : 2605 }, 
        {"sofa" : 12,  "begin" : 2606,  "end" : 2615 }, 
        {"sofa" : 12,  "begin" : 2616,  "end" : 2619 }, 
        {"sofa" : 12,  "begin" : 2620,  "end" : 2626 }, 
        {"sofa" : 12,  "begin" : 2627,  "end" : 2629 }, 
        {"sofa" : 12,  "begin" : 2630,  "end" : 2633 }, 
        {"sofa" : 12,  "begin" : 2634,  "end" : 2640 }, 
        {"sofa" : 12,  "begin" : 2641,  "end" : 2644 }, 
        {"sofa" : 12,  "begin" : 2645,  "end" : 2650 }, 
        {"sofa" : 12,  "begin" : 2651,  "end" : 2653 }, 
        {"sofa" : 12,  "begin" : 2654,  "end" : 2657 }, 
        {"sofa" : 12,  "begin" : 2658,  "end" : 2663 }, 
        {"sofa" : 12,  "begin" : 2664,  "end" : 2666 }, 
        {"sofa" : 12,  "begin" : 2667,  "end" : 2677 }, 
        {"sofa" : 12,  "begin" : 2677,  "end" : 2678 }, 
        {"sofa" : 12,  "begin" : 2679,  "end" : 2681 }, 
        {"sofa" : 12,  "begin" : 2682,  "end" : 2685 }, 
        {"sofa" : 12,  "begin" : 2686,  "end" : 2697 }, 
        {"sofa" : 12,  "begin" : 2698,  "end" : 2704 }, 
        {"sofa" : 12,  "begin" : 2705,  "end" : 2707 }, 
        {"sofa" : 12,  "begin" : 2708,  "end" : 2715 }, 
        {"sofa" : 12,  "begin" : 2716,  "end" : 2719 }, 
        {"sofa" : 12,  "begin" : 2720,  "end" : 2725 }, 
        {"sofa" : 12,  "begin" : 2726,  "end" : 2728 }, 
        {"sofa" : 12,  "begin" : 2729,  "end" : 2732 }, 
        {"sofa" : 12,  "begin" : 2733,  "end" : 2737 }, 
        {"sofa" : 12,  "begin" : 2738,  "end" : 2741 }, 
        {"sofa" : 12,  "begin" : 2742,  "end" : 2744 }, 
        {"sofa" : 12,  "begin" : 2745,  "end" : 2755 }, 
        {"sofa" : 12,  "begin" : 2756,  "end" : 2758 }, 
        {"sofa" : 12,  "begin" : 2759,  "end" : 2761 }, 
        {"sofa" : 12,  "begin" : 2762,  "end" : 2770 }, 
        {"sofa" : 12,  "begin" : 2771,  "end" : 2782 }, 
        {"sofa" : 12,  "begin" : 2783,  "end" : 2789 }, 
        {"sofa" : 12,  "begin" : 2790,  "end" : 2793 }, 
        {"sofa" : 12,  "begin" : 2794,  "end" : 2801 }, 
        {"sofa" : 12,  "begin" : 2802,  "end" : 2804 }, 
        {"sofa" : 12,  "begin" : 2805,  "end" : 2809 }, 
        {"sofa" : 12,  "begin" : 2810,  "end" : 2816 }, 
        {"sofa" : 12,  "begin" : 2817,  "end" : 2818 }, 
        {"sofa" : 12,  "begin" : 2819,  "end" : 2824 }, 
        {"sofa" : 12,  "begin" : 2825,  "end" : 2830 }, 
        {"sofa" : 12,  "begin" : 2831,  "end" : 2833 }, 
        {"sofa" : 12,  "begin" : 2834,  "end" : 2841 }, 
        {"sofa" : 12,  "begin" : 2842,  "end" : 2844 }, 
        {"sofa" : 12,  "begin" : 2845,  "end" : 2852 }, 
        {"sofa" : 12,  "begin" : 2853,  "end" : 2859 }, 
        {"sofa" : 12,  "begin" : 2860,  "end" : 2863 }, 
        {"sofa" : 12,  "begin" : 2864,  "end" : 2866 }, 
        {"sofa" : 12,  "begin" : 2867,  "end" : 2872 }, 
        {"sofa" : 12,  "begin" : 2873,  "end" : 2880 }, 
        {"sofa" : 12,  "begin" : 2881,  "end" : 2884 }, 
        {"sofa" : 12,  "begin" : 2885,  "end" : 2892 }, 
        {"sofa" : 12,  "begin" : 2893,  "end" : 2900 }, 
        {"sofa" : 12,  "begin" : 2901,  "end" : 2905 }, 
        {"sofa" : 12,  "begin" : 2906,  "end" : 2917 }, 
        {"sofa" : 12,  "begin" : 2917,  "end" : 2918 }, 
        {"sofa" : 12,  "begin" : 2919,  "end" : 2922 }, 
        {"sofa" : 12,  "begin" : 2923,  "end" : 2930 }, 
        {"sofa" : 12,  "begin" : 2931,  "end" : 2941 }, 
        {"sofa" : 12,  "begin" : 2942,  "end" : 2944 }, 
        {"sofa" : 12,  "begin" : 2945,  "end" : 2948 }, 
        {"sofa" : 12,  "begin" : 2949,  "end" : 2952 }, 
        {"sofa" : 12,  "begin" : 2953,  "end" : 2955 }, 
        {"sofa" : 12,  "begin" : 2956,  "end" : 2960 }, 
        {"sofa" : 12,  "begin" : 2961,  "end" : 2966 }, 
        {"sofa" : 12,  "begin" : 2967,  "end" : 2969 }, 
        {"sofa" : 12,  "begin" : 2970,  "end" : 2974 }, 
        {"sofa" : 12,  "begin" : 2975,  "end" : 2978 }, 
        {"sofa" : 12,  "begin" : 2979,  "end" : 2986 }, 
        {"sofa" : 12,  "begin" : 2987,  "end" : 2990 }, 
        {"sofa" : 12,  "begin" : 2991,  "end" : 2996 }, 
        {"sofa" : 12,  "begin" : 2997,  "end" : 3000 }, 
        {"sofa" : 12,  "begin" : 3001,  "end" : 3006 }, 
        {"sofa" : 12,  "begin" : 3007,  "end" : 3010 }, 
        {"sofa" : 12,  "begin" : 3011,  "end" : 3014 }, 
        {"sofa" : 12,  "begin" : 3015,  "end" : 3018 }, 
        {"sofa" : 12,  "begin" : 3019,  "end" : 3023 }, 
        {"sofa" : 12,  "begin" : 3024,  "end" : 3028 }, 
        {"sofa" : 12,  "begin" : 3029,  "end" : 3032 }, 
        {"sofa" : 12,  "begin" : 3033,  "end" : 3035 }, 
        {"sofa" : 12,  "begin" : 3036,  "end" : 3039 }, 
        {"sofa" : 12,  "begin" : 3039,  "end" : 3040 }, 
        {"sofa" : 12,  "begin" : 3041,  "end" : 3044 }, 
        {"sofa" : 12,  "begin" : 3045,  "end" : 3052 }, 
        {"sofa" : 12,  "begin" : 3053,  "end" : 3055 }, 
        {"sofa" : 12,  "begin" : 3056,  "end" : 3059 }, 
        {"sofa" : 12,  "begin" : 3060,  "end" : 3063 }, 
        {"sofa" : 12,  "begin" : 3064,  "end" : 3070 }, 
        {"sofa" : 12,  "begin" : 3071,  "end" : 3073 }, 
        {"sofa" : 12,  "begin" : 3074,  "end" : 3082 }, 
        {"sofa" : 12,  "begin" : 3083,  "end" : 3088 }, 
        {"sofa" : 12,  "begin" : 3089,  "end" : 3090 }, 
        {"sofa" : 12,  "begin" : 3090,  "end" : 3091 }, 
        {"sofa" : 12,  "begin" : 3092,  "end" : 3095 }, 
        {"sofa" : 12,  "begin" : 3096,  "end" : 3103 }, 
        {"sofa" : 12,  "begin" : 3104,  "end" : 3107 }, 
        {"sofa" : 12,  "begin" : 3108,  "end" : 3115 }, 
        {"sofa" : 12,  "begin" : 3116,  "end" : 3124 }, 
        {"sofa" : 12,  "begin" : 3125,  "end" : 3128 }, 
        {"sofa" : 12,  "begin" : 3129,  "end" : 3134 }, 
        {"sofa" : 12,  "begin" : 3134,  "end" : 3135 }, 
        {"sofa" : 12,  "begin" : 3136,  "end" : 3138 }, 
        {"sofa" : 12,  "begin" : 3139,  "end" : 3142 }, 
        {"sofa" : 12,  "begin" : 3143,  "end" : 3149 }, 
        {"sofa" : 12,  "begin" : 3150,  "end" : 3152 }, 
        {"sofa" : 12,  "begin" : 3153,  "end" : 3158 }, 
        {"sofa" : 12,  "begin" : 3159,  "end" : 3163 }, 
        {"sofa" : 12,  "begin" : 3164,  "end" : 3170 }, 
        {"sofa" : 12,  "begin" : 3171,  "end" : 3178 }, 
        {"sofa" : 12,  "begin" : 3179,  "end" : 3182 }, 
        {"sofa" : 12,  "begin" : 3183,  "end" : 3193 }, 
        {"sofa" : 12,  "begin" : 3194,  "end" : 3199 }, 
        {"sofa" : 12,  "begin" : 3200,  "end" : 3202 }, 
        {"sofa" : 12,  "begin" : 3203,  "end" : 3213 }, 
        {"sofa" : 12,  "begin" : 3214,  "end" : 3216 }, 
        {"sofa" : 12,  "begin" : 3217,  "end" : 3227 }, 
        {"sofa" : 12,  "begin" : 3228,  "end" : 3232 }, 
        {"sofa" : 12,  "begin" : 3233,  "end" : 3238 }, 
        {"sofa" : 12,  "begin" : 3239,  "end" : 3242 }, 
        {"sofa" : 12,  "begin" : 3243,  "end" : 3248 }, 
        {"sofa" : 12,  "begin" : 3249,  "end" : 3252 }, 
        {"sofa" : 12,  "begin" : 3253,  "end" : 3260 }, 
        {"sofa" : 12,  "begin" : 3260,  "end" : 3261 }, 
        {"sofa" : 12,  "begin" : 3262,  "end" : 3266 }, 
        {"sofa" : 12,  "begin" : 3267,  "end" : 3270 }, 
        {"sofa" : 12,  "begin" : 3271,  "end" : 3273 }, 
        {"sofa" : 12,  "begin" : 3274,  "end" : 3284 }, 
        {"sofa" : 12,  "begin" : 3285,  "end" : 3287 }, 
        {"sofa" : 12,  "begin" : 3288,  "end" : 3292 }, 
        {"sofa" : 12,  "begin" : 3293,  "end" : 3299 }, 
        {"sofa" : 12,  "begin" : 3300,  "end" : 3303 }, 
        {"sofa" : 12,  "begin" : 3304,  "end" : 3315 }, 
        {"sofa" : 12,  "begin" : 3315,  "end" : 3316 }, 
        {"sofa" : 12,  "begin" : 3317,  "end" : 3319 }, 
        {"sofa" : 12,  "begin" : 3320,  "end" : 3323 }, 
        {"sofa" : 12,  "begin" : 3324,  "end" : 3331 }, 
        {"sofa" : 12,  "begin" : 3331,  "end" : 3332 }, 
        {"sofa" : 12,  "begin" : 3333,  "end" : 3336 }, 
        {"sofa" : 12,  "begin" : 3337,  "end" : 3347 }, 
        {"sofa" : 12,  "begin" : 3348,  "end" : 3354 }, 
        {"sofa" : 12,  "begin" : 3355,  "end" : 3357 }, 
        {"sofa" : 12,  "begin" : 3358,  "end" : 3368 }, 
        {"sofa" : 12,  "begin" : 3369,  "end" : 3371 }, 
        {"sofa" : 12,  "begin" : 3372,  "end" : 3374 }, 
        {"sofa" : 12,  "begin" : 3375,  "end" : 3378 }, 
        {"sofa" : 12,  "begin" : 3379,  "end" : 3386 }, 
        {"sofa" : 12,  "begin" : 3387,  "end" : 3394 }, 
        {"sofa" : 12,  "begin" : 3395,  "end" : 3406 }, 
        {"sofa" : 12,  "begin" : 3406,  "end" : 3407 }, 
        {"sofa" : 12,  "begin" : 3408,  "end" : 3415 }, 
        {"sofa" : 12,  "begin" : 3416,  "end" : 3419 }, 
        {"sofa" : 12,  "begin" : 3420,  "end" : 3422 }, 
        {"sofa" : 12,  "begin" : 3423,  "end" : 3426 }, 
        {"sofa" : 12,  "begin" : 3427,  "end" : 3431 }, 
        {"sofa" : 12,  "begin" : 3432,  "end" : 3438 }, 
        {"sofa" : 12,  "begin" : 3438,  "end" : 3439 }, 
        {"sofa" : 12,  "begin" : 3440,  "end" : 3443 }, 
        {"sofa" : 12,  "begin" : 3444,  "end" : 3452 }, 
        {"sofa" : 12,  "begin" : 3453,  "end" : 3459 }, 
        {"sofa" : 12,  "begin" : 3460,  "end" : 3463 }, 
        {"sofa" : 12,  "begin" : 3464,  "end" : 3467 }, 
        {"sofa" : 12,  "begin" : 3468,  "end" : 3475 }, 
        {"sofa" : 12,  "begin" : 3476,  "end" : 3478 }, 
        {"sofa" : 12,  "begin" : 3479,  "end" : 3483 }, 
        {"sofa" : 12,  "begin" : 3484,  "end" : 3494 }, 
        {"sofa" : 12,  "begin" : 3495,  "end" : 3500 }, 
        {"sofa" : 12,  "begin" : 3501,  "end" : 3503 }, 
        {"sofa" : 12,  "begin" : 3504,  "end" : 3513 }, 
        {"sofa" : 12,  "begin" : 3514,  "end" : 3516 }, 
        {"sofa" : 12,  "begin" : 3517,  "end" : 3520 }, 
        {"sofa" : 12,  "begin" : 3521,  "end" : 3527 }, 
        {"sofa" : 12,  "begin" : 3528,  "end" : 3530 }, 
        {"sofa" : 12,  "begin" : 3531,  "end" : 3539 }, 
        {"sofa" : 12,  "begin" : 3540,  "end" : 3547 }, 
        {"sofa" : 12,  "begin" : 3548,  "end" : 3550 }, 
        {"sofa" : 12,  "begin" : 3551,  "end" : 3554 }, 
        {"sofa" : 12,  "begin" : 3555,  "end" : 3564 }, 
        {"sofa" : 12,  "begin" : 3564,  "end" : 3565 }, 
        {"sofa" : 12,  "begin" : 3566,  "end" : 3577 }, 
        {"sofa" : 12,  "begin" : 3577,  "end" : 3578 }, 
        {"sofa" : 12,  "begin" : 3579,  "end" : 3583 }, 
        {"sofa" : 12,  "begin" : 3584,  "end" : 3590 }, 
        {"sofa" : 12,  "begin" : 3591,  "end" : 3593 }, 
        {"sofa" : 12,  "begin" : 3594,  "end" : 3599 }, 
        {"sofa" : 12,  "begin" : 3600,  "end" : 3603 }, 
        {"sofa" : 12,  "begin" : 3604,  "end" : 3611 }, 
        {"sofa" : 12,  "begin" : 3612,  "end" : 3614 }, 
        {"sofa" : 12,  "begin" : 3615,  "end" : 3620 }, 
        {"sofa" : 12,  "begin" : 3621,  "end" : 3623 }, 
        {"sofa" : 12,  "begin" : 3623,  "end" : 3624 }, 
        {"sofa" : 12,  "begin" : 3625,  "end" : 3629 }, 
        {"sofa" : 12,  "begin" : 3630,  "end" : 3637 }, 
        {"sofa" : 12,  "begin" : 3638,  "end" : 3640 }, 
        {"sofa" : 12,  "begin" : 3641,  "end" : 3642 }, 
        {"sofa" : 12,  "begin" : 3643,  "end" : 3652 }, 
        {"sofa" : 12,  "begin" : 3653,  "end" : 3664 }, 
        {"sofa" : 12,  "begin" : 3665,  "end" : 3667 }, 
        {"sofa" : 12,  "begin" : 3668,  "end" : 3674 }, 
        {"sofa" : 12,  "begin" : 3675,  "end" : 3678 }, 
        {"sofa" : 12,  "begin" : 3679,  "end" : 3686 }, 
        {"sofa" : 12,  "begin" : 3687,  "end" : 3692 }, 
        {"sofa" : 12,  "begin" : 3693,  "end" : 3703 }, 
        {"sofa" : 12,  "begin" : 3704,  "end" : 3707 }, 
        {"sofa" : 12,  "begin" : 3708,  "end" : 3710 }, 
        {"sofa" : 12,  "begin" : 3711,  "end" : 3715 }, 
        {"sofa" : 12,  "begin" : 3716,  "end" : 3718 }, 
        {"sofa" : 12,  "begin" : 3719,  "end" : 3731 }, 
        {"sofa" : 12,  "begin" : 3732,  "end" : 3734 }, 
        {"sofa" : 12,  "begin" : 3735,  "end" : 3740 }, 
        {"sofa" : 12,  "begin" : 3741,  "end" : 3745 }, 
        {"sofa" : 12,  "begin" : 3746,  "end" : 3752 }, 
        {"sofa" : 12,  "begin" : 3753,  "end" : 3760 }, 
        {"sofa" : 12,  "begin" : 3761,  "end" : 3765 }, 
        {"sofa" : 12,  "begin" : 3766,  "end" : 3772 }, 
        {"sofa" : 12,  "begin" : 3773,  "end" : 3775 }, 
        {"sofa" : 12,  "begin" : 3776,  "end" : 3781 }, 
        {"sofa" : 12,  "begin" : 3782,  "end" : 3784 }, 
        {"sofa" : 12,  "begin" : 3785,  "end" : 3791 }, 
        {"sofa" : 12,  "begin" : 3792,  "end" : 3797 }, 
        {"sofa" : 12,  "begin" : 3798,  "end" : 3804 }, 
        {"sofa" : 12,  "begin" : 3805,  "end" : 3815 }, 
        {"sofa" : 12,  "begin" : 3816,  "end" : 3823 }, 
        {"sofa" : 12,  "begin" : 3824,  "end" : 3829 }, 
        {"sofa" : 12,  "begin" : 3830,  "end" : 3833 }, 
        {"sofa" : 12,  "begin" : 3834,  "end" : 3837 }, 
        {"sofa" : 12,  "begin" : 3838,  "end" : 3842 }, 
        {"sofa" : 12,  "begin" : 3842,  "end" : 3843 }, 
        {"sofa" : 12,  "begin" : 3844,  "end" : 3848 }, 
        {"sofa" : 12,  "begin" : 3849,  "end" : 3851 }, 
        {"sofa" : 12,  "begin" : 3852,  "end" : 3861 }, 
        {"sofa" : 12,  "begin" : 3862,  "end" : 3864 }, 
        {"sofa" : 12,  "begin" : 3865,  "end" : 3868 }, 
        {"sofa" : 12,  "begin" : 3869,  "end" : 3877 }, 
        {"sofa" : 12,  "begin" : 3878,  "end" : 3885 }, 
        {"sofa" : 12,  "begin" : 3885,  "end" : 3886 }, 
        {"sofa" : 12,  "begin" : 3887,  "end" : 3889 }, 
        {"sofa" : 12,  "begin" : 3890,  "end" : 3896 }, 
        {"sofa" : 12,  "begin" : 3897,  "end" : 3899 }, 
        {"sofa" : 12,  "begin" : 3900,  "end" : 3903 }, 
        {"sofa" : 12,  "begin" : 3904,  "end" : 3913 }, 
        {"sofa" : 12,  "begin" : 3913,  "end" : 3914 }, 
        {"sofa" : 12,  "begin" : 3915,  "end" : 3917 }, 
        {"sofa" : 12,  "begin" : 3918,  "end" : 3925 }, 
        {"sofa" : 12,  "begin" : 3926,  "end" : 3928 }, 
        {"sofa" : 12,  "begin" : 3929,  "end" : 3931 }, 
        {"sofa" : 12,  "begin" : 3932,  "end" : 3936 }, 
        {"sofa" : 12,  "begin" : 3937,  "end" : 3940 }, 
        {"sofa" : 12,  "begin" : 3941,  "end" : 3948 }, 
        {"sofa" : 12,  "begin" : 3949,  "end" : 3951 }, 
        {"sofa" : 12,  "begin" : 3952,  "end" : 3958 }, 
        {"sofa" : 12,  "begin" : 3959,  "end" : 3961 }, 
        {"sofa" : 12,  "begin" : 3962,  "end" : 3966 }, 
        {"sofa" : 12,  "begin" : 3967,  "end" : 3973 }, 
        {"sofa" : 12,  "begin" : 3974,  "end" : 3977 }, 
        {"sofa" : 12,  "begin" : 3978,  "end" : 3984 }, 
        {"sofa" : 12,  "begin" : 3985,  "end" : 3987 }, 
        {"sofa" : 12,  "begin" : 3988,  "end" : 3993 }, 
        {"sofa" : 12,  "begin" : 3994,  "end" : 4000 }, 
        {"sofa" : 12,  "begin" : 4001,  "end" : 4003 }, 
        {"sofa" : 12,  "begin" : 4004,  "end" : 4014 }, 
        {"sofa" : 12,  "begin" : 4015,  "end" : 4017 }, 
        {"sofa" : 12,  "begin" : 4018,  "end" : 4019 }, 
        {"sofa" : 12,  "begin" : 4020,  "end" : 4024 }, 
        {"sofa" : 12,  "begin" : 4025,  "end" : 4030 }, 
        {"sofa" : 12,  "begin" : 4031,  "end" : 4035 }, 
        {"sofa" : 12,  "begin" : 4036,  "end" : 4042 }, 
        {"sofa" : 12,  "begin" : 4043,  "end" : 4046 }, 
        {"sofa" : 12,  "begin" : 4047,  "end" : 4054 }, 
        {"sofa" : 12,  "begin" : 4055,  "end" : 4062 }, 
        {"sofa" : 12,  "begin" : 4063,  "end" : 4065 }, 
        {"sofa" : 12,  "begin" : 4065,  "end" : 4066 }, 
        {"sofa" : 12,  "begin" : 4067,  "end" : 4069 }, 
        {"sofa" : 12,  "begin" : 4070,  "end" : 4075 }, 
        {"sofa" : 12,  "begin" : 4076,  "end" : 4078 }, 
        {"sofa" : 12,  "begin" : 4079,  "end" : 4086 }, 
        {"sofa" : 12,  "begin" : 4087,  "end" : 4091 }, 
        {"sofa" : 12,  "begin" : 4092,  "end" : 4102 }, 
        {"sofa" : 12,  "begin" : 4102,  "end" : 4103 }, 
        {"sofa" : 12,  "begin" : 4104,  "end" : 4110 }, 
        {"sofa" : 12,  "begin" : 4111,  "end" : 4113 }, 
        {"sofa" : 12,  "begin" : 4114,  "end" : 4117 }, 
        {"sofa" : 12,  "begin" : 4118,  "end" : 4122 }, 
        {"sofa" : 12,  "begin" : 4123,  "end" : 4127 }, 
        {"sofa" : 12,  "begin" : 4128,  "end" : 4137 }, 
        {"sofa" : 12,  "begin" : 4138,  "end" : 4145 }, 
        {"sofa" : 12,  "begin" : 4146,  "end" : 4148 }, 
        {"sofa" : 12,  "begin" : 4149,  "end" : 4152 }, 
        {"sofa" : 12,  "begin" : 4153,  "end" : 4157 }, 
        {"sofa" : 12,  "begin" : 4158,  "end" : 4160 }, 
        {"sofa" : 12,  "begin" : 4161,  "end" : 4164 }, 
        {"sofa" : 12,  "begin" : 4165,  "end" : 4174 }, 
        {"sofa" : 12,  "begin" : 4175,  "end" : 4177 }, 
        {"sofa" : 12,  "begin" : 4178,  "end" : 4183 }, 
        {"sofa" : 12,  "begin" : 4184,  "end" : 4192 }, 
        {"sofa" : 12,  "begin" : 4192,  "end" : 4193 }, 
        {"sofa" : 12,  "begin" : 4194,  "end" : 4196 }, 
        {"sofa" : 12,  "begin" : 4197,  "end" : 4198 }, 
        {"sofa" : 12,  "begin" : 4199,  "end" : 4204 }, 
        {"sofa" : 12,  "begin" : 4205,  "end" : 4209 }, 
        {"sofa" : 12,  "begin" : 4210,  "end" : 4220 }, 
        {"sofa" : 12,  "begin" : 4221,  "end" : 4226 }, 
        {"sofa" : 12,  "begin" : 4227,  "end" : 4230 }, 
        {"sofa" : 12,  "begin" : 4231,  "end" : 4233 }, 
        {"sofa" : 12,  "begin" : 4234,  "end" : 4236 }, 
        {"sofa" : 12,  "begin" : 4237,  "end" : 4244 }, 
        {"sofa" : 12,  "begin" : 4245,  "end" : 4247 }, 
        {"sofa" : 12,  "begin" : 4248,  "end" : 4250 }, 
        {"sofa" : 12,  "begin" : 4251,  "end" : 4260 }, 
        {"sofa" : 12,  "begin" : 4261,  "end" : 4264 }, 
        {"sofa" : 12,  "begin" : 4265,  "end" : 4268 }, 
        {"sofa" : 12,  "begin" : 4269,  "end" : 4273 }, 
        {"sofa" : 12,  "begin" : 4274,  "end" : 4279 }, 
        {"sofa" : 12,  "begin" : 4280,  "end" : 4282 }, 
        {"sofa" : 12,  "begin" : 4283,  "end" : 4286 }, 
        {"sofa" : 12,  "begin" : 4287,  "end" : 4296 }, 
        {"sofa" : 12,  "begin" : 4296,  "end" : 4297 }, 
        {"sofa" : 12,  "begin" : 4298,  "end" : 4302 }, 
        {"sofa" : 12,  "begin" : 4303,  "end" : 4309 }, 
        {"sofa" : 12,  "begin" : 4310,  "end" : 4312 }, 
        {"sofa" : 12,  "begin" : 4313,  "end" : 4318 }, 
        {"sofa" : 12,  "begin" : 4319,  "end" : 4322 }, 
        {"sofa" : 12,  "begin" : 4323,  "end" : 4325 }, 
        {"sofa" : 12,  "begin" : 4326,  "end" : 4328 }, 
        {"sofa" : 12,  "begin" : 4329,  "end" : 4334 }, 
        {"sofa" : 12,  "begin" : 4335,  "end" : 4337 }, 
        {"sofa" : 12,  "begin" : 4338,  "end" : 4340 }, 
        {"sofa" : 12,  "begin" : 4341,  "end" : 4346 }, 
        {"sofa" : 12,  "begin" : 4347,  "end" : 4351 }, 
        {"sofa" : 12,  "begin" : 4352,  "end" : 4356 }, 
        {"sofa" : 12,  "begin" : 4357,  "end" : 4359 }, 
        {"sofa" : 12,  "begin" : 4360,  "end" : 4363 }, 
        {"sofa" : 12,  "begin" : 4364,  "end" : 4368 }, 
        {"sofa" : 12,  "begin" : 4369,  "end" : 4374 }, 
        {"sofa" : 12,  "begin" : 4375,  "end" : 4379 }, 
        {"sofa" : 12,  "begin" : 4380,  "end" : 4385 }, 
        {"sofa" : 12,  "begin" : 4386,  "end" : 4388 }, 
        {"sofa" : 12,  "begin" : 4389,  "end" : 4399 }, 
        {"sofa" : 12,  "begin" : 4400,  "end" : 4407 }, 
        {"sofa" : 12,  "begin" : 4408,  "end" : 4410 }, 
        {"sofa" : 12,  "begin" : 4410,  "end" : 4411 }, 
        {"sofa" : 12,  "begin" : 4413,  "end" : 4415 }, 
        {"sofa" : 12,  "begin" : 4416,  "end" : 4422 }, 
        {"sofa" : 12,  "begin" : 4423,  "end" : 4426 }, 
        {"sofa" : 12,  "begin" : 4427,  "end" : 4437 }, 
        {"sofa" : 12,  "begin" : 4438,  "end" : 4440 }, 
        {"sofa" : 12,  "begin" : 4441,  "end" : 4442 }, 
        {"sofa" : 12,  "begin" : 4442,  "end" : 4443 }, 
        {"sofa" : 12,  "begin" : 4444,  "end" : 4447 }, 
        {"sofa" : 12,  "begin" : 4448,  "end" : 4450 }, 
        {"sofa" : 12,  "begin" : 4451,  "end" : 4454 }, 
        {"sofa" : 12,  "begin" : 4455,  "end" : 4459 }, 
        {"sofa" : 12,  "begin" : 4460,  "end" : 4462 }, 
        {"sofa" : 12,  "begin" : 4463,  "end" : 4471 }, 
        {"sofa" : 12,  "begin" : 4472,  "end" : 4481 }, 
        {"sofa" : 12,  "begin" : 4481,  "end" : 4482 }, 
        {"sofa" : 12,  "begin" : 4483,  "end" : 4486 }, 
        {"sofa" : 12,  "begin" : 4487,  "end" : 4498 }, 
        {"sofa" : 12,  "begin" : 4499,  "end" : 4505 }, 
        {"sofa" : 12,  "begin" : 4506,  "end" : 4510 }, 
        {"sofa" : 12,  "begin" : 4511,  "end" : 4519 }, 
        {"sofa" : 12,  "begin" : 4520,  "end" : 4523 }, 
        {"sofa" : 12,  "begin" : 4524,  "end" : 4532 }, 
        {"sofa" : 12,  "begin" : 4533,  "end" : 4535 }, 
        {"sofa" : 12,  "begin" : 4536,  "end" : 4540 }, 
        {"sofa" : 12,  "begin" : 4541,  "end" : 4547 }, 
        {"sofa" : 12,  "begin" : 4548,  "end" : 4550 }, 
        {"sofa" : 12,  "begin" : 4551,  "end" : 4555 }, 
        {"sofa" : 12,  "begin" : 4556,  "end" : 4560 }, 
        {"sofa" : 12,  "begin" : 4561,  "end" : 4563 }, 
        {"sofa" : 12,  "begin" : 4564,  "end" : 4567 }, 
        {"sofa" : 12,  "begin" : 4568,  "end" : 4572 }, 
        {"sofa" : 12,  "begin" : 4572,  "end" : 4573 }, 
        {"sofa" : 12,  "begin" : 4574,  "end" : 4580 }, 
        {"sofa" : 12,  "begin" : 4581,  "end" : 4588 }, 
        {"sofa" : 12,  "begin" : 4589,  "end" : 4591 }, 
        {"sofa" : 12,  "begin" : 4592,  "end" : 4595 }, 
        {"sofa" : 12,  "begin" : 4596,  "end" : 4606 }, 
        {"sofa" : 12,  "begin" : 4607,  "end" : 4613 }, 
        {"sofa" : 12,  "begin" : 4614,  "end" : 4616 }, 
        {"sofa" : 12,  "begin" : 4617,  "end" : 4620 }, 
        {"sofa" : 12,  "begin" : 4621,  "end" : 4626 }, 
        {"sofa" : 12,  "begin" : 4627,  "end" : 4629 }, 
        {"sofa" : 12,  "begin" : 4630,  "end" : 4638 }, 
        {"sofa" : 12,  "begin" : 4639,  "end" : 4641 }, 
        {"sofa" : 12,  "begin" : 4642,  "end" : 4645 }, 
        {"sofa" : 12,  "begin" : 4646,  "end" : 4651 }, 
        {"sofa" : 12,  "begin" : 4651,  "end" : 4652 }, 
        {"sofa" : 12,  "begin" : 4653,  "end" : 4655 }, 
        {"sofa" : 12,  "begin" : 4656,  "end" : 4659 }, 
        {"sofa" : 12,  "begin" : 4660,  "end" : 4667 }, 
        {"sofa" : 12,  "begin" : 4668,  "end" : 4677 }, 
        {"sofa" : 12,  "begin" : 4677,  "end" : 4678 }, 
        {"sofa" : 12,  "begin" : 4679,  "end" : 4682 }, 
        {"sofa" : 12,  "begin" : 4683,  "end" : 4689 }, 
        {"sofa" : 12,  "begin" : 4690,  "end" : 4700 }, 
        {"sofa" : 12,  "begin" : 4701,  "end" : 4705 }, 
        {"sofa" : 12,  "begin" : 4706,  "end" : 4709 }, 
        {"sofa" : 12,  "begin" : 4710,  "end" : 4712 }, 
        {"sofa" : 12,  "begin" : 4713,  "end" : 4719 }, 
        {"sofa" : 12,  "begin" : 4720,  "end" : 4722 }, 
        {"sofa" : 12,  "begin" : 4723,  "end" : 4727 }, 
        {"sofa" : 12,  "begin" : 4728,  "end" : 4734 }, 
        {"sofa" : 12,  "begin" : 4735,  "end" : 4742 }, 
        {"sofa" : 12,  "begin" : 4743,  "end" : 4745 }, 
        {"sofa" : 12,  "begin" : 4746,  "end" : 4749 }, 
        {"sofa" : 12,  "begin" : 4750,  "end" : 4754 }, 
        {"sofa" : 12,  "begin" : 4755,  "end" : 4757 }, 
        {"sofa" : 12,  "begin" : 4758,  "end" : 4764 }, 
        {"sofa" : 12,  "begin" : 4765,  "end" : 4767 }, 
        {"sofa" : 12,  "begin" : 4768,  "end" : 4771 }, 
        {"sofa" : 12,  "begin" : 4772,  "end" : 4785 }, 
        {"sofa" : 12,  "begin" : 4786,  "end" : 4792 }, 
        {"sofa" : 12,  "begin" : 4793,  "end" : 4803 }, 
        {"sofa" : 12,  "begin" : 4804,  "end" : 4806 }, 
        {"sofa" : 12,  "begin" : 4807,  "end" : 4817 }, 
        {"sofa" : 12,  "begin" : 4818,  "end" : 4820 }, 
        {"sofa" : 12,  "begin" : 4821,  "end" : 4823 }, 
        {"sofa" : 12,  "begin" : 4824,  "end" : 4828 }, 
        {"sofa" : 12,  "begin" : 4829,  "end" : 4831 }, 
        {"sofa" : 12,  "begin" : 4832,  "end" : 4834 }, 
        {"sofa" : 12,  "begin" : 4835,  "end" : 4842 }, 
        {"sofa" : 12,  "begin" : 4843,  "end" : 4849 }, 
        {"sofa" : 12,  "begin" : 4850,  "end" : 4855 }, 
        {"sofa" : 12,  "begin" : 4856,  "end" : 4857 }, 
        {"sofa" : 12,  "begin" : 4857,  "end" : 4858 }, 
        {"sofa" : 12,  "begin" : 4859,  "end" : 4862 }, 
        {"sofa" : 12,  "begin" : 4863,  "end" : 4865 }, 
        {"sofa" : 12,  "begin" : 4866,  "end" : 4869 }, 
        {"sofa" : 12,  "begin" : 4870,  "end" : 4874 }, 
        {"sofa" : 12,  "begin" : 4875,  "end" : 4877 }, 
        {"sofa" : 12,  "begin" : 4878,  "end" : 4886 }, 
        {"sofa" : 12,  "begin" : 4887,  "end" : 4896 }, 
        {"sofa" : 12,  "begin" : 4896,  "end" : 4897 }, 
        {"sofa" : 12,  "begin" : 4898,  "end" : 4900 }, 
        {"sofa" : 12,  "begin" : 4901,  "end" : 4903 }, 
        {"sofa" : 12,  "begin" : 4904,  "end" : 4907 }, 
        {"sofa" : 12,  "begin" : 4908,  "end" : 4913 }, 
        {"sofa" : 12,  "begin" : 4914,  "end" : 4918 }, 
        {"sofa" : 12,  "begin" : 4919,  "end" : 4922 }, 
        {"sofa" : 12,  "begin" : 4923,  "end" : 4929 }, 
        {"sofa" : 12,  "begin" : 4930,  "end" : 4933 }, 
        {"sofa" : 12,  "begin" : 4934,  "end" : 4943 }, 
        {"sofa" : 12,  "begin" : 4944,  "end" : 4949 }, 
        {"sofa" : 12,  "begin" : 4950,  "end" : 4951 }, 
        {"sofa" : 12,  "begin" : 4951,  "end" : 4952 }, 
        {"sofa" : 12,  "begin" : 4953,  "end" : 4956 }, 
        {"sofa" : 12,  "begin" : 4956,  "end" : 4957 }, 
        {"sofa" : 12,  "begin" : 4958,  "end" : 4966 }, 
        {"sofa" : 12,  "begin" : 4967,  "end" : 4968 }, 
        {"sofa" : 12,  "begin" : 4968,  "end" : 4969 } ], 
      "ACCEPTED" : [
        {"sofa" : 12,  "begin" : 4958,  "end" : 4966 } ], 
      "RANK1" : [
        {"sofa" : 12,  "begin" : 3317,  "end" : 3407 }, 
        {"sofa" : 12,  "begin" : 4653,  "end" : 4897 }, 
        {"sofa" : 12,  "begin" : 4898,  "end" : 4957 } ], 
      "Rank2" : [
        {"sofa" : 12,  "begin" : 1412,  "end" : 1473 }, 
        {"sofa" : 12,  "begin" : 1474,  "end" : 1666 }, 
        {"sofa" : 12,  "begin" : 1667,  "end" : 1812 }, 
        {"sofa" : 12,  "begin" : 3041,  "end" : 3316 }, 
        {"sofa" : 12,  "begin" : 4194,  "end" : 4652 } ], 
      "Rank3" : [
        {"sofa" : 12,  "begin" : 602,  "end" : 865 }, 
        {"sofa" : 12,  "begin" : 866,  "end" : 1142 }, 
        {"sofa" : 12,  "begin" : 1144,  "end" : 1411 }, 
        {"sofa" : 12,  "begin" : 1813,  "end" : 2143 }, 
        {"sofa" : 12,  "begin" : 2144,  "end" : 2502 }, 
        {"sofa" : 12,  "begin" : 2503,  "end" : 2678 }, 
        {"sofa" : 12,  "begin" : 2679,  "end" : 3040 }, 
        {"sofa" : 12,  "begin" : 3408,  "end" : 3624 }, 
        {"sofa" : 12,  "begin" : 3625,  "end" : 3914 }, 
        {"sofa" : 12,  "begin" : 3915,  "end" : 4193 } ], 
      "Rank5" : [
        {"sofa" : 12,  "begin" : 351,  "end" : 601 } ], 
      "Rank6" : [
        {"sofa" : 12,  "begin" : 143,  "end" : 208 }, 
        {"sofa" : 12,  "begin" : 209,  "end" : 350 } ] } }, 
  "_referenced_fss" : {
    "12" : {"_type" : "Sofa",  "sofaNum" : 1,  "sofaID" : "_InitialView",  "mimeType" : "text",  "sofaString" : "Das Gupta, J. This appeal by special leave is against the order of the High Court at Allahabad under s. 133 of the Code of Criminal Procedure. The three appellants carry on the trade of auctioning vegetables. These vegetables, it appears, are brought in carts which are parked on the public road outside the building where the auctioning takes place. There was some dispute between these appellants and the Municipal Board which it is suggested by the appellants was really behind the move to get this order under s. 133 passed against them. It is unnecessary, however, for us to consider that matter. What appears to be clear is that the trade is carried on in a private house in the subzimandi quarter and it does happen that some amount of inconvenience is caused to people who pass by the public road because of the carts which necessarily come near this house. The real question is, whether because this trade of auctioning vegetables which the appellants carry on in their private house produce the consequence that people passing by the road are put to inconvenience, action can be taken under s. 133 of the Code of Criminal Procedure. \nThe High Court seems to be of the opinion - when it is clear that the business of auctioning vegetables cannot be carried on without causing obstruction to the passers by, the conduct of the business can be prohibited, even though it is carried on in a private place. It seems to us that this proposition has been put too widely. Section 133 of the Code of Criminal Procedure empowers action by the District Magistrate, Sub-Divisional Magistrate of Magistrate 1st class to remove public nuisances in certain circumstances. Two out of the several cls. of s. 133(1) in which these circumstances are set out, with which we are concerned, are the first and second clauses. The first clause provides for action by Magistrate where he considers, on receiving a police-report or other information and on taking such evidence as he thinks fit, that any unlawful obstruction or nuisance should be removed from any way, river or channel which is or may be lawfully used by the public or from any public place. The second clause deals with the position where the conduct of any trade or occupation or the keeping of any goods or merchandise, is injurious to the health or physical comfort of the community and that in consequence such trade or occupation should be prohibited or regulated or such goods or merchandise should be removed or the keeping thereof regulated. It is difficult to see how the first clause can have any application.\nUnlawful obstruction, if any, is certainly not caused by the people who carry on the trade of auctioning. If the obstruction caused by keeping the carts on the road can be considered to be unlawful obstruction within the meaning of this clause - about which we express no opinion action can be taken against the persons causing such obstruction. The obvious difficulty in the way of that might be that the persons who bring the carts are not the same from day do day. But whether or not any action is possible under s. 133 against the persons bringing the carts, we are unable to agree that merely because the appellants carry on auctioning in connection with which the carts are brought, they can be considered to have caused the obstruction. In our opinion, the appellants cannot be considered to be the persons causing obstruction. Turning now to the next clause, the question arises how the conduct of this auctioning trade is injurious to the health or physical comfort of the community. Undoubtedly, some amount of noise the auction is going on. That however is a necessary concomitant of buying and selling large quantities and it will be unreasonable to think that merely because some amount of noise is caused which people preferring perfect peace may not like, this is injurious to the physical comfort, or health of the community. It appears to us that the conduct of trades of this nature and indeed of other trades in localities of a city where such trades are usually carried on, is bound to produce some discomfort, though at the same time resulting perhaps in the good of the community in other respects. If a trade like auctioning which has to be carried on as necessary for the well being of the community, some amount of noise has to be borne in at least that part of the town where such trade is ordinarily carried on. \nIn making the provisions of s. 133 of the Code of Criminal Procedure, the legislature cannot have intended the stoppage of such trades in such part of the town, merely because of the discomfort caused by the noise in carrying on the trade. In our opinion therefore, the slight discomfort that may be caused to some people passing by the road or living in the neighbourhood cannot ordinarily be considered to be such as to justify action under s. 133 of the Code of Criminal Procedure. We do not think that the orders are justified under s. 133.\nDECISION ??\n" } } }