{"_context" : {
    "_types" : {
      "DocumentMetaData" : {
        "_feature_types" : {"sofa" : "_ref" } }, 
      "RANK1" : {
        "_feature_types" : {"sofa" : "_ref" } }, 
      "REJECTED" : {
        "_feature_types" : {"sofa" : "_ref" } }, 
      "Rank2" : {
        "_feature_types" : {"sofa" : "_ref" } }, 
      "Rank3" : {
        "_feature_types" : {"sofa" : "_ref" } }, 
      "Rank4" : {
        "_feature_types" : {"sofa" : "_ref" } }, 
      "Rank5" : {
        "_feature_types" : {"sofa" : "_ref" } }, 
      "Sentence" : {
        "_feature_types" : {"sofa" : "_ref" } }, 
      "Sofa" : {
        "_feature_types" : {"sofaArray" : "_ref" } }, 
      "TagsetDescription" : {
        "_feature_types" : {"sofa" : "_ref",  "tags" : "_ref" } }, 
      "Token" : {
        "_feature_types" : {"sofa" : "_ref",  "parent" : "_ref",  "lemma" : "_ref",  "stem" : "_ref",  "pos" : "_ref",  "morph" : "_ref",  "form" : "_ref" } }, 
      "DocumentAnnotation" : {
        "_feature_types" : {"sofa" : "_ref" }, 
        "_subtypes" : ["DocumentMetaData" ] }, 
      "Annotation" : {
        "_feature_types" : {"sofa" : "_ref" }, 
        "_subtypes" : ["DocumentAnnotation",  "RANK1",  "REJECTED",  "Rank2",  "Rank3",  "Rank4",  "Rank5",  "Sentence",  "TagsetDescription",  "Token" ] }, 
      "AnnotationBase" : {
        "_feature_types" : {"sofa" : "_ref" }, 
        "_subtypes" : ["Annotation" ] }, 
      "TOP" : {
        "_subtypes" : ["AnnotationBase",  "Sofa" ] } } }, 
  "_views" : {
    "_InitialView" : {
      "DocumentMetaData" : [
        {"sofa" : 12,  "end" : 6778,  "language" : "x-unspecified",  "documentTitle" : "1951_36.txt",  "documentId" : "user4",  "documentUri" : "file:/home/ashutosh/.webanno/repository/project/9/document/234/source/user4",  "collectionId" : "file:/home/ashutosh/.webanno/repository/project/9/document/234/source/",  "documentBaseUri" : "file:/home/ashutosh/.webanno/repository/project/9/document/234/source/",  "isLastSegment" : false } ], 
      "TagsetDescription" : [
        {"sofa" : 12,  "layer" : "de.tudarmstadt.ukp.dkpro.core.api.syntax.type.dependency.Dependency",  "name" : "UD Universal Dependencies (v2)",  "input" : false }, 
        {"sofa" : 12,  "layer" : "de.tudarmstadt.ukp.dkpro.core.api.ner.type.NamedEntity",  "name" : "Named Entity tags",  "input" : false }, 
        {"sofa" : 12,  "layer" : "de.tudarmstadt.ukp.dkpro.core.api.transform.type.SofaChangeAnnotation",  "name" : "Operation",  "input" : false }, 
        {"sofa" : 12,  "layer" : "de.tudarmstadt.ukp.dkpro.core.api.lexmorph.type.pos.POS",  "name" : "UD Universal POS tags (v2)",  "input" : false } ], 
      "Sentence" : [
        {"sofa" : 12,  "end" : 63 }, 
        {"sofa" : 12,  "begin" : 64,  "end" : 260 }, 
        {"sofa" : 12,  "begin" : 261,  "end" : 306 }, 
        {"sofa" : 12,  "begin" : 307,  "end" : 342 }, 
        {"sofa" : 12,  "begin" : 343,  "end" : 347 }, 
        {"sofa" : 12,  "begin" : 348,  "end" : 380 }, 
        {"sofa" : 12,  "begin" : 381,  "end" : 388 }, 
        {"sofa" : 12,  "begin" : 389,  "end" : 439 }, 
        {"sofa" : 12,  "begin" : 440,  "end" : 592 }, 
        {"sofa" : 12,  "begin" : 593,  "end" : 685 }, 
        {"sofa" : 12,  "begin" : 686,  "end" : 783 }, 
        {"sofa" : 12,  "begin" : 784,  "end" : 822 }, 
        {"sofa" : 12,  "begin" : 823,  "end" : 902 }, 
        {"sofa" : 12,  "begin" : 903,  "end" : 1038 }, 
        {"sofa" : 12,  "begin" : 1039,  "end" : 1208 }, 
        {"sofa" : 12,  "begin" : 1209,  "end" : 1249 }, 
        {"sofa" : 12,  "begin" : 1250,  "end" : 1423 }, 
        {"sofa" : 12,  "begin" : 1424,  "end" : 1562 }, 
        {"sofa" : 12,  "begin" : 1563,  "end" : 1623 }, 
        {"sofa" : 12,  "begin" : 1624,  "end" : 1749 }, 
        {"sofa" : 12,  "begin" : 1751,  "end" : 1950 }, 
        {"sofa" : 12,  "begin" : 1951,  "end" : 2009 }, 
        {"sofa" : 12,  "begin" : 2010,  "end" : 2058 }, 
        {"sofa" : 12,  "begin" : 2059,  "end" : 2183 }, 
        {"sofa" : 12,  "begin" : 2184,  "end" : 2408 }, 
        {"sofa" : 12,  "begin" : 2409,  "end" : 2644 }, 
        {"sofa" : 12,  "begin" : 2645,  "end" : 2744 }, 
        {"sofa" : 12,  "begin" : 2745,  "end" : 2814 }, 
        {"sofa" : 12,  "begin" : 2815,  "end" : 2974 }, 
        {"sofa" : 12,  "begin" : 2975,  "end" : 3251 }, 
        {"sofa" : 12,  "begin" : 3253,  "end" : 3285 }, 
        {"sofa" : 12,  "begin" : 3286,  "end" : 3458 }, 
        {"sofa" : 12,  "begin" : 3459,  "end" : 3625 }, 
        {"sofa" : 12,  "begin" : 3626,  "end" : 3722 }, 
        {"sofa" : 12,  "begin" : 3723,  "end" : 3917 }, 
        {"sofa" : 12,  "begin" : 3918,  "end" : 4088 }, 
        {"sofa" : 12,  "begin" : 4089,  "end" : 4203 }, 
        {"sofa" : 12,  "begin" : 4204,  "end" : 4339 }, 
        {"sofa" : 12,  "begin" : 4340,  "end" : 4420 }, 
        {"sofa" : 12,  "begin" : 4421,  "end" : 4552 }, 
        {"sofa" : 12,  "begin" : 4553,  "end" : 4596 }, 
        {"sofa" : 12,  "begin" : 4597,  "end" : 4627 }, 
        {"sofa" : 12,  "begin" : 4628,  "end" : 4738 }, 
        {"sofa" : 12,  "begin" : 4739,  "end" : 4825 }, 
        {"sofa" : 12,  "begin" : 4826,  "end" : 4954 }, 
        {"sofa" : 12,  "begin" : 4955,  "end" : 5060 }, 
        {"sofa" : 12,  "begin" : 5061,  "end" : 5166 }, 
        {"sofa" : 12,  "begin" : 5167,  "end" : 5266 }, 
        {"sofa" : 12,  "begin" : 5267,  "end" : 5330 }, 
        {"sofa" : 12,  "begin" : 5333,  "end" : 5541 }, 
        {"sofa" : 12,  "begin" : 5542,  "end" : 5566 }, 
        {"sofa" : 12,  "begin" : 5567,  "end" : 5730 }, 
        {"sofa" : 12,  "begin" : 5731,  "end" : 5937 }, 
        {"sofa" : 12,  "begin" : 5938,  "end" : 6044 }, 
        {"sofa" : 12,  "begin" : 6045,  "end" : 6091 }, 
        {"sofa" : 12,  "begin" : 6092,  "end" : 6227 }, 
        {"sofa" : 12,  "begin" : 6228,  "end" : 6390 }, 
        {"sofa" : 12,  "begin" : 6391,  "end" : 6454 }, 
        {"sofa" : 12,  "begin" : 6455,  "end" : 6541 }, 
        {"sofa" : 12,  "begin" : 6542,  "end" : 6731 }, 
        {"sofa" : 12,  "begin" : 6732,  "end" : 6765 }, 
        {"sofa" : 12,  "begin" : 6767,  "end" : 6778 } ], 
      "Token" : [
        {"sofa" : 12,  "end" : 8 }, 
        {"sofa" : 12,  "begin" : 9,  "end" : 18 }, 
        {"sofa" : 12,  "begin" : 19,  "end" : 31 }, 
        {"sofa" : 12,  "begin" : 32,  "end" : 40 }, 
        {"sofa" : 12,  "begin" : 41,  "end" : 47 }, 
        {"sofa" : 12,  "begin" : 48,  "end" : 50 }, 
        {"sofa" : 12,  "begin" : 50,  "end" : 51 }, 
        {"sofa" : 12,  "begin" : 52,  "end" : 54 }, 
        {"sofa" : 12,  "begin" : 55,  "end" : 57 }, 
        {"sofa" : 12,  "begin" : 58,  "end" : 62 }, 
        {"sofa" : 12,  "begin" : 62,  "end" : 63 }, 
        {"sofa" : 12,  "begin" : 64,  "end" : 70 }, 
        {"sofa" : 12,  "begin" : 71,  "end" : 76 }, 
        {"sofa" : 12,  "begin" : 77,  "end" : 80 }, 
        {"sofa" : 12,  "begin" : 80,  "end" : 81 }, 
        {"sofa" : 12,  "begin" : 82,  "end" : 85 }, 
        {"sofa" : 12,  "begin" : 86,  "end" : 87 }, 
        {"sofa" : 12,  "begin" : 87,  "end" : 88 }, 
        {"sofa" : 12,  "begin" : 88,  "end" : 89 }, 
        {"sofa" : 12,  "begin" : 90,  "end" : 91 }, 
        {"sofa" : 12,  "begin" : 91,  "end" : 92 }, 
        {"sofa" : 12,  "begin" : 92,  "end" : 93 }, 
        {"sofa" : 12,  "begin" : 94,  "end" : 96 }, 
        {"sofa" : 12,  "begin" : 97,  "end" : 100 }, 
        {"sofa" : 12,  "begin" : 101,  "end" : 113 }, 
        {"sofa" : 12,  "begin" : 114,  "end" : 116 }, 
        {"sofa" : 12,  "begin" : 117,  "end" : 122 }, 
        {"sofa" : 12,  "begin" : 123,  "end" : 130 }, 
        {"sofa" : 12,  "begin" : 131,  "end" : 134 }, 
        {"sofa" : 12,  "begin" : 135,  "end" : 143 }, 
        {"sofa" : 12,  "begin" : 144,  "end" : 147 }, 
        {"sofa" : 12,  "begin" : 148,  "end" : 153 }, 
        {"sofa" : 12,  "begin" : 154,  "end" : 159 }, 
        {"sofa" : 12,  "begin" : 160,  "end" : 163 }, 
        {"sofa" : 12,  "begin" : 164,  "end" : 168 }, 
        {"sofa" : 12,  "begin" : 169,  "end" : 174 }, 
        {"sofa" : 12,  "begin" : 174,  "end" : 175 }, 
        {"sofa" : 12,  "begin" : 176,  "end" : 180 }, 
        {"sofa" : 12,  "begin" : 180,  "end" : 181 }, 
        {"sofa" : 12,  "begin" : 182,  "end" : 184 }, 
        {"sofa" : 12,  "begin" : 185,  "end" : 188 }, 
        {"sofa" : 12,  "begin" : 189,  "end" : 193 }, 
        {"sofa" : 12,  "begin" : 194,  "end" : 199 }, 
        {"sofa" : 12,  "begin" : 200,  "end" : 202 }, 
        {"sofa" : 12,  "begin" : 203,  "end" : 213 }, 
        {"sofa" : 12,  "begin" : 214,  "end" : 216 }, 
        {"sofa" : 12,  "begin" : 217,  "end" : 222 }, 
        {"sofa" : 12,  "begin" : 223,  "end" : 225 }, 
        {"sofa" : 12,  "begin" : 226,  "end" : 234 }, 
        {"sofa" : 12,  "begin" : 235,  "end" : 243 }, 
        {"sofa" : 12,  "begin" : 244,  "end" : 246 }, 
        {"sofa" : 12,  "begin" : 246,  "end" : 247 }, 
        {"sofa" : 12,  "begin" : 248,  "end" : 251 }, 
        {"sofa" : 12,  "begin" : 252,  "end" : 254 }, 
        {"sofa" : 12,  "begin" : 255,  "end" : 259 }, 
        {"sofa" : 12,  "begin" : 259,  "end" : 260 }, 
        {"sofa" : 12,  "begin" : 261,  "end" : 264 }, 
        {"sofa" : 12,  "begin" : 265,  "end" : 270 }, 
        {"sofa" : 12,  "begin" : 271,  "end" : 273 }, 
        {"sofa" : 12,  "begin" : 274,  "end" : 277 }, 
        {"sofa" : 12,  "begin" : 278,  "end" : 282 }, 
        {"sofa" : 12,  "begin" : 283,  "end" : 289 }, 
        {"sofa" : 12,  "begin" : 290,  "end" : 292 }, 
        {"sofa" : 12,  "begin" : 293,  "end" : 296 }, 
        {"sofa" : 12,  "begin" : 297,  "end" : 305 }, 
        {"sofa" : 12,  "begin" : 305,  "end" : 306 }, 
        {"sofa" : 12,  "begin" : 307,  "end" : 313 }, 
        {"sofa" : 12,  "begin" : 314,  "end" : 317 }, 
        {"sofa" : 12,  "begin" : 318,  "end" : 323 }, 
        {"sofa" : 12,  "begin" : 324,  "end" : 327 }, 
        {"sofa" : 12,  "begin" : 328,  "end" : 331 }, 
        {"sofa" : 12,  "begin" : 332,  "end" : 341 }, 
        {"sofa" : 12,  "begin" : 341,  "end" : 342 }, 
        {"sofa" : 12,  "begin" : 343,  "end" : 346 }, 
        {"sofa" : 12,  "begin" : 346,  "end" : 347 }, 
        {"sofa" : 12,  "begin" : 348,  "end" : 354 }, 
        {"sofa" : 12,  "begin" : 355,  "end" : 358 }, 
        {"sofa" : 12,  "begin" : 359,  "end" : 362 }, 
        {"sofa" : 12,  "begin" : 363,  "end" : 373 }, 
        {"sofa" : 12,  "begin" : 373,  "end" : 374 }, 
        {"sofa" : 12,  "begin" : 375,  "end" : 379 }, 
        {"sofa" : 12,  "begin" : 379,  "end" : 380 }, 
        {"sofa" : 12,  "begin" : 381,  "end" : 384 }, 
        {"sofa" : 12,  "begin" : 385,  "end" : 387 }, 
        {"sofa" : 12,  "begin" : 387,  "end" : 388 }, 
        {"sofa" : 12,  "begin" : 389,  "end" : 392 }, 
        {"sofa" : 12,  "begin" : 393,  "end" : 401 }, 
        {"sofa" : 12,  "begin" : 402,  "end" : 404 }, 
        {"sofa" : 12,  "begin" : 405,  "end" : 408 }, 
        {"sofa" : 12,  "begin" : 409,  "end" : 414 }, 
        {"sofa" : 12,  "begin" : 415,  "end" : 418 }, 
        {"sofa" : 12,  "begin" : 419,  "end" : 428 }, 
        {"sofa" : 12,  "begin" : 429,  "end" : 431 }, 
        {"sofa" : 12,  "begin" : 432,  "end" : 436 }, 
        {"sofa" : 12,  "begin" : 437,  "end" : 438 }, 
        {"sofa" : 12,  "begin" : 438,  "end" : 439 }, 
        {"sofa" : 12,  "begin" : 440,  "end" : 441 }, 
        {"sofa" : 12,  "begin" : 441,  "end" : 442 }, 
        {"sofa" : 12,  "begin" : 442,  "end" : 446 }, 
        {"sofa" : 12,  "begin" : 447,  "end" : 449 }, 
        {"sofa" : 12,  "begin" : 450,  "end" : 451 }, 
        {"sofa" : 12,  "begin" : 452,  "end" : 460 }, 
        {"sofa" : 12,  "begin" : 461,  "end" : 467 }, 
        {"sofa" : 12,  "begin" : 468,  "end" : 475 }, 
        {"sofa" : 12,  "begin" : 476,  "end" : 477 }, 
        {"sofa" : 12,  "begin" : 478,  "end" : 484 }, 
        {"sofa" : 12,  "begin" : 484,  "end" : 485 }, 
        {"sofa" : 12,  "begin" : 486,  "end" : 490 }, 
        {"sofa" : 12,  "begin" : 491,  "end" : 496 }, 
        {"sofa" : 12,  "begin" : 497,  "end" : 504 }, 
        {"sofa" : 12,  "begin" : 505,  "end" : 507 }, 
        {"sofa" : 12,  "begin" : 508,  "end" : 510 }, 
        {"sofa" : 12,  "begin" : 511,  "end" : 514 }, 
        {"sofa" : 12,  "begin" : 515,  "end" : 521 }, 
        {"sofa" : 12,  "begin" : 522,  "end" : 527 }, 
        {"sofa" : 12,  "begin" : 528,  "end" : 537 }, 
        {"sofa" : 12,  "begin" : 538,  "end" : 541 }, 
        {"sofa" : 12,  "begin" : 541,  "end" : 542 }, 
        {"sofa" : 12,  "begin" : 543,  "end" : 547 }, 
        {"sofa" : 12,  "begin" : 547,  "end" : 548 }, 
        {"sofa" : 12,  "begin" : 549,  "end" : 551 }, 
        {"sofa" : 12,  "begin" : 552,  "end" : 559 }, 
        {"sofa" : 12,  "begin" : 560,  "end" : 562 }, 
        {"sofa" : 12,  "begin" : 563,  "end" : 567 }, 
        {"sofa" : 12,  "begin" : 567,  "end" : 568 }, 
        {"sofa" : 12,  "begin" : 569,  "end" : 573 }, 
        {"sofa" : 12,  "begin" : 574,  "end" : 578 }, 
        {"sofa" : 12,  "begin" : 579,  "end" : 586 }, 
        {"sofa" : 12,  "begin" : 587,  "end" : 588 }, 
        {"sofa" : 12,  "begin" : 588,  "end" : 589 }, 
        {"sofa" : 12,  "begin" : 589,  "end" : 590 }, 
        {"sofa" : 12,  "begin" : 590,  "end" : 591 }, 
        {"sofa" : 12,  "begin" : 591,  "end" : 592 }, 
        {"sofa" : 12,  "begin" : 593,  "end" : 596 }, 
        {"sofa" : 12,  "begin" : 597,  "end" : 606 }, 
        {"sofa" : 12,  "begin" : 607,  "end" : 609 }, 
        {"sofa" : 12,  "begin" : 610,  "end" : 611 }, 
        {"sofa" : 12,  "begin" : 612,  "end" : 622 }, 
        {"sofa" : 12,  "begin" : 623,  "end" : 626 }, 
        {"sofa" : 12,  "begin" : 627,  "end" : 631 }, 
        {"sofa" : 12,  "begin" : 632,  "end" : 635 }, 
        {"sofa" : 12,  "begin" : 636,  "end" : 640 }, 
        {"sofa" : 12,  "begin" : 641,  "end" : 642 }, 
        {"sofa" : 12,  "begin" : 643,  "end" : 647 }, 
        {"sofa" : 12,  "begin" : 648,  "end" : 650 }, 
        {"sofa" : 12,  "begin" : 651,  "end" : 654 }, 
        {"sofa" : 12,  "begin" : 655,  "end" : 665 }, 
        {"sofa" : 12,  "begin" : 666,  "end" : 670 }, 
        {"sofa" : 12,  "begin" : 671,  "end" : 673 }, 
        {"sofa" : 12,  "begin" : 674,  "end" : 684 }, 
        {"sofa" : 12,  "begin" : 684,  "end" : 685 }, 
        {"sofa" : 12,  "begin" : 686,  "end" : 688 }, 
        {"sofa" : 12,  "begin" : 689,  "end" : 692 }, 
        {"sofa" : 12,  "begin" : 693,  "end" : 695 }, 
        {"sofa" : 12,  "begin" : 696,  "end" : 705 }, 
        {"sofa" : 12,  "begin" : 706,  "end" : 712 }, 
        {"sofa" : 12,  "begin" : 713,  "end" : 716 }, 
        {"sofa" : 12,  "begin" : 717,  "end" : 724 }, 
        {"sofa" : 12,  "begin" : 725,  "end" : 727 }, 
        {"sofa" : 12,  "begin" : 728,  "end" : 731 }, 
        {"sofa" : 12,  "begin" : 732,  "end" : 735 }, 
        {"sofa" : 12,  "begin" : 736,  "end" : 739 }, 
        {"sofa" : 12,  "begin" : 740,  "end" : 742 }, 
        {"sofa" : 12,  "begin" : 743,  "end" : 751 }, 
        {"sofa" : 12,  "begin" : 752,  "end" : 754 }, 
        {"sofa" : 12,  "begin" : 755,  "end" : 758 }, 
        {"sofa" : 12,  "begin" : 759,  "end" : 762 }, 
        {"sofa" : 12,  "begin" : 763,  "end" : 765 }, 
        {"sofa" : 12,  "begin" : 766,  "end" : 773 }, 
        {"sofa" : 12,  "begin" : 774,  "end" : 777 }, 
        {"sofa" : 12,  "begin" : 778,  "end" : 782 }, 
        {"sofa" : 12,  "begin" : 782,  "end" : 783 }, 
        {"sofa" : 12,  "begin" : 784,  "end" : 787 }, 
        {"sofa" : 12,  "begin" : 788,  "end" : 792 }, 
        {"sofa" : 12,  "begin" : 793,  "end" : 795 }, 
        {"sofa" : 12,  "begin" : 796,  "end" : 803 }, 
        {"sofa" : 12,  "begin" : 804,  "end" : 808 }, 
        {"sofa" : 12,  "begin" : 809,  "end" : 812 }, 
        {"sofa" : 12,  "begin" : 813,  "end" : 821 }, 
        {"sofa" : 12,  "begin" : 821,  "end" : 822 }, 
        {"sofa" : 12,  "begin" : 823,  "end" : 825 }, 
        {"sofa" : 12,  "begin" : 826,  "end" : 829 }, 
        {"sofa" : 12,  "begin" : 829,  "end" : 830 }, 
        {"sofa" : 12,  "begin" : 831,  "end" : 839 }, 
        {"sofa" : 12,  "begin" : 840,  "end" : 842 }, 
        {"sofa" : 12,  "begin" : 843,  "end" : 855 }, 
        {"sofa" : 12,  "begin" : 856,  "end" : 859 }, 
        {"sofa" : 12,  "begin" : 860,  "end" : 864 }, 
        {"sofa" : 12,  "begin" : 865,  "end" : 867 }, 
        {"sofa" : 12,  "begin" : 868,  "end" : 871 }, 
        {"sofa" : 12,  "begin" : 872,  "end" : 877 }, 
        {"sofa" : 12,  "begin" : 877,  "end" : 878 }, 
        {"sofa" : 12,  "begin" : 879,  "end" : 887 }, 
        {"sofa" : 12,  "begin" : 888,  "end" : 890 }, 
        {"sofa" : 12,  "begin" : 891,  "end" : 901 }, 
        {"sofa" : 12,  "begin" : 901,  "end" : 902 }, 
        {"sofa" : 12,  "begin" : 903,  "end" : 910 }, 
        {"sofa" : 12,  "begin" : 911,  "end" : 912 }, 
        {"sofa" : 12,  "begin" : 912,  "end" : 913 }, 
        {"sofa" : 12,  "begin" : 913,  "end" : 914 }, 
        {"sofa" : 12,  "begin" : 914,  "end" : 915 }, 
        {"sofa" : 12,  "begin" : 916,  "end" : 918 }, 
        {"sofa" : 12,  "begin" : 919,  "end" : 922 }, 
        {"sofa" : 12,  "begin" : 923,  "end" : 926 }, 
        {"sofa" : 12,  "begin" : 927,  "end" : 929 }, 
        {"sofa" : 12,  "begin" : 930,  "end" : 937 }, 
        {"sofa" : 12,  "begin" : 938,  "end" : 946 }, 
        {"sofa" : 12,  "begin" : 947,  "end" : 951 }, 
        {"sofa" : 12,  "begin" : 952,  "end" : 956 }, 
        {"sofa" : 12,  "begin" : 957,  "end" : 959 }, 
        {"sofa" : 12,  "begin" : 960,  "end" : 969 }, 
        {"sofa" : 12,  "begin" : 970,  "end" : 978 }, 
        {"sofa" : 12,  "begin" : 979,  "end" : 981 }, 
        {"sofa" : 12,  "begin" : 982,  "end" : 986 }, 
        {"sofa" : 12,  "begin" : 987,  "end" : 990 }, 
        {"sofa" : 12,  "begin" : 990,  "end" : 991 }, 
        {"sofa" : 12,  "begin" : 992,  "end" : 997 }, 
        {"sofa" : 12,  "begin" : 998,  "end" : 1002 }, 
        {"sofa" : 12,  "begin" : 1003,  "end" : 1008 }, 
        {"sofa" : 12,  "begin" : 1009,  "end" : 1015 }, 
        {"sofa" : 12,  "begin" : 1016,  "end" : 1022 }, 
        {"sofa" : 12,  "begin" : 1023,  "end" : 1025 }, 
        {"sofa" : 12,  "begin" : 1026,  "end" : 1027 }, 
        {"sofa" : 12,  "begin" : 1028,  "end" : 1033 }, 
        {"sofa" : 12,  "begin" : 1034,  "end" : 1037 }, 
        {"sofa" : 12,  "begin" : 1037,  "end" : 1038 }, 
        {"sofa" : 12,  "begin" : 1039,  "end" : 1050 }, 
        {"sofa" : 12,  "begin" : 1051,  "end" : 1052 }, 
        {"sofa" : 12,  "begin" : 1052,  "end" : 1053 }, 
        {"sofa" : 12,  "begin" : 1053,  "end" : 1054 }, 
        {"sofa" : 12,  "begin" : 1054,  "end" : 1055 }, 
        {"sofa" : 12,  "begin" : 1055,  "end" : 1056 }, 
        {"sofa" : 12,  "begin" : 1056,  "end" : 1057 }, 
        {"sofa" : 12,  "begin" : 1058,  "end" : 1064 }, 
        {"sofa" : 12,  "begin" : 1065,  "end" : 1069 }, 
        {"sofa" : 12,  "begin" : 1069,  "end" : 1070 }, 
        {"sofa" : 12,  "begin" : 1070,  "end" : 1071 }, 
        {"sofa" : 12,  "begin" : 1072,  "end" : 1075 }, 
        {"sofa" : 12,  "begin" : 1076,  "end" : 1082 }, 
        {"sofa" : 12,  "begin" : 1083,  "end" : 1085 }, 
        {"sofa" : 12,  "begin" : 1086,  "end" : 1087 }, 
        {"sofa" : 12,  "begin" : 1088,  "end" : 1093 }, 
        {"sofa" : 12,  "begin" : 1094,  "end" : 1097 }, 
        {"sofa" : 12,  "begin" : 1098,  "end" : 1103 }, 
        {"sofa" : 12,  "begin" : 1104,  "end" : 1108 }, 
        {"sofa" : 12,  "begin" : 1109,  "end" : 1113 }, 
        {"sofa" : 12,  "begin" : 1114,  "end" : 1117 }, 
        {"sofa" : 12,  "begin" : 1118,  "end" : 1123 }, 
        {"sofa" : 12,  "begin" : 1124,  "end" : 1126 }, 
        {"sofa" : 12,  "begin" : 1127,  "end" : 1135 }, 
        {"sofa" : 12,  "begin" : 1136,  "end" : 1138 }, 
        {"sofa" : 12,  "begin" : 1139,  "end" : 1140 }, 
        {"sofa" : 12,  "begin" : 1141,  "end" : 1145 }, 
        {"sofa" : 12,  "begin" : 1146,  "end" : 1149 }, 
        {"sofa" : 12,  "begin" : 1150,  "end" : 1155 }, 
        {"sofa" : 12,  "begin" : 1156,  "end" : 1158 }, 
        {"sofa" : 12,  "begin" : 1159,  "end" : 1168 }, 
        {"sofa" : 12,  "begin" : 1169,  "end" : 1171 }, 
        {"sofa" : 12,  "begin" : 1172,  "end" : 1175 }, 
        {"sofa" : 12,  "begin" : 1176,  "end" : 1186 }, 
        {"sofa" : 12,  "begin" : 1187,  "end" : 1196 }, 
        {"sofa" : 12,  "begin" : 1197,  "end" : 1203 }, 
        {"sofa" : 12,  "begin" : 1204,  "end" : 1207 }, 
        {"sofa" : 12,  "begin" : 1207,  "end" : 1208 }, 
        {"sofa" : 12,  "begin" : 1209,  "end" : 1212 }, 
        {"sofa" : 12,  "begin" : 1213,  "end" : 1222 }, 
        {"sofa" : 12,  "begin" : 1223,  "end" : 1227 }, 
        {"sofa" : 12,  "begin" : 1228,  "end" : 1231 }, 
        {"sofa" : 12,  "begin" : 1232,  "end" : 1241 }, 
        {"sofa" : 12,  "begin" : 1242,  "end" : 1248 }, 
        {"sofa" : 12,  "begin" : 1248,  "end" : 1249 }, 
        {"sofa" : 12,  "begin" : 1250,  "end" : 1252 }, 
        {"sofa" : 12,  "begin" : 1253,  "end" : 1260 }, 
        {"sofa" : 12,  "begin" : 1261,  "end" : 1263 }, 
        {"sofa" : 12,  "begin" : 1264,  "end" : 1269 }, 
        {"sofa" : 12,  "begin" : 1270,  "end" : 1273 }, 
        {"sofa" : 12,  "begin" : 1274,  "end" : 1286 }, 
        {"sofa" : 12,  "begin" : 1287,  "end" : 1294 }, 
        {"sofa" : 12,  "begin" : 1295,  "end" : 1297 }, 
        {"sofa" : 12,  "begin" : 1298,  "end" : 1305 }, 
        {"sofa" : 12,  "begin" : 1306,  "end" : 1309 }, 
        {"sofa" : 12,  "begin" : 1310,  "end" : 1313 }, 
        {"sofa" : 12,  "begin" : 1314,  "end" : 1324 }, 
        {"sofa" : 12,  "begin" : 1325,  "end" : 1332 }, 
        {"sofa" : 12,  "begin" : 1333,  "end" : 1335 }, 
        {"sofa" : 12,  "begin" : 1336,  "end" : 1345 }, 
        {"sofa" : 12,  "begin" : 1346,  "end" : 1349 }, 
        {"sofa" : 12,  "begin" : 1350,  "end" : 1354 }, 
        {"sofa" : 12,  "begin" : 1355,  "end" : 1358 }, 
        {"sofa" : 12,  "begin" : 1359,  "end" : 1368 }, 
        {"sofa" : 12,  "begin" : 1369,  "end" : 1379 }, 
        {"sofa" : 12,  "begin" : 1380,  "end" : 1382 }, 
        {"sofa" : 12,  "begin" : 1383,  "end" : 1386 }, 
        {"sofa" : 12,  "begin" : 1387,  "end" : 1397 }, 
        {"sofa" : 12,  "begin" : 1398,  "end" : 1407 }, 
        {"sofa" : 12,  "begin" : 1408,  "end" : 1410 }, 
        {"sofa" : 12,  "begin" : 1411,  "end" : 1415 }, 
        {"sofa" : 12,  "begin" : 1416,  "end" : 1422 }, 
        {"sofa" : 12,  "begin" : 1422,  "end" : 1423 }, 
        {"sofa" : 12,  "begin" : 1424,  "end" : 1426 }, 
        {"sofa" : 12,  "begin" : 1427,  "end" : 1433 }, 
        {"sofa" : 12,  "begin" : 1433,  "end" : 1434 }, 
        {"sofa" : 12,  "begin" : 1435,  "end" : 1438 }, 
        {"sofa" : 12,  "begin" : 1439,  "end" : 1443 }, 
        {"sofa" : 12,  "begin" : 1444,  "end" : 1446 }, 
        {"sofa" : 12,  "begin" : 1447,  "end" : 1450 }, 
        {"sofa" : 12,  "begin" : 1450,  "end" : 1451 }, 
        {"sofa" : 12,  "begin" : 1452,  "end" : 1456 }, 
        {"sofa" : 12,  "begin" : 1456,  "end" : 1457 }, 
        {"sofa" : 12,  "begin" : 1458,  "end" : 1461 }, 
        {"sofa" : 12,  "begin" : 1462,  "end" : 1472 }, 
        {"sofa" : 12,  "begin" : 1473,  "end" : 1476 }, 
        {"sofa" : 12,  "begin" : 1477,  "end" : 1481 }, 
        {"sofa" : 12,  "begin" : 1482,  "end" : 1483 }, 
        {"sofa" : 12,  "begin" : 1484,  "end" : 1487 }, 
        {"sofa" : 12,  "begin" : 1488,  "end" : 1490 }, 
        {"sofa" : 12,  "begin" : 1491,  "end" : 1495 }, 
        {"sofa" : 12,  "begin" : 1496,  "end" : 1502 }, 
        {"sofa" : 12,  "begin" : 1503,  "end" : 1505 }, 
        {"sofa" : 12,  "begin" : 1506,  "end" : 1507 }, 
        {"sofa" : 12,  "begin" : 1508,  "end" : 1516 }, 
        {"sofa" : 12,  "begin" : 1517,  "end" : 1521 }, 
        {"sofa" : 12,  "begin" : 1522,  "end" : 1525 }, 
        {"sofa" : 12,  "begin" : 1526,  "end" : 1535 }, 
        {"sofa" : 12,  "begin" : 1535,  "end" : 1536 }, 
        {"sofa" : 12,  "begin" : 1537,  "end" : 1540 }, 
        {"sofa" : 12,  "begin" : 1540,  "end" : 1541 }, 
        {"sofa" : 12,  "begin" : 1542,  "end" : 1549 }, 
        {"sofa" : 12,  "begin" : 1550,  "end" : 1552 }, 
        {"sofa" : 12,  "begin" : 1553,  "end" : 1556 }, 
        {"sofa" : 12,  "begin" : 1557,  "end" : 1561 }, 
        {"sofa" : 12,  "begin" : 1561,  "end" : 1562 }, 
        {"sofa" : 12,  "begin" : 1563,  "end" : 1566 }, 
        {"sofa" : 12,  "begin" : 1567,  "end" : 1576 }, 
        {"sofa" : 12,  "begin" : 1577,  "end" : 1580 }, 
        {"sofa" : 12,  "begin" : 1581,  "end" : 1588 }, 
        {"sofa" : 12,  "begin" : 1589,  "end" : 1591 }, 
        {"sofa" : 12,  "begin" : 1592,  "end" : 1598 }, 
        {"sofa" : 12,  "begin" : 1599,  "end" : 1601 }, 
        {"sofa" : 12,  "begin" : 1602,  "end" : 1605 }, 
        {"sofa" : 12,  "begin" : 1606,  "end" : 1610 }, 
        {"sofa" : 12,  "begin" : 1611,  "end" : 1613 }, 
        {"sofa" : 12,  "begin" : 1614,  "end" : 1617 }, 
        {"sofa" : 12,  "begin" : 1618,  "end" : 1622 }, 
        {"sofa" : 12,  "begin" : 1622,  "end" : 1623 }, 
        {"sofa" : 12,  "begin" : 1624,  "end" : 1630 }, 
        {"sofa" : 12,  "begin" : 1631,  "end" : 1634 }, 
        {"sofa" : 12,  "begin" : 1635,  "end" : 1636 }, 
        {"sofa" : 12,  "begin" : 1637,  "end" : 1642 }, 
        {"sofa" : 12,  "begin" : 1643,  "end" : 1646 }, 
        {"sofa" : 12,  "begin" : 1647,  "end" : 1650 }, 
        {"sofa" : 12,  "begin" : 1651,  "end" : 1654 }, 
        {"sofa" : 12,  "begin" : 1655,  "end" : 1667 }, 
        {"sofa" : 12,  "begin" : 1668,  "end" : 1675 }, 
        {"sofa" : 12,  "begin" : 1676,  "end" : 1679 }, 
        {"sofa" : 12,  "begin" : 1680,  "end" : 1682 }, 
        {"sofa" : 12,  "begin" : 1683,  "end" : 1686 }, 
        {"sofa" : 12,  "begin" : 1687,  "end" : 1696 }, 
        {"sofa" : 12,  "begin" : 1697,  "end" : 1700 }, 
        {"sofa" : 12,  "begin" : 1701,  "end" : 1711 }, 
        {"sofa" : 12,  "begin" : 1712,  "end" : 1717 }, 
        {"sofa" : 12,  "begin" : 1718,  "end" : 1725 }, 
        {"sofa" : 12,  "begin" : 1726,  "end" : 1728 }, 
        {"sofa" : 12,  "begin" : 1729,  "end" : 1733 }, 
        {"sofa" : 12,  "begin" : 1734,  "end" : 1738 }, 
        {"sofa" : 12,  "begin" : 1739,  "end" : 1746 }, 
        {"sofa" : 12,  "begin" : 1747,  "end" : 1748 }, 
        {"sofa" : 12,  "begin" : 1748,  "end" : 1749 }, 
        {"sofa" : 12,  "begin" : 1751,  "end" : 1754 }, 
        {"sofa" : 12,  "begin" : 1755,  "end" : 1761 }, 
        {"sofa" : 12,  "begin" : 1762,  "end" : 1772 }, 
        {"sofa" : 12,  "begin" : 1773,  "end" : 1777 }, 
        {"sofa" : 12,  "begin" : 1778,  "end" : 1782 }, 
        {"sofa" : 12,  "begin" : 1783,  "end" : 1785 }, 
        {"sofa" : 12,  "begin" : 1786,  "end" : 1793 }, 
        {"sofa" : 12,  "begin" : 1794,  "end" : 1797 }, 
        {"sofa" : 12,  "begin" : 1798,  "end" : 1805 }, 
        {"sofa" : 12,  "begin" : 1806,  "end" : 1808 }, 
        {"sofa" : 12,  "begin" : 1809,  "end" : 1821 }, 
        {"sofa" : 12,  "begin" : 1822,  "end" : 1824 }, 
        {"sofa" : 12,  "begin" : 1825,  "end" : 1826 }, 
        {"sofa" : 12,  "begin" : 1827,  "end" : 1832 }, 
        {"sofa" : 12,  "begin" : 1833,  "end" : 1836 }, 
        {"sofa" : 12,  "begin" : 1837,  "end" : 1840 }, 
        {"sofa" : 12,  "begin" : 1841,  "end" : 1843 }, 
        {"sofa" : 12,  "begin" : 1844,  "end" : 1847 }, 
        {"sofa" : 12,  "begin" : 1848,  "end" : 1857 }, 
        {"sofa" : 12,  "begin" : 1858,  "end" : 1864 }, 
        {"sofa" : 12,  "begin" : 1865,  "end" : 1867 }, 
        {"sofa" : 12,  "begin" : 1868,  "end" : 1869 }, 
        {"sofa" : 12,  "begin" : 1870,  "end" : 1875 }, 
        {"sofa" : 12,  "begin" : 1876,  "end" : 1879 }, 
        {"sofa" : 12,  "begin" : 1880,  "end" : 1883 }, 
        {"sofa" : 12,  "begin" : 1884,  "end" : 1893 }, 
        {"sofa" : 12,  "begin" : 1894,  "end" : 1897 }, 
        {"sofa" : 12,  "begin" : 1898,  "end" : 1907 }, 
        {"sofa" : 12,  "begin" : 1908,  "end" : 1911 }, 
        {"sofa" : 12,  "begin" : 1912,  "end" : 1922 }, 
        {"sofa" : 12,  "begin" : 1923,  "end" : 1925 }, 
        {"sofa" : 12,  "begin" : 1926,  "end" : 1933 }, 
        {"sofa" : 12,  "begin" : 1934,  "end" : 1935 }, 
        {"sofa" : 12,  "begin" : 1935,  "end" : 1936 }, 
        {"sofa" : 12,  "begin" : 1936,  "end" : 1937 }, 
        {"sofa" : 12,  "begin" : 1937,  "end" : 1938 }, 
        {"sofa" : 12,  "begin" : 1939,  "end" : 1941 }, 
        {"sofa" : 12,  "begin" : 1942,  "end" : 1945 }, 
        {"sofa" : 12,  "begin" : 1946,  "end" : 1949 }, 
        {"sofa" : 12,  "begin" : 1949,  "end" : 1950 }, 
        {"sofa" : 12,  "begin" : 1951,  "end" : 1953 }, 
        {"sofa" : 12,  "begin" : 1954,  "end" : 1965 }, 
        {"sofa" : 12,  "begin" : 1966,  "end" : 1975 }, 
        {"sofa" : 12,  "begin" : 1976,  "end" : 1979 }, 
        {"sofa" : 12,  "begin" : 1980,  "end" : 1983 }, 
        {"sofa" : 12,  "begin" : 1984,  "end" : 1991 }, 
        {"sofa" : 12,  "begin" : 1992,  "end" : 1993 }, 
        {"sofa" : 12,  "begin" : 1994,  "end" : 1998 }, 
        {"sofa" : 12,  "begin" : 1999,  "end" : 2001 }, 
        {"sofa" : 12,  "begin" : 2002,  "end" : 2004 }, 
        {"sofa" : 12,  "begin" : 2004,  "end" : 2005 }, 
        {"sofa" : 12,  "begin" : 2006,  "end" : 2008 }, 
        {"sofa" : 12,  "begin" : 2008,  "end" : 2009 }, 
        {"sofa" : 12,  "begin" : 2010,  "end" : 2011 }, 
        {"sofa" : 12,  "begin" : 2012,  "end" : 2020 }, 
        {"sofa" : 12,  "begin" : 2021,  "end" : 2032 }, 
        {"sofa" : 12,  "begin" : 2033,  "end" : 2035 }, 
        {"sofa" : 12,  "begin" : 2036,  "end" : 2039 }, 
        {"sofa" : 12,  "begin" : 2040,  "end" : 2044 }, 
        {"sofa" : 12,  "begin" : 2045,  "end" : 2050 }, 
        {"sofa" : 12,  "begin" : 2051,  "end" : 2057 }, 
        {"sofa" : 12,  "begin" : 2057,  "end" : 2058 }, 
        {"sofa" : 12,  "begin" : 2059,  "end" : 2062 }, 
        {"sofa" : 12,  "begin" : 2063,  "end" : 2067 }, 
        {"sofa" : 12,  "begin" : 2068,  "end" : 2073 }, 
        {"sofa" : 12,  "begin" : 2074,  "end" : 2078 }, 
        {"sofa" : 12,  "begin" : 2079,  "end" : 2083 }, 
        {"sofa" : 12,  "begin" : 2084,  "end" : 2086 }, 
        {"sofa" : 12,  "begin" : 2087,  "end" : 2090 }, 
        {"sofa" : 12,  "begin" : 2091,  "end" : 2100 }, 
        {"sofa" : 12,  "begin" : 2101,  "end" : 2104 }, 
        {"sofa" : 12,  "begin" : 2105,  "end" : 2111 }, 
        {"sofa" : 12,  "begin" : 2112,  "end" : 2114 }, 
        {"sofa" : 12,  "begin" : 2115,  "end" : 2119 }, 
        {"sofa" : 12,  "begin" : 2120,  "end" : 2123 }, 
        {"sofa" : 12,  "begin" : 2124,  "end" : 2128 }, 
        {"sofa" : 12,  "begin" : 2129,  "end" : 2135 }, 
        {"sofa" : 12,  "begin" : 2136,  "end" : 2139 }, 
        {"sofa" : 12,  "begin" : 2140,  "end" : 2143 }, 
        {"sofa" : 12,  "begin" : 2144,  "end" : 2146 }, 
        {"sofa" : 12,  "begin" : 2147,  "end" : 2150 }, 
        {"sofa" : 12,  "begin" : 2151,  "end" : 2155 }, 
        {"sofa" : 12,  "begin" : 2155,  "end" : 2156 }, 
        {"sofa" : 12,  "begin" : 2157,  "end" : 2160 }, 
        {"sofa" : 12,  "begin" : 2161,  "end" : 2171 }, 
        {"sofa" : 12,  "begin" : 2172,  "end" : 2175 }, 
        {"sofa" : 12,  "begin" : 2176,  "end" : 2182 }, 
        {"sofa" : 12,  "begin" : 2182,  "end" : 2183 }, 
        {"sofa" : 12,  "begin" : 2184,  "end" : 2185 }, 
        {"sofa" : 12,  "begin" : 2186,  "end" : 2197 }, 
        {"sofa" : 12,  "begin" : 2198,  "end" : 2201 }, 
        {"sofa" : 12,  "begin" : 2202,  "end" : 2207 }, 
        {"sofa" : 12,  "begin" : 2208,  "end" : 2210 }, 
        {"sofa" : 12,  "begin" : 2211,  "end" : 2217 }, 
        {"sofa" : 12,  "begin" : 2218,  "end" : 2220 }, 
        {"sofa" : 12,  "begin" : 2221,  "end" : 2225 }, 
        {"sofa" : 12,  "begin" : 2226,  "end" : 2231 }, 
        {"sofa" : 12,  "begin" : 2231,  "end" : 2232 }, 
        {"sofa" : 12,  "begin" : 2233,  "end" : 2235 }, 
        {"sofa" : 12,  "begin" : 2236,  "end" : 2239 }, 
        {"sofa" : 12,  "begin" : 2240,  "end" : 2246 }, 
        {"sofa" : 12,  "begin" : 2247,  "end" : 2251 }, 
        {"sofa" : 12,  "begin" : 2252,  "end" : 2253 }, 
        {"sofa" : 12,  "begin" : 2254,  "end" : 2265 }, 
        {"sofa" : 12,  "begin" : 2266,  "end" : 2274 }, 
        {"sofa" : 12,  "begin" : 2275,  "end" : 2277 }, 
        {"sofa" : 12,  "begin" : 2278,  "end" : 2281 }, 
        {"sofa" : 12,  "begin" : 2282,  "end" : 2290 }, 
        {"sofa" : 12,  "begin" : 2291,  "end" : 2293 }, 
        {"sofa" : 12,  "begin" : 2294,  "end" : 2297 }, 
        {"sofa" : 12,  "begin" : 2298,  "end" : 2304 }, 
        {"sofa" : 12,  "begin" : 2304,  "end" : 2305 }, 
        {"sofa" : 12,  "begin" : 2306,  "end" : 2310 }, 
        {"sofa" : 12,  "begin" : 2311,  "end" : 2313 }, 
        {"sofa" : 12,  "begin" : 2314,  "end" : 2319 }, 
        {"sofa" : 12,  "begin" : 2320,  "end" : 2323 }, 
        {"sofa" : 12,  "begin" : 2323,  "end" : 2324 }, 
        {"sofa" : 12,  "begin" : 2325,  "end" : 2329 }, 
        {"sofa" : 12,  "begin" : 2329,  "end" : 2330 }, 
        {"sofa" : 12,  "begin" : 2331,  "end" : 2334 }, 
        {"sofa" : 12,  "begin" : 2335,  "end" : 2343 }, 
        {"sofa" : 12,  "begin" : 2343,  "end" : 2344 }, 
        {"sofa" : 12,  "begin" : 2345,  "end" : 2348 }, 
        {"sofa" : 12,  "begin" : 2349,  "end" : 2356 }, 
        {"sofa" : 12,  "begin" : 2357,  "end" : 2360 }, 
        {"sofa" : 12,  "begin" : 2361,  "end" : 2365 }, 
        {"sofa" : 12,  "begin" : 2366,  "end" : 2368 }, 
        {"sofa" : 12,  "begin" : 2369,  "end" : 2372 }, 
        {"sofa" : 12,  "begin" : 2373,  "end" : 2375 }, 
        {"sofa" : 12,  "begin" : 2376,  "end" : 2380 }, 
        {"sofa" : 12,  "begin" : 2381,  "end" : 2383 }, 
        {"sofa" : 12,  "begin" : 2384,  "end" : 2386 }, 
        {"sofa" : 12,  "begin" : 2387,  "end" : 2393 }, 
        {"sofa" : 12,  "begin" : 2394,  "end" : 2396 }, 
        {"sofa" : 12,  "begin" : 2397,  "end" : 2400 }, 
        {"sofa" : 12,  "begin" : 2401,  "end" : 2407 }, 
        {"sofa" : 12,  "begin" : 2407,  "end" : 2408 }, 
        {"sofa" : 12,  "begin" : 2409,  "end" : 2412 }, 
        {"sofa" : 12,  "begin" : 2413,  "end" : 2420 }, 
        {"sofa" : 12,  "begin" : 2421,  "end" : 2428 }, 
        {"sofa" : 12,  "begin" : 2429,  "end" : 2432 }, 
        {"sofa" : 12,  "begin" : 2433,  "end" : 2436 }, 
        {"sofa" : 12,  "begin" : 2437,  "end" : 2446 }, 
        {"sofa" : 12,  "begin" : 2447,  "end" : 2456 }, 
        {"sofa" : 12,  "begin" : 2457,  "end" : 2461 }, 
        {"sofa" : 12,  "begin" : 2462,  "end" : 2469 }, 
        {"sofa" : 12,  "begin" : 2470,  "end" : 2471 }, 
        {"sofa" : 12,  "begin" : 2472,  "end" : 2474 }, 
        {"sofa" : 12,  "begin" : 2475,  "end" : 2478 }, 
        {"sofa" : 12,  "begin" : 2479,  "end" : 2482 }, 
        {"sofa" : 12,  "begin" : 2483,  "end" : 2485 }, 
        {"sofa" : 12,  "begin" : 2486,  "end" : 2491 }, 
        {"sofa" : 12,  "begin" : 2492,  "end" : 2497 }, 
        {"sofa" : 12,  "begin" : 2498,  "end" : 2500 }, 
        {"sofa" : 12,  "begin" : 2501,  "end" : 2505 }, 
        {"sofa" : 12,  "begin" : 2506,  "end" : 2508 }, 
        {"sofa" : 12,  "begin" : 2509,  "end" : 2513 }, 
        {"sofa" : 12,  "begin" : 2514,  "end" : 2517 }, 
        {"sofa" : 12,  "begin" : 2518,  "end" : 2522 }, 
        {"sofa" : 12,  "begin" : 2523,  "end" : 2528 }, 
        {"sofa" : 12,  "begin" : 2529,  "end" : 2532 }, 
        {"sofa" : 12,  "begin" : 2533,  "end" : 2535 }, 
        {"sofa" : 12,  "begin" : 2536,  "end" : 2539 }, 
        {"sofa" : 12,  "begin" : 2540,  "end" : 2545 }, 
        {"sofa" : 12,  "begin" : 2546,  "end" : 2548 }, 
        {"sofa" : 12,  "begin" : 2549,  "end" : 2555 }, 
        {"sofa" : 12,  "begin" : 2556,  "end" : 2559 }, 
        {"sofa" : 12,  "begin" : 2560,  "end" : 2570 }, 
        {"sofa" : 12,  "begin" : 2571,  "end" : 2573 }, 
        {"sofa" : 12,  "begin" : 2574,  "end" : 2577 }, 
        {"sofa" : 12,  "begin" : 2578,  "end" : 2588 }, 
        {"sofa" : 12,  "begin" : 2589,  "end" : 2600 }, 
        {"sofa" : 12,  "begin" : 2601,  "end" : 2606 }, 
        {"sofa" : 12,  "begin" : 2607,  "end" : 2609 }, 
        {"sofa" : 12,  "begin" : 2610,  "end" : 2613 }, 
        {"sofa" : 12,  "begin" : 2614,  "end" : 2624 }, 
        {"sofa" : 12,  "begin" : 2625,  "end" : 2627 }, 
        {"sofa" : 12,  "begin" : 2628,  "end" : 2633 }, 
        {"sofa" : 12,  "begin" : 2634,  "end" : 2637 }, 
        {"sofa" : 12,  "begin" : 2637,  "end" : 2638 }, 
        {"sofa" : 12,  "begin" : 2639,  "end" : 2643 }, 
        {"sofa" : 12,  "begin" : 2643,  "end" : 2644 }, 
        {"sofa" : 12,  "begin" : 2645,  "end" : 2647 }, 
        {"sofa" : 12,  "begin" : 2648,  "end" : 2651 }, 
        {"sofa" : 12,  "begin" : 2652,  "end" : 2659 }, 
        {"sofa" : 12,  "begin" : 2659,  "end" : 2660 }, 
        {"sofa" : 12,  "begin" : 2661,  "end" : 2664 }, 
        {"sofa" : 12,  "begin" : 2665,  "end" : 2671 }, 
        {"sofa" : 12,  "begin" : 2672,  "end" : 2675 }, 
        {"sofa" : 12,  "begin" : 2676,  "end" : 2680 }, 
        {"sofa" : 12,  "begin" : 2681,  "end" : 2687 }, 
        {"sofa" : 12,  "begin" : 2688,  "end" : 2693 }, 
        {"sofa" : 12,  "begin" : 2694,  "end" : 2698 }, 
        {"sofa" : 12,  "begin" : 2699,  "end" : 2701 }, 
        {"sofa" : 12,  "begin" : 2701,  "end" : 2702 }, 
        {"sofa" : 12,  "begin" : 2703,  "end" : 2705 }, 
        {"sofa" : 12,  "begin" : 2706,  "end" : 2708 }, 
        {"sofa" : 12,  "begin" : 2709,  "end" : 2713 }, 
        {"sofa" : 12,  "begin" : 2714,  "end" : 2716 }, 
        {"sofa" : 12,  "begin" : 2717,  "end" : 2719 }, 
        {"sofa" : 12,  "begin" : 2720,  "end" : 2724 }, 
        {"sofa" : 12,  "begin" : 2725,  "end" : 2727 }, 
        {"sofa" : 12,  "begin" : 2727,  "end" : 2728 }, 
        {"sofa" : 12,  "begin" : 2729,  "end" : 2731 }, 
        {"sofa" : 12,  "begin" : 2732,  "end" : 2734 }, 
        {"sofa" : 12,  "begin" : 2735,  "end" : 2739 }, 
        {"sofa" : 12,  "begin" : 2740,  "end" : 2743 }, 
        {"sofa" : 12,  "begin" : 2743,  "end" : 2744 }, 
        {"sofa" : 12,  "begin" : 2745,  "end" : 2749 }, 
        {"sofa" : 12,  "begin" : 2750,  "end" : 2752 }, 
        {"sofa" : 12,  "begin" : 2752,  "end" : 2753 }, 
        {"sofa" : 12,  "begin" : 2754,  "end" : 2756 }, 
        {"sofa" : 12,  "begin" : 2757,  "end" : 2759 }, 
        {"sofa" : 12,  "begin" : 2760,  "end" : 2764 }, 
        {"sofa" : 12,  "begin" : 2765,  "end" : 2767 }, 
        {"sofa" : 12,  "begin" : 2768,  "end" : 2774 }, 
        {"sofa" : 12,  "begin" : 2775,  "end" : 2780 }, 
        {"sofa" : 12,  "begin" : 2781,  "end" : 2784 }, 
        {"sofa" : 12,  "begin" : 2785,  "end" : 2793 }, 
        {"sofa" : 12,  "begin" : 2794,  "end" : 2800 }, 
        {"sofa" : 12,  "begin" : 2801,  "end" : 2804 }, 
        {"sofa" : 12,  "begin" : 2805,  "end" : 2813 }, 
        {"sofa" : 12,  "begin" : 2813,  "end" : 2814 }, 
        {"sofa" : 12,  "begin" : 2815,  "end" : 2817 }, 
        {"sofa" : 12,  "begin" : 2818,  "end" : 2821 }, 
        {"sofa" : 12,  "begin" : 2822,  "end" : 2829 }, 
        {"sofa" : 12,  "begin" : 2829,  "end" : 2830 }, 
        {"sofa" : 12,  "begin" : 2831,  "end" : 2832 }, 
        {"sofa" : 12,  "begin" : 2833,  "end" : 2843 }, 
        {"sofa" : 12,  "begin" : 2844,  "end" : 2854 }, 
        {"sofa" : 12,  "begin" : 2855,  "end" : 2860 }, 
        {"sofa" : 12,  "begin" : 2860,  "end" : 2861 }, 
        {"sofa" : 12,  "begin" : 2862,  "end" : 2867 }, 
        {"sofa" : 12,  "begin" : 2868,  "end" : 2872 }, 
        {"sofa" : 12,  "begin" : 2873,  "end" : 2878 }, 
        {"sofa" : 12,  "begin" : 2878,  "end" : 2879 }, 
        {"sofa" : 12,  "begin" : 2880,  "end" : 2888 }, 
        {"sofa" : 12,  "begin" : 2889,  "end" : 2892 }, 
        {"sofa" : 12,  "begin" : 2893,  "end" : 2898 }, 
        {"sofa" : 12,  "begin" : 2898,  "end" : 2899 }, 
        {"sofa" : 12,  "begin" : 2900,  "end" : 2905 }, 
        {"sofa" : 12,  "begin" : 2905,  "end" : 2906 }, 
        {"sofa" : 12,  "begin" : 2907,  "end" : 2911 }, 
        {"sofa" : 12,  "begin" : 2912,  "end" : 2915 }, 
        {"sofa" : 12,  "begin" : 2916,  "end" : 2922 }, 
        {"sofa" : 12,  "begin" : 2923,  "end" : 2925 }, 
        {"sofa" : 12,  "begin" : 2926,  "end" : 2930 }, 
        {"sofa" : 12,  "begin" : 2931,  "end" : 2933 }, 
        {"sofa" : 12,  "begin" : 2934,  "end" : 2937 }, 
        {"sofa" : 12,  "begin" : 2938,  "end" : 2948 }, 
        {"sofa" : 12,  "begin" : 2949,  "end" : 2958 }, 
        {"sofa" : 12,  "begin" : 2959,  "end" : 2961 }, 
        {"sofa" : 12,  "begin" : 2962,  "end" : 2973 }, 
        {"sofa" : 12,  "begin" : 2973,  "end" : 2974 }, 
        {"sofa" : 12,  "begin" : 2975,  "end" : 2977 }, 
        {"sofa" : 12,  "begin" : 2978,  "end" : 2983 }, 
        {"sofa" : 12,  "begin" : 2983,  "end" : 2984 }, 
        {"sofa" : 12,  "begin" : 2985,  "end" : 2988 }, 
        {"sofa" : 12,  "begin" : 2989,  "end" : 2996 }, 
        {"sofa" : 12,  "begin" : 2996,  "end" : 2997 }, 
        {"sofa" : 12,  "begin" : 2998,  "end" : 3003 }, 
        {"sofa" : 12,  "begin" : 3004,  "end" : 3008 }, 
        {"sofa" : 12,  "begin" : 3009,  "end" : 3012 }, 
        {"sofa" : 12,  "begin" : 3013,  "end" : 3017 }, 
        {"sofa" : 12,  "begin" : 3018,  "end" : 3020 }, 
        {"sofa" : 12,  "begin" : 3021,  "end" : 3031 }, 
        {"sofa" : 12,  "begin" : 3032,  "end" : 3034 }, 
        {"sofa" : 12,  "begin" : 3035,  "end" : 3040 }, 
        {"sofa" : 12,  "begin" : 3041,  "end" : 3050 }, 
        {"sofa" : 12,  "begin" : 3051,  "end" : 3061 }, 
        {"sofa" : 12,  "begin" : 3062,  "end" : 3068 }, 
        {"sofa" : 12,  "begin" : 3069,  "end" : 3073 }, 
        {"sofa" : 12,  "begin" : 3074,  "end" : 3076 }, 
        {"sofa" : 12,  "begin" : 3077,  "end" : 3079 }, 
        {"sofa" : 12,  "begin" : 3080,  "end" : 3088 }, 
        {"sofa" : 12,  "begin" : 3089,  "end" : 3094 }, 
        {"sofa" : 12,  "begin" : 3094,  "end" : 3095 }, 
        {"sofa" : 12,  "begin" : 3096,  "end" : 3098 }, 
        {"sofa" : 12,  "begin" : 3099,  "end" : 3108 }, 
        {"sofa" : 12,  "begin" : 3109,  "end" : 3114 }, 
        {"sofa" : 12,  "begin" : 3115,  "end" : 3117 }, 
        {"sofa" : 12,  "begin" : 3118,  "end" : 3120 }, 
        {"sofa" : 12,  "begin" : 3121,  "end" : 3130 }, 
        {"sofa" : 12,  "begin" : 3131,  "end" : 3135 }, 
        {"sofa" : 12,  "begin" : 3136,  "end" : 3140 }, 
        {"sofa" : 12,  "begin" : 3141,  "end" : 3146 }, 
        {"sofa" : 12,  "begin" : 3147,  "end" : 3153 }, 
        {"sofa" : 12,  "begin" : 3153,  "end" : 3154 }, 
        {"sofa" : 12,  "begin" : 3155,  "end" : 3160 }, 
        {"sofa" : 12,  "begin" : 3161,  "end" : 3164 }, 
        {"sofa" : 12,  "begin" : 3165,  "end" : 3168 }, 
        {"sofa" : 12,  "begin" : 3169,  "end" : 3176 }, 
        {"sofa" : 12,  "begin" : 3177,  "end" : 3183 }, 
        {"sofa" : 12,  "begin" : 3184,  "end" : 3186 }, 
        {"sofa" : 12,  "begin" : 3187,  "end" : 3190 }, 
        {"sofa" : 12,  "begin" : 3191,  "end" : 3197 }, 
        {"sofa" : 12,  "begin" : 3198,  "end" : 3201 }, 
        {"sofa" : 12,  "begin" : 3202,  "end" : 3207 }, 
        {"sofa" : 12,  "begin" : 3208,  "end" : 3214 }, 
        {"sofa" : 12,  "begin" : 3214,  "end" : 3215 }, 
        {"sofa" : 12,  "begin" : 3216,  "end" : 3218 }, 
        {"sofa" : 12,  "begin" : 3219,  "end" : 3228 }, 
        {"sofa" : 12,  "begin" : 3229,  "end" : 3234 }, 
        {"sofa" : 12,  "begin" : 3235,  "end" : 3237 }, 
        {"sofa" : 12,  "begin" : 3238,  "end" : 3246 }, 
        {"sofa" : 12,  "begin" : 3247,  "end" : 3250 }, 
        {"sofa" : 12,  "begin" : 3250,  "end" : 3251 }, 
        {"sofa" : 12,  "begin" : 3253,  "end" : 3257 }, 
        {"sofa" : 12,  "begin" : 3258,  "end" : 3263 }, 
        {"sofa" : 12,  "begin" : 3264,  "end" : 3270 }, 
        {"sofa" : 12,  "begin" : 3271,  "end" : 3273 }, 
        {"sofa" : 12,  "begin" : 3274,  "end" : 3276 }, 
        {"sofa" : 12,  "begin" : 3277,  "end" : 3284 }, 
        {"sofa" : 12,  "begin" : 3284,  "end" : 3285 }, 
        {"sofa" : 12,  "begin" : 3286,  "end" : 3288 }, 
        {"sofa" : 12,  "begin" : 3289,  "end" : 3292 }, 
        {"sofa" : 12,  "begin" : 3293,  "end" : 3297 }, 
        {"sofa" : 12,  "begin" : 3298,  "end" : 3301 }, 
        {"sofa" : 12,  "begin" : 3301,  "end" : 3302 }, 
        {"sofa" : 12,  "begin" : 3303,  "end" : 3305 }, 
        {"sofa" : 12,  "begin" : 3306,  "end" : 3311 }, 
        {"sofa" : 12,  "begin" : 3311,  "end" : 3312 }, 
        {"sofa" : 12,  "begin" : 3313,  "end" : 3315 }, 
        {"sofa" : 12,  "begin" : 3316,  "end" : 3318 }, 
        {"sofa" : 12,  "begin" : 3319,  "end" : 3321 }, 
        {"sofa" : 12,  "begin" : 3322,  "end" : 3329 }, 
        {"sofa" : 12,  "begin" : 3329,  "end" : 3330 }, 
        {"sofa" : 12,  "begin" : 3331,  "end" : 3334 }, 
        {"sofa" : 12,  "begin" : 3335,  "end" : 3339 }, 
        {"sofa" : 12,  "begin" : 3340,  "end" : 3345 }, 
        {"sofa" : 12,  "begin" : 3346,  "end" : 3351 }, 
        {"sofa" : 12,  "begin" : 3352,  "end" : 3354 }, 
        {"sofa" : 12,  "begin" : 3355,  "end" : 3357 }, 
        {"sofa" : 12,  "begin" : 3358,  "end" : 3363 }, 
        {"sofa" : 12,  "begin" : 3364,  "end" : 3366 }, 
        {"sofa" : 12,  "begin" : 3367,  "end" : 3368 }, 
        {"sofa" : 12,  "begin" : 3369,  "end" : 3379 }, 
        {"sofa" : 12,  "begin" : 3380,  "end" : 3383 }, 
        {"sofa" : 12,  "begin" : 3383,  "end" : 3384 }, 
        {"sofa" : 12,  "begin" : 3385,  "end" : 3388 }, 
        {"sofa" : 12,  "begin" : 3389,  "end" : 3390 }, 
        {"sofa" : 12,  "begin" : 3391,  "end" : 3397 }, 
        {"sofa" : 12,  "begin" : 3398,  "end" : 3400 }, 
        {"sofa" : 12,  "begin" : 3401,  "end" : 3402 }, 
        {"sofa" : 12,  "begin" : 3403,  "end" : 3409 }, 
        {"sofa" : 12,  "begin" : 3409,  "end" : 3410 }, 
        {"sofa" : 12,  "begin" : 3411,  "end" : 3413 }, 
        {"sofa" : 12,  "begin" : 3414,  "end" : 3416 }, 
        {"sofa" : 12,  "begin" : 3417,  "end" : 3421 }, 
        {"sofa" : 12,  "begin" : 3422,  "end" : 3424 }, 
        {"sofa" : 12,  "begin" : 3425,  "end" : 3434 }, 
        {"sofa" : 12,  "begin" : 3435,  "end" : 3444 }, 
        {"sofa" : 12,  "begin" : 3445,  "end" : 3448 }, 
        {"sofa" : 12,  "begin" : 3449,  "end" : 3451 }, 
        {"sofa" : 12,  "begin" : 3452,  "end" : 3457 }, 
        {"sofa" : 12,  "begin" : 3457,  "end" : 3458 }, 
        {"sofa" : 12,  "begin" : 3459,  "end" : 3466 }, 
        {"sofa" : 12,  "begin" : 3467,  "end" : 3469 }, 
        {"sofa" : 12,  "begin" : 3470,  "end" : 3475 }, 
        {"sofa" : 12,  "begin" : 3476,  "end" : 3480 }, 
        {"sofa" : 12,  "begin" : 3480,  "end" : 3481 }, 
        {"sofa" : 12,  "begin" : 3482,  "end" : 3484 }, 
        {"sofa" : 12,  "begin" : 3485,  "end" : 3488 }, 
        {"sofa" : 12,  "begin" : 3489,  "end" : 3495 }, 
        {"sofa" : 12,  "begin" : 3496,  "end" : 3498 }, 
        {"sofa" : 12,  "begin" : 3499,  "end" : 3507 }, 
        {"sofa" : 12,  "begin" : 3508,  "end" : 3511 }, 
        {"sofa" : 12,  "begin" : 3512,  "end" : 3520 }, 
        {"sofa" : 12,  "begin" : 3521,  "end" : 3526 }, 
        {"sofa" : 12,  "begin" : 3527,  "end" : 3529 }, 
        {"sofa" : 12,  "begin" : 3530,  "end" : 3533 }, 
        {"sofa" : 12,  "begin" : 3534,  "end" : 3542 }, 
        {"sofa" : 12,  "begin" : 3543,  "end" : 3545 }, 
        {"sofa" : 12,  "begin" : 3546,  "end" : 3550 }, 
        {"sofa" : 12,  "begin" : 3551,  "end" : 3557 }, 
        {"sofa" : 12,  "begin" : 3558,  "end" : 3563 }, 
        {"sofa" : 12,  "begin" : 3564,  "end" : 3566 }, 
        {"sofa" : 12,  "begin" : 3567,  "end" : 3571 }, 
        {"sofa" : 12,  "begin" : 3572,  "end" : 3575 }, 
        {"sofa" : 12,  "begin" : 3576,  "end" : 3578 }, 
        {"sofa" : 12,  "begin" : 3579,  "end" : 3582 }, 
        {"sofa" : 12,  "begin" : 3583,  "end" : 3590 }, 
        {"sofa" : 12,  "begin" : 3591,  "end" : 3595 }, 
        {"sofa" : 12,  "begin" : 3596,  "end" : 3598 }, 
        {"sofa" : 12,  "begin" : 3599,  "end" : 3604 }, 
        {"sofa" : 12,  "begin" : 3605,  "end" : 3607 }, 
        {"sofa" : 12,  "begin" : 3608,  "end" : 3613 }, 
        {"sofa" : 12,  "begin" : 3614,  "end" : 3618 }, 
        {"sofa" : 12,  "begin" : 3619,  "end" : 3624 }, 
        {"sofa" : 12,  "begin" : 3624,  "end" : 3625 }, 
        {"sofa" : 12,  "begin" : 3626,  "end" : 3629 }, 
        {"sofa" : 12,  "begin" : 3630,  "end" : 3636 }, 
        {"sofa" : 12,  "begin" : 3637,  "end" : 3640 }, 
        {"sofa" : 12,  "begin" : 3641,  "end" : 3645 }, 
        {"sofa" : 12,  "begin" : 3646,  "end" : 3648 }, 
        {"sofa" : 12,  "begin" : 3649,  "end" : 3656 }, 
        {"sofa" : 12,  "begin" : 3657,  "end" : 3662 }, 
        {"sofa" : 12,  "begin" : 3663,  "end" : 3667 }, 
        {"sofa" : 12,  "begin" : 3668,  "end" : 3670 }, 
        {"sofa" : 12,  "begin" : 3671,  "end" : 3673 }, 
        {"sofa" : 12,  "begin" : 3674,  "end" : 3678 }, 
        {"sofa" : 12,  "begin" : 3679,  "end" : 3682 }, 
        {"sofa" : 12,  "begin" : 3683,  "end" : 3690 }, 
        {"sofa" : 12,  "begin" : 3691,  "end" : 3693 }, 
        {"sofa" : 12,  "begin" : 3694,  "end" : 3700 }, 
        {"sofa" : 12,  "begin" : 3701,  "end" : 3711 }, 
        {"sofa" : 12,  "begin" : 3712,  "end" : 3714 }, 
        {"sofa" : 12,  "begin" : 3715,  "end" : 3721 }, 
        {"sofa" : 12,  "begin" : 3721,  "end" : 3722 }, 
        {"sofa" : 12,  "begin" : 3723,  "end" : 3726 }, 
        {"sofa" : 12,  "begin" : 3727,  "end" : 3729 }, 
        {"sofa" : 12,  "begin" : 3729,  "end" : 3730 }, 
        {"sofa" : 12,  "begin" : 3731,  "end" : 3737 }, 
        {"sofa" : 12,  "begin" : 3738,  "end" : 3745 }, 
        {"sofa" : 12,  "begin" : 3746,  "end" : 3748 }, 
        {"sofa" : 12,  "begin" : 3749,  "end" : 3750 }, 
        {"sofa" : 12,  "begin" : 3751,  "end" : 3758 }, 
        {"sofa" : 12,  "begin" : 3759,  "end" : 3762 }, 
        {"sofa" : 12,  "begin" : 3763,  "end" : 3766 }, 
        {"sofa" : 12,  "begin" : 3767,  "end" : 3774 }, 
        {"sofa" : 12,  "begin" : 3775,  "end" : 3777 }, 
        {"sofa" : 12,  "begin" : 3778,  "end" : 3781 }, 
        {"sofa" : 12,  "begin" : 3782,  "end" : 3787 }, 
        {"sofa" : 12,  "begin" : 3788,  "end" : 3790 }, 
        {"sofa" : 12,  "begin" : 3791,  "end" : 3796 }, 
        {"sofa" : 12,  "begin" : 3797,  "end" : 3801 }, 
        {"sofa" : 12,  "begin" : 3802,  "end" : 3804 }, 
        {"sofa" : 12,  "begin" : 3805,  "end" : 3807 }, 
        {"sofa" : 12,  "begin" : 3808,  "end" : 3811 }, 
        {"sofa" : 12,  "begin" : 3811,  "end" : 3812 }, 
        {"sofa" : 12,  "begin" : 3813,  "end" : 3815 }, 
        {"sofa" : 12,  "begin" : 3816,  "end" : 3821 }, 
        {"sofa" : 12,  "begin" : 3822,  "end" : 3824 }, 
        {"sofa" : 12,  "begin" : 3825,  "end" : 3830 }, 
        {"sofa" : 12,  "begin" : 3831,  "end" : 3837 }, 
        {"sofa" : 12,  "begin" : 3838,  "end" : 3840 }, 
        {"sofa" : 12,  "begin" : 3841,  "end" : 3849 }, 
        {"sofa" : 12,  "begin" : 3850,  "end" : 3852 }, 
        {"sofa" : 12,  "begin" : 3853,  "end" : 3857 }, 
        {"sofa" : 12,  "begin" : 3858,  "end" : 3860 }, 
        {"sofa" : 12,  "begin" : 3861,  "end" : 3863 }, 
        {"sofa" : 12,  "begin" : 3864,  "end" : 3869 }, 
        {"sofa" : 12,  "begin" : 3870,  "end" : 3875 }, 
        {"sofa" : 12,  "begin" : 3876,  "end" : 3879 }, 
        {"sofa" : 12,  "begin" : 3880,  "end" : 3883 }, 
        {"sofa" : 12,  "begin" : 3884,  "end" : 3886 }, 
        {"sofa" : 12,  "begin" : 3887,  "end" : 3890 }, 
        {"sofa" : 12,  "begin" : 3891,  "end" : 3897 }, 
        {"sofa" : 12,  "begin" : 3898,  "end" : 3901 }, 
        {"sofa" : 12,  "begin" : 3902,  "end" : 3907 }, 
        {"sofa" : 12,  "begin" : 3908,  "end" : 3916 }, 
        {"sofa" : 12,  "begin" : 3916,  "end" : 3917 }, 
        {"sofa" : 12,  "begin" : 3918,  "end" : 3921 }, 
        {"sofa" : 12,  "begin" : 3922,  "end" : 3925 }, 
        {"sofa" : 12,  "begin" : 3926,  "end" : 3928 }, 
        {"sofa" : 12,  "begin" : 3929,  "end" : 3934 }, 
        {"sofa" : 12,  "begin" : 3935,  "end" : 3938 }, 
        {"sofa" : 12,  "begin" : 3939,  "end" : 3946 }, 
        {"sofa" : 12,  "begin" : 3947,  "end" : 3953 }, 
        {"sofa" : 12,  "begin" : 3954,  "end" : 3956 }, 
        {"sofa" : 12,  "begin" : 3957,  "end" : 3965 }, 
        {"sofa" : 12,  "begin" : 3966,  "end" : 3968 }, 
        {"sofa" : 12,  "begin" : 3969,  "end" : 3979 }, 
        {"sofa" : 12,  "begin" : 3980,  "end" : 3983 }, 
        {"sofa" : 12,  "begin" : 3984,  "end" : 3989 }, 
        {"sofa" : 12,  "begin" : 3990,  "end" : 3992 }, 
        {"sofa" : 12,  "begin" : 3993,  "end" : 4003 }, 
        {"sofa" : 12,  "begin" : 4004,  "end" : 4006 }, 
        {"sofa" : 12,  "begin" : 4007,  "end" : 4014 }, 
        {"sofa" : 12,  "begin" : 4015,  "end" : 4018 }, 
        {"sofa" : 12,  "begin" : 4019,  "end" : 4022 }, 
        {"sofa" : 12,  "begin" : 4023,  "end" : 4031 }, 
        {"sofa" : 12,  "begin" : 4032,  "end" : 4034 }, 
        {"sofa" : 12,  "begin" : 4035,  "end" : 4038 }, 
        {"sofa" : 12,  "begin" : 4039,  "end" : 4047 }, 
        {"sofa" : 12,  "begin" : 4048,  "end" : 4050 }, 
        {"sofa" : 12,  "begin" : 4051,  "end" : 4056 }, 
        {"sofa" : 12,  "begin" : 4057,  "end" : 4059 }, 
        {"sofa" : 12,  "begin" : 4060,  "end" : 4070 }, 
        {"sofa" : 12,  "begin" : 4071,  "end" : 4080 }, 
        {"sofa" : 12,  "begin" : 4080,  "end" : 4081 }, 
        {"sofa" : 12,  "begin" : 4082,  "end" : 4087 }, 
        {"sofa" : 12,  "begin" : 4087,  "end" : 4088 }, 
        {"sofa" : 12,  "begin" : 4089,  "end" : 4098 }, 
        {"sofa" : 12,  "begin" : 4098,  "end" : 4099 }, 
        {"sofa" : 12,  "begin" : 4100,  "end" : 4102 }, 
        {"sofa" : 12,  "begin" : 4103,  "end" : 4105 }, 
        {"sofa" : 12,  "begin" : 4106,  "end" : 4109 }, 
        {"sofa" : 12,  "begin" : 4110,  "end" : 4112 }, 
        {"sofa" : 12,  "begin" : 4113,  "end" : 4120 }, 
        {"sofa" : 12,  "begin" : 4121,  "end" : 4122 }, 
        {"sofa" : 12,  "begin" : 4123,  "end" : 4129 }, 
        {"sofa" : 12,  "begin" : 4130,  "end" : 4139 }, 
        {"sofa" : 12,  "begin" : 4139,  "end" : 4140 }, 
        {"sofa" : 12,  "begin" : 4141,  "end" : 4146 }, 
        {"sofa" : 12,  "begin" : 4147,  "end" : 4152 }, 
        {"sofa" : 12,  "begin" : 4153,  "end" : 4159 }, 
        {"sofa" : 12,  "begin" : 4160,  "end" : 4162 }, 
        {"sofa" : 12,  "begin" : 4163,  "end" : 4171 }, 
        {"sofa" : 12,  "begin" : 4171,  "end" : 4172 }, 
        {"sofa" : 12,  "begin" : 4173,  "end" : 4175 }, 
        {"sofa" : 12,  "begin" : 4176,  "end" : 4178 }, 
        {"sofa" : 12,  "begin" : 4179,  "end" : 4190 }, 
        {"sofa" : 12,  "begin" : 4191,  "end" : 4196 }, 
        {"sofa" : 12,  "begin" : 4197,  "end" : 4202 }, 
        {"sofa" : 12,  "begin" : 4202,  "end" : 4203 }, 
        {"sofa" : 12,  "begin" : 4204,  "end" : 4207 }, 
        {"sofa" : 12,  "begin" : 4208,  "end" : 4210 }, 
        {"sofa" : 12,  "begin" : 4211,  "end" : 4214 }, 
        {"sofa" : 12,  "begin" : 4215,  "end" : 4221 }, 
        {"sofa" : 12,  "begin" : 4222,  "end" : 4226 }, 
        {"sofa" : 12,  "begin" : 4227,  "end" : 4230 }, 
        {"sofa" : 12,  "begin" : 4231,  "end" : 4238 }, 
        {"sofa" : 12,  "begin" : 4239,  "end" : 4242 }, 
        {"sofa" : 12,  "begin" : 4243,  "end" : 4247 }, 
        {"sofa" : 12,  "begin" : 4248,  "end" : 4250 }, 
        {"sofa" : 12,  "begin" : 4251,  "end" : 4256 }, 
        {"sofa" : 12,  "begin" : 4256,  "end" : 4257 }, 
        {"sofa" : 12,  "begin" : 4258,  "end" : 4264 }, 
        {"sofa" : 12,  "begin" : 4265,  "end" : 4267 }, 
        {"sofa" : 12,  "begin" : 4268,  "end" : 4273 }, 
        {"sofa" : 12,  "begin" : 4274,  "end" : 4279 }, 
        {"sofa" : 12,  "begin" : 4280,  "end" : 4282 }, 
        {"sofa" : 12,  "begin" : 4283,  "end" : 4288 }, 
        {"sofa" : 12,  "begin" : 4289,  "end" : 4293 }, 
        {"sofa" : 12,  "begin" : 4294,  "end" : 4298 }, 
        {"sofa" : 12,  "begin" : 4299,  "end" : 4301 }, 
        {"sofa" : 12,  "begin" : 4302,  "end" : 4309 }, 
        {"sofa" : 12,  "begin" : 4310,  "end" : 4313 }, 
        {"sofa" : 12,  "begin" : 4314,  "end" : 4324 }, 
        {"sofa" : 12,  "begin" : 4325,  "end" : 4327 }, 
        {"sofa" : 12,  "begin" : 4328,  "end" : 4331 }, 
        {"sofa" : 12,  "begin" : 4332,  "end" : 4338 }, 
        {"sofa" : 12,  "begin" : 4338,  "end" : 4339 }, 
        {"sofa" : 12,  "begin" : 4340,  "end" : 4348 }, 
        {"sofa" : 12,  "begin" : 4349,  "end" : 4352 }, 
        {"sofa" : 12,  "begin" : 4353,  "end" : 4357 }, 
        {"sofa" : 12,  "begin" : 4358,  "end" : 4361 }, 
        {"sofa" : 12,  "begin" : 4362,  "end" : 4368 }, 
        {"sofa" : 12,  "begin" : 4369,  "end" : 4371 }, 
        {"sofa" : 12,  "begin" : 4372,  "end" : 4379 }, 
        {"sofa" : 12,  "begin" : 4380,  "end" : 4381 }, 
        {"sofa" : 12,  "begin" : 4381,  "end" : 4382 }, 
        {"sofa" : 12,  "begin" : 4382,  "end" : 4383 }, 
        {"sofa" : 12,  "begin" : 4384,  "end" : 4385 }, 
        {"sofa" : 12,  "begin" : 4385,  "end" : 4386 }, 
        {"sofa" : 12,  "begin" : 4386,  "end" : 4387 }, 
        {"sofa" : 12,  "begin" : 4388,  "end" : 4391 }, 
        {"sofa" : 12,  "begin" : 4392,  "end" : 4393 }, 
        {"sofa" : 12,  "begin" : 4393,  "end" : 4394 }, 
        {"sofa" : 12,  "begin" : 4394,  "end" : 4395 }, 
        {"sofa" : 12,  "begin" : 4396,  "end" : 4401 }, 
        {"sofa" : 12,  "begin" : 4402,  "end" : 4404 }, 
        {"sofa" : 12,  "begin" : 4405,  "end" : 4407 }, 
        {"sofa" : 12,  "begin" : 4408,  "end" : 4415 }, 
        {"sofa" : 12,  "begin" : 4416,  "end" : 4417 }, 
        {"sofa" : 12,  "begin" : 4417,  "end" : 4418 }, 
        {"sofa" : 12,  "begin" : 4418,  "end" : 4419 }, 
        {"sofa" : 12,  "begin" : 4419,  "end" : 4420 }, 
        {"sofa" : 12,  "begin" : 4421,  "end" : 4428 }, 
        {"sofa" : 12,  "begin" : 4429,  "end" : 4431 }, 
        {"sofa" : 12,  "begin" : 4432,  "end" : 4436 }, 
        {"sofa" : 12,  "begin" : 4437,  "end" : 4440 }, 
        {"sofa" : 12,  "begin" : 4441,  "end" : 4446 }, 
        {"sofa" : 12,  "begin" : 4447,  "end" : 4452 }, 
        {"sofa" : 12,  "begin" : 4453,  "end" : 4455 }, 
        {"sofa" : 12,  "begin" : 4455,  "end" : 4456 }, 
        {"sofa" : 12,  "begin" : 4456,  "end" : 4457 }, 
        {"sofa" : 12,  "begin" : 4460,  "end" : 4467 }, 
        {"sofa" : 12,  "begin" : 4468,  "end" : 4476 }, 
        {"sofa" : 12,  "begin" : 4477,  "end" : 4479 }, 
        {"sofa" : 12,  "begin" : 4480,  "end" : 4481 }, 
        {"sofa" : 12,  "begin" : 4482,  "end" : 4492 }, 
        {"sofa" : 12,  "begin" : 4493,  "end" : 4501 }, 
        {"sofa" : 12,  "begin" : 4502,  "end" : 4505 }, 
        {"sofa" : 12,  "begin" : 4506,  "end" : 4507 }, 
        {"sofa" : 12,  "begin" : 4507,  "end" : 4508 }, 
        {"sofa" : 12,  "begin" : 4508,  "end" : 4509 }, 
        {"sofa" : 12,  "begin" : 4510,  "end" : 4513 }, 
        {"sofa" : 12,  "begin" : 4514,  "end" : 4521 }, 
        {"sofa" : 12,  "begin" : 4522,  "end" : 4524 }, 
        {"sofa" : 12,  "begin" : 4525,  "end" : 4528 }, 
        {"sofa" : 12,  "begin" : 4529,  "end" : 4535 }, 
        {"sofa" : 12,  "begin" : 4536,  "end" : 4538 }, 
        {"sofa" : 12,  "begin" : 4539,  "end" : 4542 }, 
        {"sofa" : 12,  "begin" : 4543,  "end" : 4551 }, 
        {"sofa" : 12,  "begin" : 4551,  "end" : 4552 }, 
        {"sofa" : 12,  "begin" : 4553,  "end" : 4555 }, 
        {"sofa" : 12,  "begin" : 4556,  "end" : 4559 }, 
        {"sofa" : 12,  "begin" : 4560,  "end" : 4566 }, 
        {"sofa" : 12,  "begin" : 4567,  "end" : 4571 }, 
        {"sofa" : 12,  "begin" : 4572,  "end" : 4575 }, 
        {"sofa" : 12,  "begin" : 4576,  "end" : 4580 }, 
        {"sofa" : 12,  "begin" : 4581,  "end" : 4584 }, 
        {"sofa" : 12,  "begin" : 4585,  "end" : 4587 }, 
        {"sofa" : 12,  "begin" : 4588,  "end" : 4591 }, 
        {"sofa" : 12,  "begin" : 4592,  "end" : 4595 }, 
        {"sofa" : 12,  "begin" : 4595,  "end" : 4596 }, 
        {"sofa" : 12,  "begin" : 4597,  "end" : 4599 }, 
        {"sofa" : 12,  "begin" : 4600,  "end" : 4602 }, 
        {"sofa" : 12,  "begin" : 4603,  "end" : 4606 }, 
        {"sofa" : 12,  "begin" : 4607,  "end" : 4615 }, 
        {"sofa" : 12,  "begin" : 4616,  "end" : 4618 }, 
        {"sofa" : 12,  "begin" : 4619,  "end" : 4622 }, 
        {"sofa" : 12,  "begin" : 4623,  "end" : 4626 }, 
        {"sofa" : 12,  "begin" : 4626,  "end" : 4627 }, 
        {"sofa" : 12,  "begin" : 4628,  "end" : 4637 }, 
        {"sofa" : 12,  "begin" : 4637,  "end" : 4638 }, 
        {"sofa" : 12,  "begin" : 4639,  "end" : 4641 }, 
        {"sofa" : 12,  "begin" : 4642,  "end" : 4645 }, 
        {"sofa" : 12,  "begin" : 4646,  "end" : 4654 }, 
        {"sofa" : 12,  "begin" : 4655,  "end" : 4657 }, 
        {"sofa" : 12,  "begin" : 4658,  "end" : 4662 }, 
        {"sofa" : 12,  "begin" : 4663,  "end" : 4666 }, 
        {"sofa" : 12,  "begin" : 4667,  "end" : 4669 }, 
        {"sofa" : 12,  "begin" : 4670,  "end" : 4675 }, 
        {"sofa" : 12,  "begin" : 4676,  "end" : 4679 }, 
        {"sofa" : 12,  "begin" : 4680,  "end" : 4684 }, 
        {"sofa" : 12,  "begin" : 4685,  "end" : 4691 }, 
        {"sofa" : 12,  "begin" : 4692,  "end" : 4695 }, 
        {"sofa" : 12,  "begin" : 4696,  "end" : 4700 }, 
        {"sofa" : 12,  "begin" : 4701,  "end" : 4704 }, 
        {"sofa" : 12,  "begin" : 4705,  "end" : 4709 }, 
        {"sofa" : 12,  "begin" : 4710,  "end" : 4714 }, 
        {"sofa" : 12,  "begin" : 4715,  "end" : 4717 }, 
        {"sofa" : 12,  "begin" : 4718,  "end" : 4724 }, 
        {"sofa" : 12,  "begin" : 4725,  "end" : 4728 }, 
        {"sofa" : 12,  "begin" : 4729,  "end" : 4731 }, 
        {"sofa" : 12,  "begin" : 4732,  "end" : 4734 }, 
        {"sofa" : 12,  "begin" : 4735,  "end" : 4737 }, 
        {"sofa" : 12,  "begin" : 4737,  "end" : 4738 }, 
        {"sofa" : 12,  "begin" : 4739,  "end" : 4741 }, 
        {"sofa" : 12,  "begin" : 4742,  "end" : 4746 }, 
        {"sofa" : 12,  "begin" : 4747,  "end" : 4749 }, 
        {"sofa" : 12,  "begin" : 4750,  "end" : 4757 }, 
        {"sofa" : 12,  "begin" : 4758,  "end" : 4761 }, 
        {"sofa" : 12,  "begin" : 4762,  "end" : 4767 }, 
        {"sofa" : 12,  "begin" : 4767,  "end" : 4768 }, 
        {"sofa" : 12,  "begin" : 4769,  "end" : 4773 }, 
        {"sofa" : 12,  "begin" : 4773,  "end" : 4774 }, 
        {"sofa" : 12,  "begin" : 4775,  "end" : 4778 }, 
        {"sofa" : 12,  "begin" : 4779,  "end" : 4784 }, 
        {"sofa" : 12,  "begin" : 4784,  "end" : 4785 }, 
        {"sofa" : 12,  "begin" : 4786,  "end" : 4789 }, 
        {"sofa" : 12,  "begin" : 4790,  "end" : 4793 }, 
        {"sofa" : 12,  "begin" : 4794,  "end" : 4799 }, 
        {"sofa" : 12,  "begin" : 4800,  "end" : 4802 }, 
        {"sofa" : 12,  "begin" : 4803,  "end" : 4804 }, 
        {"sofa" : 12,  "begin" : 4805,  "end" : 4815 }, 
        {"sofa" : 12,  "begin" : 4816,  "end" : 4824 }, 
        {"sofa" : 12,  "begin" : 4824,  "end" : 4825 }, 
        {"sofa" : 12,  "begin" : 4826,  "end" : 4828 }, 
        {"sofa" : 12,  "begin" : 4829,  "end" : 4832 }, 
        {"sofa" : 12,  "begin" : 4833,  "end" : 4840 }, 
        {"sofa" : 12,  "begin" : 4840,  "end" : 4841 }, 
        {"sofa" : 12,  "begin" : 4842,  "end" : 4846 }, 
        {"sofa" : 12,  "begin" : 4847,  "end" : 4849 }, 
        {"sofa" : 12,  "begin" : 4850,  "end" : 4860 }, 
        {"sofa" : 12,  "begin" : 4861,  "end" : 4868 }, 
        {"sofa" : 12,  "begin" : 4869,  "end" : 4872 }, 
        {"sofa" : 12,  "begin" : 4873,  "end" : 4883 }, 
        {"sofa" : 12,  "begin" : 4884,  "end" : 4888 }, 
        {"sofa" : 12,  "begin" : 4889,  "end" : 4891 }, 
        {"sofa" : 12,  "begin" : 4892,  "end" : 4895 }, 
        {"sofa" : 12,  "begin" : 4896,  "end" : 4899 }, 
        {"sofa" : 12,  "begin" : 4900,  "end" : 4903 }, 
        {"sofa" : 12,  "begin" : 4904,  "end" : 4908 }, 
        {"sofa" : 12,  "begin" : 4909,  "end" : 4912 }, 
        {"sofa" : 12,  "begin" : 4913,  "end" : 4916 }, 
        {"sofa" : 12,  "begin" : 4917,  "end" : 4924 }, 
        {"sofa" : 12,  "begin" : 4925,  "end" : 4928 }, 
        {"sofa" : 12,  "begin" : 4929,  "end" : 4933 }, 
        {"sofa" : 12,  "begin" : 4934,  "end" : 4938 }, 
        {"sofa" : 12,  "begin" : 4939,  "end" : 4941 }, 
        {"sofa" : 12,  "begin" : 4942,  "end" : 4943 }, 
        {"sofa" : 12,  "begin" : 4944,  "end" : 4949 }, 
        {"sofa" : 12,  "begin" : 4950,  "end" : 4953 }, 
        {"sofa" : 12,  "begin" : 4953,  "end" : 4954 }, 
        {"sofa" : 12,  "begin" : 4955,  "end" : 4962 }, 
        {"sofa" : 12,  "begin" : 4963,  "end" : 4964 }, 
        {"sofa" : 12,  "begin" : 4964,  "end" : 4965 }, 
        {"sofa" : 12,  "begin" : 4965,  "end" : 4966 }, 
        {"sofa" : 12,  "begin" : 4967,  "end" : 4968 }, 
        {"sofa" : 12,  "begin" : 4968,  "end" : 4969 }, 
        {"sofa" : 12,  "begin" : 4969,  "end" : 4970 }, 
        {"sofa" : 12,  "begin" : 4971,  "end" : 4975 }, 
        {"sofa" : 12,  "begin" : 4976,  "end" : 4979 }, 
        {"sofa" : 12,  "begin" : 4980,  "end" : 4984 }, 
        {"sofa" : 12,  "begin" : 4985,  "end" : 4988 }, 
        {"sofa" : 12,  "begin" : 4989,  "end" : 4992 }, 
        {"sofa" : 12,  "begin" : 4993,  "end" : 4994 }, 
        {"sofa" : 12,  "begin" : 4995,  "end" : 5000 }, 
        {"sofa" : 12,  "begin" : 5001,  "end" : 5003 }, 
        {"sofa" : 12,  "begin" : 5004,  "end" : 5008 }, 
        {"sofa" : 12,  "begin" : 5009,  "end" : 5012 }, 
        {"sofa" : 12,  "begin" : 5013,  "end" : 5017 }, 
        {"sofa" : 12,  "begin" : 5018,  "end" : 5022 }, 
        {"sofa" : 12,  "begin" : 5023,  "end" : 5025 }, 
        {"sofa" : 12,  "begin" : 5025,  "end" : 5026 }, 
        {"sofa" : 12,  "begin" : 5027,  "end" : 5030 }, 
        {"sofa" : 12,  "begin" : 5031,  "end" : 5035 }, 
        {"sofa" : 12,  "begin" : 5036,  "end" : 5042 }, 
        {"sofa" : 12,  "begin" : 5042,  "end" : 5043 }, 
        {"sofa" : 12,  "begin" : 5044,  "end" : 5045 }, 
        {"sofa" : 12,  "begin" : 5046,  "end" : 5051 }, 
        {"sofa" : 12,  "begin" : 5052,  "end" : 5054 }, 
        {"sofa" : 12,  "begin" : 5055,  "end" : 5059 }, 
        {"sofa" : 12,  "begin" : 5059,  "end" : 5060 }, 
        {"sofa" : 12,  "begin" : 5061,  "end" : 5064 }, 
        {"sofa" : 12,  "begin" : 5065,  "end" : 5067 }, 
        {"sofa" : 12,  "begin" : 5068,  "end" : 5072 }, 
        {"sofa" : 12,  "begin" : 5073,  "end" : 5075 }, 
        {"sofa" : 12,  "begin" : 5076,  "end" : 5080 }, 
        {"sofa" : 12,  "begin" : 5081,  "end" : 5083 }, 
        {"sofa" : 12,  "begin" : 5083,  "end" : 5084 }, 
        {"sofa" : 12,  "begin" : 5085,  "end" : 5090 }, 
        {"sofa" : 12,  "begin" : 5091,  "end" : 5092 }, 
        {"sofa" : 12,  "begin" : 5093,  "end" : 5099 }, 
        {"sofa" : 12,  "begin" : 5100,  "end" : 5102 }, 
        {"sofa" : 12,  "begin" : 5103,  "end" : 5106 }, 
        {"sofa" : 12,  "begin" : 5107,  "end" : 5113 }, 
        {"sofa" : 12,  "begin" : 5113,  "end" : 5114 }, 
        {"sofa" : 12,  "begin" : 5115,  "end" : 5120 }, 
        {"sofa" : 12,  "begin" : 5121,  "end" : 5124 }, 
        {"sofa" : 12,  "begin" : 5125,  "end" : 5127 }, 
        {"sofa" : 12,  "begin" : 5128,  "end" : 5136 }, 
        {"sofa" : 12,  "begin" : 5137,  "end" : 5139 }, 
        {"sofa" : 12,  "begin" : 5140,  "end" : 5143 }, 
        {"sofa" : 12,  "begin" : 5144,  "end" : 5154 }, 
        {"sofa" : 12,  "begin" : 5155,  "end" : 5157 }, 
        {"sofa" : 12,  "begin" : 5158,  "end" : 5161 }, 
        {"sofa" : 12,  "begin" : 5162,  "end" : 5165 }, 
        {"sofa" : 12,  "begin" : 5165,  "end" : 5166 }, 
        {"sofa" : 12,  "begin" : 5167,  "end" : 5174 }, 
        {"sofa" : 12,  "begin" : 5175,  "end" : 5176 }, 
        {"sofa" : 12,  "begin" : 5176,  "end" : 5177 }, 
        {"sofa" : 12,  "begin" : 5177,  "end" : 5178 }, 
        {"sofa" : 12,  "begin" : 5178,  "end" : 5179 }, 
        {"sofa" : 12,  "begin" : 5179,  "end" : 5180 }, 
        {"sofa" : 12,  "begin" : 5181,  "end" : 5183 }, 
        {"sofa" : 12,  "begin" : 5184,  "end" : 5187 }, 
        {"sofa" : 12,  "begin" : 5188,  "end" : 5193 }, 
        {"sofa" : 12,  "begin" : 5194,  "end" : 5198 }, 
        {"sofa" : 12,  "begin" : 5198,  "end" : 5199 }, 
        {"sofa" : 12,  "begin" : 5200,  "end" : 5202 }, 
        {"sofa" : 12,  "begin" : 5203,  "end" : 5211 }, 
        {"sofa" : 12,  "begin" : 5212,  "end" : 5219 }, 
        {"sofa" : 12,  "begin" : 5220,  "end" : 5223 }, 
        {"sofa" : 12,  "begin" : 5224,  "end" : 5229 }, 
        {"sofa" : 12,  "begin" : 5230,  "end" : 5232 }, 
        {"sofa" : 12,  "begin" : 5233,  "end" : 5236 }, 
        {"sofa" : 12,  "begin" : 5237,  "end" : 5241 }, 
        {"sofa" : 12,  "begin" : 5241,  "end" : 5242 }, 
        {"sofa" : 12,  "begin" : 5243,  "end" : 5246 }, 
        {"sofa" : 12,  "begin" : 5247,  "end" : 5254 }, 
        {"sofa" : 12,  "begin" : 5255,  "end" : 5258 }, 
        {"sofa" : 12,  "begin" : 5259,  "end" : 5265 }, 
        {"sofa" : 12,  "begin" : 5265,  "end" : 5266 }, 
        {"sofa" : 12,  "begin" : 5267,  "end" : 5269 }, 
        {"sofa" : 12,  "begin" : 5270,  "end" : 5277 }, 
        {"sofa" : 12,  "begin" : 5278,  "end" : 5281 }, 
        {"sofa" : 12,  "begin" : 5282,  "end" : 5287 }, 
        {"sofa" : 12,  "begin" : 5288,  "end" : 5290 }, 
        {"sofa" : 12,  "begin" : 5291,  "end" : 5295 }, 
        {"sofa" : 12,  "begin" : 5296,  "end" : 5299 }, 
        {"sofa" : 12,  "begin" : 5300,  "end" : 5304 }, 
        {"sofa" : 12,  "begin" : 5305,  "end" : 5311 }, 
        {"sofa" : 12,  "begin" : 5312,  "end" : 5315 }, 
        {"sofa" : 12,  "begin" : 5316,  "end" : 5319 }, 
        {"sofa" : 12,  "begin" : 5320,  "end" : 5322 }, 
        {"sofa" : 12,  "begin" : 5323,  "end" : 5324 }, 
        {"sofa" : 12,  "begin" : 5325,  "end" : 5329 }, 
        {"sofa" : 12,  "begin" : 5329,  "end" : 5330 }, 
        {"sofa" : 12,  "begin" : 5333,  "end" : 5335 }, 
        {"sofa" : 12,  "begin" : 5336,  "end" : 5339 }, 
        {"sofa" : 12,  "begin" : 5340,  "end" : 5344 }, 
        {"sofa" : 12,  "begin" : 5345,  "end" : 5354 }, 
        {"sofa" : 12,  "begin" : 5355,  "end" : 5359 }, 
        {"sofa" : 12,  "begin" : 5360,  "end" : 5362 }, 
        {"sofa" : 12,  "begin" : 5363,  "end" : 5364 }, 
        {"sofa" : 12,  "begin" : 5365,  "end" : 5371 }, 
        {"sofa" : 12,  "begin" : 5372,  "end" : 5380 }, 
        {"sofa" : 12,  "begin" : 5381,  "end" : 5383 }, 
        {"sofa" : 12,  "begin" : 5384,  "end" : 5385 }, 
        {"sofa" : 12,  "begin" : 5386,  "end" : 5396 }, 
        {"sofa" : 12,  "begin" : 5397,  "end" : 5405 }, 
        {"sofa" : 12,  "begin" : 5406,  "end" : 5412 }, 
        {"sofa" : 12,  "begin" : 5413,  "end" : 5415 }, 
        {"sofa" : 12,  "begin" : 5416,  "end" : 5424 }, 
        {"sofa" : 12,  "begin" : 5425,  "end" : 5427 }, 
        {"sofa" : 12,  "begin" : 5428,  "end" : 5431 }, 
        {"sofa" : 12,  "begin" : 5432,  "end" : 5435 }, 
        {"sofa" : 12,  "begin" : 5435,  "end" : 5436 }, 
        {"sofa" : 12,  "begin" : 5437,  "end" : 5441 }, 
        {"sofa" : 12,  "begin" : 5442,  "end" : 5445 }, 
        {"sofa" : 12,  "begin" : 5446,  "end" : 5455 }, 
        {"sofa" : 12,  "begin" : 5456,  "end" : 5459 }, 
        {"sofa" : 12,  "begin" : 5460,  "end" : 5463 }, 
        {"sofa" : 12,  "begin" : 5464,  "end" : 5469 }, 
        {"sofa" : 12,  "begin" : 5470,  "end" : 5472 }, 
        {"sofa" : 12,  "begin" : 5473,  "end" : 5477 }, 
        {"sofa" : 12,  "begin" : 5478,  "end" : 5486 }, 
        {"sofa" : 12,  "begin" : 5487,  "end" : 5493 }, 
        {"sofa" : 12,  "begin" : 5494,  "end" : 5496 }, 
        {"sofa" : 12,  "begin" : 5497,  "end" : 5506 }, 
        {"sofa" : 12,  "begin" : 5507,  "end" : 5509 }, 
        {"sofa" : 12,  "begin" : 5510,  "end" : 5515 }, 
        {"sofa" : 12,  "begin" : 5516,  "end" : 5519 }, 
        {"sofa" : 12,  "begin" : 5520,  "end" : 5524 }, 
        {"sofa" : 12,  "begin" : 5525,  "end" : 5530 }, 
        {"sofa" : 12,  "begin" : 5531,  "end" : 5538 }, 
        {"sofa" : 12,  "begin" : 5539,  "end" : 5540 }, 
        {"sofa" : 12,  "begin" : 5540,  "end" : 5541 }, 
        {"sofa" : 12,  "begin" : 5542,  "end" : 5546 }, 
        {"sofa" : 12,  "begin" : 5547,  "end" : 5549 }, 
        {"sofa" : 12,  "begin" : 5550,  "end" : 5554 }, 
        {"sofa" : 12,  "begin" : 5555,  "end" : 5565 }, 
        {"sofa" : 12,  "begin" : 5565,  "end" : 5566 }, 
        {"sofa" : 12,  "begin" : 5567,  "end" : 5569 }, 
        {"sofa" : 12,  "begin" : 5570,  "end" : 5577 }, 
        {"sofa" : 12,  "begin" : 5578,  "end" : 5580 }, 
        {"sofa" : 12,  "begin" : 5581,  "end" : 5584 }, 
        {"sofa" : 12,  "begin" : 5585,  "end" : 5592 }, 
        {"sofa" : 12,  "begin" : 5593,  "end" : 5597 }, 
        {"sofa" : 12,  "begin" : 5598,  "end" : 5602 }, 
        {"sofa" : 12,  "begin" : 5603,  "end" : 5606 }, 
        {"sofa" : 12,  "begin" : 5607,  "end" : 5612 }, 
        {"sofa" : 12,  "begin" : 5613,  "end" : 5616 }, 
        {"sofa" : 12,  "begin" : 5617,  "end" : 5620 }, 
        {"sofa" : 12,  "begin" : 5621,  "end" : 5626 }, 
        {"sofa" : 12,  "begin" : 5626,  "end" : 5627 }, 
        {"sofa" : 12,  "begin" : 5628,  "end" : 5630 }, 
        {"sofa" : 12,  "begin" : 5631,  "end" : 5634 }, 
        {"sofa" : 12,  "begin" : 5635,  "end" : 5638 }, 
        {"sofa" : 12,  "begin" : 5639,  "end" : 5643 }, 
        {"sofa" : 12,  "begin" : 5644,  "end" : 5647 }, 
        {"sofa" : 12,  "begin" : 5648,  "end" : 5651 }, 
        {"sofa" : 12,  "begin" : 5652,  "end" : 5655 }, 
        {"sofa" : 12,  "begin" : 5656,  "end" : 5665 }, 
        {"sofa" : 12,  "begin" : 5666,  "end" : 5671 }, 
        {"sofa" : 12,  "begin" : 5672,  "end" : 5681 }, 
        {"sofa" : 12,  "begin" : 5682,  "end" : 5685 }, 
        {"sofa" : 12,  "begin" : 5686,  "end" : 5687 }, 
        {"sofa" : 12,  "begin" : 5688,  "end" : 5693 }, 
        {"sofa" : 12,  "begin" : 5694,  "end" : 5696 }, 
        {"sofa" : 12,  "begin" : 5697,  "end" : 5701 }, 
        {"sofa" : 12,  "begin" : 5702,  "end" : 5704 }, 
        {"sofa" : 12,  "begin" : 5705,  "end" : 5710 }, 
        {"sofa" : 12,  "begin" : 5711,  "end" : 5715 }, 
        {"sofa" : 12,  "begin" : 5716,  "end" : 5719 }, 
        {"sofa" : 12,  "begin" : 5720,  "end" : 5729 }, 
        {"sofa" : 12,  "begin" : 5729,  "end" : 5730 }, 
        {"sofa" : 12,  "begin" : 5731,  "end" : 5734 }, 
        {"sofa" : 12,  "begin" : 5735,  "end" : 5740 }, 
        {"sofa" : 12,  "begin" : 5741,  "end" : 5743 }, 
        {"sofa" : 12,  "begin" : 5744,  "end" : 5751 }, 
        {"sofa" : 12,  "begin" : 5752,  "end" : 5754 }, 
        {"sofa" : 12,  "begin" : 5755,  "end" : 5760 }, 
        {"sofa" : 12,  "begin" : 5761,  "end" : 5764 }, 
        {"sofa" : 12,  "begin" : 5765,  "end" : 5769 }, 
        {"sofa" : 12,  "begin" : 5770,  "end" : 5773 }, 
        {"sofa" : 12,  "begin" : 5774,  "end" : 5777 }, 
        {"sofa" : 12,  "begin" : 5778,  "end" : 5780 }, 
        {"sofa" : 12,  "begin" : 5781,  "end" : 5782 }, 
        {"sofa" : 12,  "begin" : 5783,  "end" : 5787 }, 
        {"sofa" : 12,  "begin" : 5787,  "end" : 5788 }, 
        {"sofa" : 12,  "begin" : 5789,  "end" : 5795 }, 
        {"sofa" : 12,  "begin" : 5796,  "end" : 5799 }, 
        {"sofa" : 12,  "begin" : 5800,  "end" : 5807 }, 
        {"sofa" : 12,  "begin" : 5808,  "end" : 5810 }, 
        {"sofa" : 12,  "begin" : 5811,  "end" : 5814 }, 
        {"sofa" : 12,  "begin" : 5815,  "end" : 5819 }, 
        {"sofa" : 12,  "begin" : 5820,  "end" : 5823 }, 
        {"sofa" : 12,  "begin" : 5824,  "end" : 5828 }, 
        {"sofa" : 12,  "begin" : 5829,  "end" : 5836 }, 
        {"sofa" : 12,  "begin" : 5836,  "end" : 5837 }, 
        {"sofa" : 12,  "begin" : 5838,  "end" : 5841 }, 
        {"sofa" : 12,  "begin" : 5842,  "end" : 5849 }, 
        {"sofa" : 12,  "begin" : 5849,  "end" : 5850 }, 
        {"sofa" : 12,  "begin" : 5851,  "end" : 5857 }, 
        {"sofa" : 12,  "begin" : 5858,  "end" : 5861 }, 
        {"sofa" : 12,  "begin" : 5862,  "end" : 5873 }, 
        {"sofa" : 12,  "begin" : 5874,  "end" : 5885 }, 
        {"sofa" : 12,  "begin" : 5886,  "end" : 5891 }, 
        {"sofa" : 12,  "begin" : 5892,  "end" : 5894 }, 
        {"sofa" : 12,  "begin" : 5895,  "end" : 5899 }, 
        {"sofa" : 12,  "begin" : 5900,  "end" : 5905 }, 
        {"sofa" : 12,  "begin" : 5906,  "end" : 5910 }, 
        {"sofa" : 12,  "begin" : 5911,  "end" : 5916 }, 
        {"sofa" : 12,  "begin" : 5917,  "end" : 5924 }, 
        {"sofa" : 12,  "begin" : 5925,  "end" : 5926 }, 
        {"sofa" : 12,  "begin" : 5926,  "end" : 5927 }, 
        {"sofa" : 12,  "begin" : 5927,  "end" : 5928 }, 
        {"sofa" : 12,  "begin" : 5929,  "end" : 5936 }, 
        {"sofa" : 12,  "begin" : 5936,  "end" : 5937 }, 
        {"sofa" : 12,  "begin" : 5938,  "end" : 5941 }, 
        {"sofa" : 12,  "begin" : 5942,  "end" : 5952 }, 
        {"sofa" : 12,  "begin" : 5953,  "end" : 5961 }, 
        {"sofa" : 12,  "begin" : 5962,  "end" : 5964 }, 
        {"sofa" : 12,  "begin" : 5965,  "end" : 5972 }, 
        {"sofa" : 12,  "begin" : 5973,  "end" : 5977 }, 
        {"sofa" : 12,  "begin" : 5978,  "end" : 5982 }, 
        {"sofa" : 12,  "begin" : 5983,  "end" : 5985 }, 
        {"sofa" : 12,  "begin" : 5986,  "end" : 5988 }, 
        {"sofa" : 12,  "begin" : 5989,  "end" : 5998 }, 
        {"sofa" : 12,  "begin" : 5999,  "end" : 6003 }, 
        {"sofa" : 12,  "begin" : 6004,  "end" : 6007 }, 
        {"sofa" : 12,  "begin" : 6008,  "end" : 6017 }, 
        {"sofa" : 12,  "begin" : 6018,  "end" : 6020 }, 
        {"sofa" : 12,  "begin" : 6021,  "end" : 6026 }, 
        {"sofa" : 12,  "begin" : 6027,  "end" : 6030 }, 
        {"sofa" : 12,  "begin" : 6031,  "end" : 6035 }, 
        {"sofa" : 12,  "begin" : 6036,  "end" : 6043 }, 
        {"sofa" : 12,  "begin" : 6043,  "end" : 6044 }, 
        {"sofa" : 12,  "begin" : 6045,  "end" : 6052 }, 
        {"sofa" : 12,  "begin" : 6053,  "end" : 6054 }, 
        {"sofa" : 12,  "begin" : 6054,  "end" : 6055 }, 
        {"sofa" : 12,  "begin" : 6055,  "end" : 6056 }, 
        {"sofa" : 12,  "begin" : 6056,  "end" : 6057 }, 
        {"sofa" : 12,  "begin" : 6057,  "end" : 6058 }, 
        {"sofa" : 12,  "begin" : 6058,  "end" : 6059 }, 
        {"sofa" : 12,  "begin" : 6060,  "end" : 6064 }, 
        {"sofa" : 12,  "begin" : 6065,  "end" : 6068 }, 
        {"sofa" : 12,  "begin" : 6069,  "end" : 6076 }, 
        {"sofa" : 12,  "begin" : 6077,  "end" : 6084 }, 
        {"sofa" : 12,  "begin" : 6085,  "end" : 6086 }, 
        {"sofa" : 12,  "begin" : 6087,  "end" : 6088 }, 
        {"sofa" : 12,  "begin" : 6088,  "end" : 6089 }, 
        {"sofa" : 12,  "begin" : 6089,  "end" : 6090 }, 
        {"sofa" : 12,  "begin" : 6090,  "end" : 6091 }, 
        {"sofa" : 12,  "begin" : 6092,  "end" : 6098 }, 
        {"sofa" : 12,  "begin" : 6098,  "end" : 6099 }, 
        {"sofa" : 12,  "begin" : 6100,  "end" : 6102 }, 
        {"sofa" : 12,  "begin" : 6103,  "end" : 6106 }, 
        {"sofa" : 12,  "begin" : 6107,  "end" : 6113 }, 
        {"sofa" : 12,  "begin" : 6114,  "end" : 6118 }, 
        {"sofa" : 12,  "begin" : 6119,  "end" : 6122 }, 
        {"sofa" : 12,  "begin" : 6123,  "end" : 6129 }, 
        {"sofa" : 12,  "begin" : 6130,  "end" : 6132 }, 
        {"sofa" : 12,  "begin" : 6133,  "end" : 6136 }, 
        {"sofa" : 12,  "begin" : 6137,  "end" : 6140 }, 
        {"sofa" : 12,  "begin" : 6141,  "end" : 6146 }, 
        {"sofa" : 12,  "begin" : 6147,  "end" : 6149 }, 
        {"sofa" : 12,  "begin" : 6150,  "end" : 6155 }, 
        {"sofa" : 12,  "begin" : 6156,  "end" : 6160 }, 
        {"sofa" : 12,  "begin" : 6161,  "end" : 6163 }, 
        {"sofa" : 12,  "begin" : 6164,  "end" : 6166 }, 
        {"sofa" : 12,  "begin" : 6167,  "end" : 6170 }, 
        {"sofa" : 12,  "begin" : 6171,  "end" : 6183 }, 
        {"sofa" : 12,  "begin" : 6184,  "end" : 6187 }, 
        {"sofa" : 12,  "begin" : 6188,  "end" : 6198 }, 
        {"sofa" : 12,  "begin" : 6199,  "end" : 6201 }, 
        {"sofa" : 12,  "begin" : 6202,  "end" : 6208 }, 
        {"sofa" : 12,  "begin" : 6209,  "end" : 6217 }, 
        {"sofa" : 12,  "begin" : 6218,  "end" : 6220 }, 
        {"sofa" : 12,  "begin" : 6221,  "end" : 6226 }, 
        {"sofa" : 12,  "begin" : 6226,  "end" : 6227 }, 
        {"sofa" : 12,  "begin" : 6228,  "end" : 6230 }, 
        {"sofa" : 12,  "begin" : 6231,  "end" : 6237 }, 
        {"sofa" : 12,  "begin" : 6238,  "end" : 6247 }, 
        {"sofa" : 12,  "begin" : 6248,  "end" : 6253 }, 
        {"sofa" : 12,  "begin" : 6254,  "end" : 6256 }, 
        {"sofa" : 12,  "begin" : 6257,  "end" : 6262 }, 
        {"sofa" : 12,  "begin" : 6263,  "end" : 6265 }, 
        {"sofa" : 12,  "begin" : 6266,  "end" : 6271 }, 
        {"sofa" : 12,  "begin" : 6272,  "end" : 6274 }, 
        {"sofa" : 12,  "begin" : 6275,  "end" : 6281 }, 
        {"sofa" : 12,  "begin" : 6282,  "end" : 6284 }, 
        {"sofa" : 12,  "begin" : 6285,  "end" : 6293 }, 
        {"sofa" : 12,  "begin" : 6293,  "end" : 6294 }, 
        {"sofa" : 12,  "begin" : 6295,  "end" : 6307 }, 
        {"sofa" : 12,  "begin" : 6308,  "end" : 6312 }, 
        {"sofa" : 12,  "begin" : 6313,  "end" : 6316 }, 
        {"sofa" : 12,  "begin" : 6317,  "end" : 6323 }, 
        {"sofa" : 12,  "begin" : 6324,  "end" : 6326 }, 
        {"sofa" : 12,  "begin" : 6327,  "end" : 6330 }, 
        {"sofa" : 12,  "begin" : 6331,  "end" : 6339 }, 
        {"sofa" : 12,  "begin" : 6340,  "end" : 6342 }, 
        {"sofa" : 12,  "begin" : 6343,  "end" : 6352 }, 
        {"sofa" : 12,  "begin" : 6353,  "end" : 6361 }, 
        {"sofa" : 12,  "begin" : 6362,  "end" : 6366 }, 
        {"sofa" : 12,  "begin" : 6367,  "end" : 6370 }, 
        {"sofa" : 12,  "begin" : 6371,  "end" : 6378 }, 
        {"sofa" : 12,  "begin" : 6379,  "end" : 6381 }, 
        {"sofa" : 12,  "begin" : 6382,  "end" : 6385 }, 
        {"sofa" : 12,  "begin" : 6386,  "end" : 6389 }, 
        {"sofa" : 12,  "begin" : 6389,  "end" : 6390 }, 
        {"sofa" : 12,  "begin" : 6391,  "end" : 6394 }, 
        {"sofa" : 12,  "begin" : 6395,  "end" : 6399 }, 
        {"sofa" : 12,  "begin" : 6400,  "end" : 6406 }, 
        {"sofa" : 12,  "begin" : 6407,  "end" : 6411 }, 
        {"sofa" : 12,  "begin" : 6411,  "end" : 6412 }, 
        {"sofa" : 12,  "begin" : 6413,  "end" : 6415 }, 
        {"sofa" : 12,  "begin" : 6416,  "end" : 6422 }, 
        {"sofa" : 12,  "begin" : 6423,  "end" : 6427 }, 
        {"sofa" : 12,  "begin" : 6428,  "end" : 6433 }, 
        {"sofa" : 12,  "begin" : 6434,  "end" : 6438 }, 
        {"sofa" : 12,  "begin" : 6439,  "end" : 6441 }, 
        {"sofa" : 12,  "begin" : 6442,  "end" : 6444 }, 
        {"sofa" : 12,  "begin" : 6445,  "end" : 6449 }, 
        {"sofa" : 12,  "begin" : 6450,  "end" : 6453 }, 
        {"sofa" : 12,  "begin" : 6453,  "end" : 6454 }, 
        {"sofa" : 12,  "begin" : 6455,  "end" : 6457 }, 
        {"sofa" : 12,  "begin" : 6458,  "end" : 6461 }, 
        {"sofa" : 12,  "begin" : 6462,  "end" : 6464 }, 
        {"sofa" : 12,  "begin" : 6465,  "end" : 6472 }, 
        {"sofa" : 12,  "begin" : 6473,  "end" : 6477 }, 
        {"sofa" : 12,  "begin" : 6478,  "end" : 6482 }, 
        {"sofa" : 12,  "begin" : 6483,  "end" : 6484 }, 
        {"sofa" : 12,  "begin" : 6485,  "end" : 6491 }, 
        {"sofa" : 12,  "begin" : 6492,  "end" : 6500 }, 
        {"sofa" : 12,  "begin" : 6500,  "end" : 6501 }, 
        {"sofa" : 12,  "begin" : 6502,  "end" : 6508 }, 
        {"sofa" : 12,  "begin" : 6509,  "end" : 6515 }, 
        {"sofa" : 12,  "begin" : 6516,  "end" : 6518 }, 
        {"sofa" : 12,  "begin" : 6519,  "end" : 6525 }, 
        {"sofa" : 12,  "begin" : 6526,  "end" : 6530 }, 
        {"sofa" : 12,  "begin" : 6531,  "end" : 6534 }, 
        {"sofa" : 12,  "begin" : 6535,  "end" : 6540 }, 
        {"sofa" : 12,  "begin" : 6540,  "end" : 6541 }, 
        {"sofa" : 12,  "begin" : 6542,  "end" : 6545 }, 
        {"sofa" : 12,  "begin" : 6546,  "end" : 6557 }, 
        {"sofa" : 12,  "begin" : 6558,  "end" : 6561 }, 
        {"sofa" : 12,  "begin" : 6562,  "end" : 6566 }, 
        {"sofa" : 12,  "begin" : 6567,  "end" : 6571 }, 
        {"sofa" : 12,  "begin" : 6572,  "end" : 6574 }, 
        {"sofa" : 12,  "begin" : 6575,  "end" : 6584 }, 
        {"sofa" : 12,  "begin" : 6584,  "end" : 6585 }, 
        {"sofa" : 12,  "begin" : 6586,  "end" : 6588 }, 
        {"sofa" : 12,  "begin" : 6589,  "end" : 6594 }, 
        {"sofa" : 12,  "begin" : 6595,  "end" : 6597 }, 
        {"sofa" : 12,  "begin" : 6598,  "end" : 6604 }, 
        {"sofa" : 12,  "begin" : 6605,  "end" : 6608 }, 
        {"sofa" : 12,  "begin" : 6609,  "end" : 6622 }, 
        {"sofa" : 12,  "begin" : 6623,  "end" : 6625 }, 
        {"sofa" : 12,  "begin" : 6626,  "end" : 6633 }, 
        {"sofa" : 12,  "begin" : 6634,  "end" : 6636 }, 
        {"sofa" : 12,  "begin" : 6637,  "end" : 6638 }, 
        {"sofa" : 12,  "begin" : 6639,  "end" : 6646 }, 
        {"sofa" : 12,  "begin" : 6646,  "end" : 6647 }, 
        {"sofa" : 12,  "begin" : 6648,  "end" : 6650 }, 
        {"sofa" : 12,  "begin" : 6651,  "end" : 6659 }, 
        {"sofa" : 12,  "begin" : 6660,  "end" : 6664 }, 
        {"sofa" : 12,  "begin" : 6665,  "end" : 6668 }, 
        {"sofa" : 12,  "begin" : 6669,  "end" : 6678 }, 
        {"sofa" : 12,  "begin" : 6679,  "end" : 6681 }, 
        {"sofa" : 12,  "begin" : 6682,  "end" : 6687 }, 
        {"sofa" : 12,  "begin" : 6688,  "end" : 6691 }, 
        {"sofa" : 12,  "begin" : 6692,  "end" : 6697 }, 
        {"sofa" : 12,  "begin" : 6698,  "end" : 6701 }, 
        {"sofa" : 12,  "begin" : 6702,  "end" : 6711 }, 
        {"sofa" : 12,  "begin" : 6712,  "end" : 6716 }, 
        {"sofa" : 12,  "begin" : 6717,  "end" : 6721 }, 
        {"sofa" : 12,  "begin" : 6722,  "end" : 6730 }, 
        {"sofa" : 12,  "begin" : 6730,  "end" : 6731 }, 
        {"sofa" : 12,  "begin" : 6732,  "end" : 6736 }, 
        {"sofa" : 12,  "begin" : 6737,  "end" : 6739 }, 
        {"sofa" : 12,  "begin" : 6740,  "end" : 6745 }, 
        {"sofa" : 12,  "begin" : 6746,  "end" : 6748 }, 
        {"sofa" : 12,  "begin" : 6749,  "end" : 6752 }, 
        {"sofa" : 12,  "begin" : 6753,  "end" : 6758 }, 
        {"sofa" : 12,  "begin" : 6759,  "end" : 6761 }, 
        {"sofa" : 12,  "begin" : 6762,  "end" : 6764 }, 
        {"sofa" : 12,  "begin" : 6764,  "end" : 6765 }, 
        {"sofa" : 12,  "begin" : 6767,  "end" : 6775 }, 
        {"sofa" : 12,  "begin" : 6776,  "end" : 6777 }, 
        {"sofa" : 12,  "begin" : 6777,  "end" : 6778 } ], 
      "RANK1" : [
        {"sofa" : 12,  "begin" : 64,  "end" : 260 } ], 
      "REJECTED" : [
        {"sofa" : 12,  "begin" : 6767,  "end" : 6775 } ], 
      "Rank2" : [
        {"sofa" : 12,  "begin" : 442,  "end" : 592 }, 
        {"sofa" : 12,  "begin" : 1751,  "end" : 1950 }, 
        {"sofa" : 12,  "begin" : 2059,  "end" : 2183 }, 
        {"sofa" : 12,  "begin" : 4089,  "end" : 4203 }, 
        {"sofa" : 12,  "begin" : 4955,  "end" : 5060 }, 
        {"sofa" : 12,  "begin" : 5938,  "end" : 6044 }, 
        {"sofa" : 12,  "begin" : 6045,  "end" : 6091 }, 
        {"sofa" : 12,  "begin" : 6455,  "end" : 6541 }, 
        {"sofa" : 12,  "begin" : 6542,  "end" : 6765 } ], 
      "Rank3" : [
        {"sofa" : 12,  "begin" : 903,  "end" : 1038 }, 
        {"sofa" : 12,  "begin" : 1039,  "end" : 1208 }, 
        {"sofa" : 12,  "begin" : 1424,  "end" : 1562 }, 
        {"sofa" : 12,  "begin" : 1563,  "end" : 1623 }, 
        {"sofa" : 12,  "begin" : 1624,  "end" : 1749 }, 
        {"sofa" : 12,  "begin" : 2645,  "end" : 2744 }, 
        {"sofa" : 12,  "begin" : 2745,  "end" : 2974 }, 
        {"sofa" : 12,  "begin" : 3626,  "end" : 3722 }, 
        {"sofa" : 12,  "begin" : 3723,  "end" : 3917 }, 
        {"sofa" : 12,  "begin" : 3918,  "end" : 4088 }, 
        {"sofa" : 12,  "begin" : 4416,  "end" : 4552 }, 
        {"sofa" : 12,  "begin" : 4826,  "end" : 4954 }, 
        {"sofa" : 12,  "begin" : 5061,  "end" : 5266 }, 
        {"sofa" : 12,  "begin" : 5267,  "end" : 5330 }, 
        {"sofa" : 12,  "begin" : 5567,  "end" : 5730 }, 
        {"sofa" : 12,  "begin" : 5731,  "end" : 5937 } ], 
      "Rank4" : [
        {"sofa" : 12,  "begin" : 593,  "end" : 685 }, 
        {"sofa" : 12,  "begin" : 686,  "end" : 783 }, 
        {"sofa" : 12,  "begin" : 784,  "end" : 822 }, 
        {"sofa" : 12,  "begin" : 823,  "end" : 902 }, 
        {"sofa" : 12,  "begin" : 1209,  "end" : 1423 }, 
        {"sofa" : 12,  "begin" : 2010,  "end" : 2058 }, 
        {"sofa" : 12,  "begin" : 2409,  "end" : 2644 }, 
        {"sofa" : 12,  "begin" : 2975,  "end" : 3458 }, 
        {"sofa" : 12,  "begin" : 3459,  "end" : 3625 }, 
        {"sofa" : 12,  "begin" : 4204,  "end" : 4339 }, 
        {"sofa" : 12,  "begin" : 4340,  "end" : 4415 }, 
        {"sofa" : 12,  "begin" : 4553,  "end" : 4596 }, 
        {"sofa" : 12,  "begin" : 4597,  "end" : 4627 }, 
        {"sofa" : 12,  "begin" : 4628,  "end" : 4738 }, 
        {"sofa" : 12,  "begin" : 4739,  "end" : 4825 }, 
        {"sofa" : 12,  "begin" : 5333,  "end" : 5566 }, 
        {"sofa" : 12,  "begin" : 6092,  "end" : 6226 }, 
        {"sofa" : 12,  "begin" : 6228,  "end" : 6390 }, 
        {"sofa" : 12,  "begin" : 6391,  "end" : 6454 } ], 
      "Rank5" : [
        {"sofa" : 12,  "begin" : 1951,  "end" : 2009 }, 
        {"sofa" : 12,  "begin" : 2184,  "end" : 2408 } ] } }, 
  "_referenced_fss" : {
    "12" : {"_type" : "Sofa",  "sofaNum" : 1,  "sofaID" : "_InitialView",  "mimeType" : "text",  "sofaString" : "CRIMINAL APPELLATE JURISDICTION Criminal Appeal No. 11 of 1950. Appeal under Art. 134 (1) (c) of the Constitution of India against the Judgment and Order dated the 10th April, 1950, of the High Court of Judicature at Simla in Criminal Revision No. 449 of 1949. The facts of the case appear in the judgment. Kundan Lal Arora for the appellant. S.N. Chopra for the respondent. 1951. May 23. The Judgment of the Court was delivered by Bose J. --This is a criminal appeal against a convic- tion under section 16 of the Punjab Trade Employees Act, 1940, as amended in 1943, read with section 7(1). The appellant is a shopkeeper who owns and runs a shop in the Cantonment Area of Ferozepore. He has no employees within the meaning of the Act but is assisted by his son in running the shop. The shop is divided into two sections. In one, articles of haberdashery are sold in the other, articles of stationery. Section 7(1) of the Act as amended requires that Save as otherwise provided by this Act, every shop shall remain closed on a close day. Sub-section (2)(i) states that-- The choice of a close day shall rest with the owner or occupier of a shop and shall be intimated to the prescribed authority within etc. The appellant made the following choice. He elected to close the haberdashery section on Mondays and the stationery section on Saturdays and gave the necessary intimation to the prescribed authority to that effect. On Monday, the 17th of May, 1948, the appellants son sold a tin of boot polish to a customer from the haberdash- ery, section of the shop. The appellant was present in person at the time of the sale. Monday was a close day for the haberdashery section and so the appellant was prosecuted under section 16 read with section 7. \nThe trying Magistrate held that in selling the article of haberdashery on a close day and in not observing Monday as a close day the appellant had infringed the provisions of section 7(1) of the Act. He accordingly convicted him and imposed a fine of Rs. 20. A revision application to the High Court failed. The High Court held that as the appellant had failed to keep his shop closed one day in the week, his conviction was proper. A certificate for leave to appeal to this Court, on the ground that a substantial question of law relating to the Govern- ment of India Act, 1935, was involved, was granted and that is how we come to be seized of the matter. The learned counsel for the appellant contended that section 7 of the Act is ultra vires in that it does not fall under any of the items in either the Provincial or the Concurrent Legislative Lists in the Government of India Act, 1935. In our opinion, the matter can come either under item No. 27 in List II or item No. 27 in List III. Item No. 27 in List II covers trade and commerce within the Province. In our opinion, a Provincial Government could, under that entry, regulate the hours, place, date and manner of sale of any particular commodity or commodities. It could, for example, state that the sale of explosives or other dangerous substances should only be in selected areas, at specified times or on specified days when extra precau- tions for the general safety of the public and those direct- ly concerned could be arranged for. \nThat would appear to be obvious. In the same way, it could, if it so pleased, say that there shall be no sales on a particular day, say a Sunday or a Friday, or on days of religious festivals and so forth. Instead of doing that, it has chosen to regulate the internal trade of the Province in this manner which is only one of the various ways in which it could have acted. The matter can also be brought under item 27 in List III welfare of labour conditions of labour. The im- pugned section is a general one and applies to all kinds of shops that is to say, to those in which labour is employed as well as to those which are run by the owners and their families. The Act in which the section occurs is directed at regulating the hours of employment of persons who are employed in the business of shops or commercial establish- ments. Therefore, in so far as section 7 covers establish- ments where labour is employed, it is undoubtedly intra vires. But it was argued that the section can have no appli- cation to shops which an owner runs with or without the assistance of his family. Reliance for this was placed on section 2-A (i) and (j) which is as follows 2-A. Nothing in this Act shall apply to-- \n persons employed in a managerial capacity and (j) the members of the family of the employer. It was argued that the sale was by the son. He is not affected by the Act. Therefore. he was entitled to sell and he could not sell unless the shop was kept open to enable him to do so. So also as regards the appel- lant, the owner, who was there in a managerial capacity. In our opinion, this is fallacious because the conviction here is not for the sale but for keeping the shop open on a close day. Section 2-A (j) does not give the son a right to keep the shop open or, for that matter, a right to sell. All it says is that he, being a member of the family, shall not be affected by the provisions of the Act. Section 7(1), on the other hand, is directed against the owner of the shop, not against his family. It compels the owner to keep his shop closed one day in a week. \n It was then contended that if a person employed in a managerial capacity cannot be affected by the Act, then the appellant who was there in that capacity cannot be compelled to close the shop under section 7. This is also fallacious. It happens in the present case that the owner and the manag- er are the same but the Act obviously makes provision for a class of case in which they are different. The owner is obliged to close the shop one day in a week, though the manager of the shop can work without, for example, having the twenty-four consecutive hours of rest every week which section 7-A enjoins. The appellants capacity as manager will have to be separated from his character as owner for this purpose. Section 2-A(i) does not control section 7 (1). Lastly, it was argued that the scheme of the Act makes it plain that it is for ameliorating the conditions of labour employed in shops. It cannot therefore apply to shops in which no labour is employed, particularly when the family of the employer is expressly excluded from the purview of the Act. For this reason also, it cannot fall under item 27 in List III. We are of opinion that such a narrow interpre- tation cannot be placed upon the entry. The legislature may have felt it necessary, in order to reduce the possibilities of evasion to a minimum, to encroach upon the liberties of those who would not otherwise have been affected. That we think it had power to do.\n DECISION ??" } } }