{"_context" : {
    "_types" : {
      "ACCEPTED" : {
        "_feature_types" : {"sofa" : "_ref" } }, 
      "DocumentMetaData" : {
        "_feature_types" : {"sofa" : "_ref" } }, 
      "RANK1" : {
        "_feature_types" : {"sofa" : "_ref" } }, 
      "Rank2" : {
        "_feature_types" : {"sofa" : "_ref" } }, 
      "Sentence" : {
        "_feature_types" : {"sofa" : "_ref" } }, 
      "Sofa" : {
        "_feature_types" : {"sofaArray" : "_ref" } }, 
      "TagsetDescription" : {
        "_feature_types" : {"sofa" : "_ref",  "tags" : "_ref" } }, 
      "Token" : {
        "_feature_types" : {"sofa" : "_ref",  "parent" : "_ref",  "lemma" : "_ref",  "stem" : "_ref",  "pos" : "_ref",  "morph" : "_ref",  "form" : "_ref" } }, 
      "Annotation" : {
        "_feature_types" : {"sofa" : "_ref" }, 
        "_subtypes" : ["ACCEPTED",  "DocumentAnnotation",  "RANK1",  "Rank2",  "Sentence",  "TagsetDescription",  "Token" ] }, 
      "AnnotationBase" : {
        "_feature_types" : {"sofa" : "_ref" }, 
        "_subtypes" : ["Annotation" ] }, 
      "TOP" : {
        "_subtypes" : ["AnnotationBase",  "Sofa" ] }, 
      "DocumentAnnotation" : {
        "_feature_types" : {"sofa" : "_ref" }, 
        "_subtypes" : ["DocumentMetaData" ] } } }, 
  "_views" : {
    "_InitialView" : {
      "DocumentMetaData" : [
        {"sofa" : 12,  "end" : 5149,  "language" : "x-unspecified",  "documentTitle" : "1960_265.txt",  "documentId" : "user1",  "documentUri" : "file:/home/ashutosh/.webanno/repository/project/9/document/259/source/user1",  "collectionId" : "file:/home/ashutosh/.webanno/repository/project/9/document/259/source/",  "documentBaseUri" : "file:/home/ashutosh/.webanno/repository/project/9/document/259/source/",  "isLastSegment" : false } ], 
      "TagsetDescription" : [
        {"sofa" : 12,  "layer" : "de.tudarmstadt.ukp.dkpro.core.api.syntax.type.dependency.Dependency",  "name" : "UD Universal Dependencies (v2)",  "input" : false }, 
        {"sofa" : 12,  "layer" : "de.tudarmstadt.ukp.dkpro.core.api.ner.type.NamedEntity",  "name" : "Named Entity tags",  "input" : false }, 
        {"sofa" : 12,  "layer" : "de.tudarmstadt.ukp.dkpro.core.api.transform.type.SofaChangeAnnotation",  "name" : "Operation",  "input" : false }, 
        {"sofa" : 12,  "layer" : "de.tudarmstadt.ukp.dkpro.core.api.lexmorph.type.pos.POS",  "name" : "UD Universal POS tags (v2)",  "input" : false } ], 
      "Sentence" : [
        {"sofa" : 12,  "end" : 104 }, 
        {"sofa" : 12,  "begin" : 105,  "end" : 222 }, 
        {"sofa" : 12,  "begin" : 223,  "end" : 457 }, 
        {"sofa" : 12,  "begin" : 458,  "end" : 519 }, 
        {"sofa" : 12,  "begin" : 520,  "end" : 783 }, 
        {"sofa" : 12,  "begin" : 784,  "end" : 968 }, 
        {"sofa" : 12,  "begin" : 969,  "end" : 1205 }, 
        {"sofa" : 12,  "begin" : 1207,  "end" : 1364 }, 
        {"sofa" : 12,  "begin" : 1365,  "end" : 1628 }, 
        {"sofa" : 12,  "begin" : 1629,  "end" : 1660 }, 
        {"sofa" : 12,  "begin" : 1661,  "end" : 1816 }, 
        {"sofa" : 12,  "begin" : 1818,  "end" : 2206 }, 
        {"sofa" : 12,  "begin" : 2207,  "end" : 2442 }, 
        {"sofa" : 12,  "begin" : 2444,  "end" : 2641 }, 
        {"sofa" : 12,  "begin" : 2642,  "end" : 2875 }, 
        {"sofa" : 12,  "begin" : 2876,  "end" : 2997 }, 
        {"sofa" : 12,  "begin" : 2998,  "end" : 3632 }, 
        {"sofa" : 12,  "begin" : 3634,  "end" : 3894 }, 
        {"sofa" : 12,  "begin" : 3895,  "end" : 4146 }, 
        {"sofa" : 12,  "begin" : 4147,  "end" : 4212 }, 
        {"sofa" : 12,  "begin" : 4214,  "end" : 4268 }, 
        {"sofa" : 12,  "begin" : 4269,  "end" : 4314 }, 
        {"sofa" : 12,  "begin" : 4315,  "end" : 4435 }, 
        {"sofa" : 12,  "begin" : 4436,  "end" : 4526 }, 
        {"sofa" : 12,  "begin" : 4527,  "end" : 4787 }, 
        {"sofa" : 12,  "begin" : 4788,  "end" : 4956 }, 
        {"sofa" : 12,  "begin" : 4957,  "end" : 5137 }, 
        {"sofa" : 12,  "begin" : 5138,  "end" : 5149 } ], 
      "Token" : [
        {"sofa" : 12,  "end" : 3 }, 
        {"sofa" : 12,  "begin" : 4,  "end" : 9 }, 
        {"sofa" : 12,  "begin" : 10,  "end" : 12 }, 
        {"sofa" : 12,  "begin" : 13,  "end" : 19 }, 
        {"sofa" : 12,  "begin" : 20,  "end" : 23 }, 
        {"sofa" : 12,  "begin" : 24,  "end" : 27 }, 
        {"sofa" : 12,  "begin" : 28,  "end" : 38 }, 
        {"sofa" : 12,  "begin" : 39,  "end" : 41 }, 
        {"sofa" : 12,  "begin" : 42,  "end" : 50 }, 
        {"sofa" : 12,  "begin" : 51,  "end" : 54 }, 
        {"sofa" : 12,  "begin" : 55,  "end" : 68 }, 
        {"sofa" : 12,  "begin" : 69,  "end" : 75 }, 
        {"sofa" : 12,  "begin" : 76,  "end" : 79 }, 
        {"sofa" : 12,  "begin" : 80,  "end" : 83 }, 
        {"sofa" : 12,  "begin" : 84,  "end" : 94 }, 
        {"sofa" : 12,  "begin" : 94,  "end" : 95 }, 
        {"sofa" : 12,  "begin" : 96,  "end" : 99 }, 
        {"sofa" : 12,  "begin" : 100,  "end" : 103 }, 
        {"sofa" : 12,  "begin" : 103,  "end" : 104 }, 
        {"sofa" : 12,  "begin" : 105,  "end" : 112 }, 
        {"sofa" : 12,  "begin" : 113,  "end" : 115 }, 
        {"sofa" : 12,  "begin" : 115,  "end" : 116 }, 
        {"sofa" : 12,  "begin" : 116,  "end" : 117 }, 
        {"sofa" : 12,  "begin" : 118,  "end" : 119 }, 
        {"sofa" : 12,  "begin" : 120,  "end" : 131 }, 
        {"sofa" : 12,  "begin" : 132,  "end" : 136 }, 
        {"sofa" : 12,  "begin" : 136,  "end" : 137 }, 
        {"sofa" : 12,  "begin" : 138,  "end" : 140 }, 
        {"sofa" : 12,  "begin" : 141,  "end" : 144 }, 
        {"sofa" : 12,  "begin" : 145,  "end" : 150 }, 
        {"sofa" : 12,  "begin" : 151,  "end" : 161 }, 
        {"sofa" : 12,  "begin" : 161,  "end" : 162 }, 
        {"sofa" : 12,  "begin" : 163,  "end" : 166 }, 
        {"sofa" : 12,  "begin" : 167,  "end" : 170 }, 
        {"sofa" : 12,  "begin" : 171,  "end" : 179 }, 
        {"sofa" : 12,  "begin" : 180,  "end" : 182 }, 
        {"sofa" : 12,  "begin" : 183,  "end" : 186 }, 
        {"sofa" : 12,  "begin" : 187,  "end" : 191 }, 
        {"sofa" : 12,  "begin" : 192,  "end" : 195 }, 
        {"sofa" : 12,  "begin" : 196,  "end" : 199 }, 
        {"sofa" : 12,  "begin" : 200,  "end" : 209 }, 
        {"sofa" : 12,  "begin" : 210,  "end" : 221 }, 
        {"sofa" : 12,  "begin" : 221,  "end" : 222 }, 
        {"sofa" : 12,  "begin" : 223,  "end" : 226 }, 
        {"sofa" : 12,  "begin" : 227,  "end" : 238 }, 
        {"sofa" : 12,  "begin" : 239,  "end" : 243 }, 
        {"sofa" : 12,  "begin" : 244,  "end" : 249 }, 
        {"sofa" : 12,  "begin" : 250,  "end" : 258 }, 
        {"sofa" : 12,  "begin" : 259,  "end" : 261 }, 
        {"sofa" : 12,  "begin" : 262,  "end" : 266 }, 
        {"sofa" : 12,  "begin" : 267,  "end" : 274 }, 
        {"sofa" : 12,  "begin" : 275,  "end" : 279 }, 
        {"sofa" : 12,  "begin" : 280,  "end" : 286 }, 
        {"sofa" : 12,  "begin" : 286,  "end" : 287 }, 
        {"sofa" : 12,  "begin" : 288,  "end" : 294 }, 
        {"sofa" : 12,  "begin" : 294,  "end" : 295 }, 
        {"sofa" : 12,  "begin" : 296,  "end" : 305 }, 
        {"sofa" : 12,  "begin" : 306,  "end" : 309 }, 
        {"sofa" : 12,  "begin" : 309,  "end" : 310 }, 
        {"sofa" : 12,  "begin" : 310,  "end" : 311 }, 
        {"sofa" : 12,  "begin" : 312,  "end" : 315 }, 
        {"sofa" : 12,  "begin" : 316,  "end" : 320 }, 
        {"sofa" : 12,  "begin" : 321,  "end" : 329 }, 
        {"sofa" : 12,  "begin" : 330,  "end" : 332 }, 
        {"sofa" : 12,  "begin" : 333,  "end" : 338 }, 
        {"sofa" : 12,  "begin" : 339,  "end" : 342 }, 
        {"sofa" : 12,  "begin" : 343,  "end" : 348 }, 
        {"sofa" : 12,  "begin" : 349,  "end" : 352 }, 
        {"sofa" : 12,  "begin" : 353,  "end" : 370 }, 
        {"sofa" : 12,  "begin" : 371,  "end" : 378 }, 
        {"sofa" : 12,  "begin" : 379,  "end" : 384 }, 
        {"sofa" : 12,  "begin" : 385,  "end" : 388 }, 
        {"sofa" : 12,  "begin" : 389,  "end" : 392 }, 
        {"sofa" : 12,  "begin" : 393,  "end" : 395 }, 
        {"sofa" : 12,  "begin" : 396,  "end" : 398 }, 
        {"sofa" : 12,  "begin" : 399,  "end" : 403 }, 
        {"sofa" : 12,  "begin" : 404,  "end" : 405 }, 
        {"sofa" : 12,  "begin" : 405,  "end" : 413 }, 
        {"sofa" : 12,  "begin" : 414,  "end" : 416 }, 
        {"sofa" : 12,  "begin" : 417,  "end" : 419 }, 
        {"sofa" : 12,  "begin" : 420,  "end" : 423 }, 
        {"sofa" : 12,  "begin" : 424,  "end" : 427 }, 
        {"sofa" : 12,  "begin" : 427,  "end" : 428 }, 
        {"sofa" : 12,  "begin" : 428,  "end" : 429 }, 
        {"sofa" : 12,  "begin" : 430,  "end" : 433 }, 
        {"sofa" : 12,  "begin" : 434,  "end" : 437 }, 
        {"sofa" : 12,  "begin" : 438,  "end" : 443 }, 
        {"sofa" : 12,  "begin" : 444,  "end" : 448 }, 
        {"sofa" : 12,  "begin" : 449,  "end" : 451 }, 
        {"sofa" : 12,  "begin" : 452,  "end" : 456 }, 
        {"sofa" : 12,  "begin" : 456,  "end" : 457 }, 
        {"sofa" : 12,  "begin" : 458,  "end" : 461 }, 
        {"sofa" : 12,  "begin" : 462,  "end" : 473 }, 
        {"sofa" : 12,  "begin" : 474,  "end" : 478 }, 
        {"sofa" : 12,  "begin" : 479,  "end" : 481 }, 
        {"sofa" : 12,  "begin" : 482,  "end" : 485 }, 
        {"sofa" : 12,  "begin" : 486,  "end" : 487 }, 
        {"sofa" : 12,  "begin" : 488,  "end" : 491 }, 
        {"sofa" : 12,  "begin" : 492,  "end" : 494 }, 
        {"sofa" : 12,  "begin" : 495,  "end" : 497 }, 
        {"sofa" : 12,  "begin" : 497,  "end" : 498 }, 
        {"sofa" : 12,  "begin" : 499,  "end" : 507 }, 
        {"sofa" : 12,  "begin" : 507,  "end" : 508 }, 
        {"sofa" : 12,  "begin" : 508,  "end" : 509 }, 
        {"sofa" : 12,  "begin" : 509,  "end" : 510 }, 
        {"sofa" : 12,  "begin" : 510,  "end" : 511 }, 
        {"sofa" : 12,  "begin" : 512,  "end" : 514 }, 
        {"sofa" : 12,  "begin" : 515,  "end" : 518 }, 
        {"sofa" : 12,  "begin" : 518,  "end" : 519 }, 
        {"sofa" : 12,  "begin" : 520,  "end" : 522 }, 
        {"sofa" : 12,  "begin" : 523,  "end" : 527 }, 
        {"sofa" : 12,  "begin" : 527,  "end" : 528 }, 
        {"sofa" : 12,  "begin" : 529,  "end" : 540 }, 
        {"sofa" : 12,  "begin" : 541,  "end" : 545 }, 
        {"sofa" : 12,  "begin" : 546,  "end" : 553 }, 
        {"sofa" : 12,  "begin" : 554,  "end" : 561 }, 
        {"sofa" : 12,  "begin" : 562,  "end" : 566 }, 
        {"sofa" : 12,  "begin" : 567,  "end" : 572 }, 
        {"sofa" : 12,  "begin" : 573,  "end" : 574 }, 
        {"sofa" : 12,  "begin" : 574,  "end" : 575 }, 
        {"sofa" : 12,  "begin" : 576,  "end" : 578 }, 
        {"sofa" : 12,  "begin" : 579,  "end" : 581 }, 
        {"sofa" : 12,  "begin" : 582,  "end" : 585 }, 
        {"sofa" : 12,  "begin" : 586,  "end" : 589 }, 
        {"sofa" : 12,  "begin" : 589,  "end" : 590 }, 
        {"sofa" : 12,  "begin" : 591,  "end" : 596 }, 
        {"sofa" : 12,  "begin" : 597,  "end" : 605 }, 
        {"sofa" : 12,  "begin" : 606,  "end" : 610 }, 
        {"sofa" : 12,  "begin" : 611,  "end" : 613 }, 
        {"sofa" : 12,  "begin" : 614,  "end" : 617 }, 
        {"sofa" : 12,  "begin" : 618,  "end" : 621 }, 
        {"sofa" : 12,  "begin" : 622,  "end" : 624 }, 
        {"sofa" : 12,  "begin" : 625,  "end" : 628 }, 
        {"sofa" : 12,  "begin" : 629,  "end" : 633 }, 
        {"sofa" : 12,  "begin" : 634,  "end" : 636 }, 
        {"sofa" : 12,  "begin" : 637,  "end" : 641 }, 
        {"sofa" : 12,  "begin" : 642,  "end" : 646 }, 
        {"sofa" : 12,  "begin" : 647,  "end" : 649 }, 
        {"sofa" : 12,  "begin" : 650,  "end" : 654 }, 
        {"sofa" : 12,  "begin" : 655,  "end" : 662 }, 
        {"sofa" : 12,  "begin" : 662,  "end" : 663 }, 
        {"sofa" : 12,  "begin" : 664,  "end" : 667 }, 
        {"sofa" : 12,  "begin" : 668,  "end" : 673 }, 
        {"sofa" : 12,  "begin" : 674,  "end" : 676 }, 
        {"sofa" : 12,  "begin" : 677,  "end" : 680 }, 
        {"sofa" : 12,  "begin" : 681,  "end" : 687 }, 
        {"sofa" : 12,  "begin" : 688,  "end" : 690 }, 
        {"sofa" : 12,  "begin" : 691,  "end" : 695 }, 
        {"sofa" : 12,  "begin" : 696,  "end" : 700 }, 
        {"sofa" : 12,  "begin" : 701,  "end" : 708 }, 
        {"sofa" : 12,  "begin" : 709,  "end" : 711 }, 
        {"sofa" : 12,  "begin" : 712,  "end" : 719 }, 
        {"sofa" : 12,  "begin" : 720,  "end" : 723 }, 
        {"sofa" : 12,  "begin" : 723,  "end" : 724 }, 
        {"sofa" : 12,  "begin" : 725,  "end" : 728 }, 
        {"sofa" : 12,  "begin" : 729,  "end" : 731 }, 
        {"sofa" : 12,  "begin" : 732,  "end" : 741 }, 
        {"sofa" : 12,  "begin" : 742,  "end" : 744 }, 
        {"sofa" : 12,  "begin" : 745,  "end" : 747 }, 
        {"sofa" : 12,  "begin" : 748,  "end" : 750 }, 
        {"sofa" : 12,  "begin" : 751,  "end" : 755 }, 
        {"sofa" : 12,  "begin" : 756,  "end" : 758 }, 
        {"sofa" : 12,  "begin" : 759,  "end" : 766 }, 
        {"sofa" : 12,  "begin" : 767,  "end" : 769 }, 
        {"sofa" : 12,  "begin" : 770,  "end" : 774 }, 
        {"sofa" : 12,  "begin" : 775,  "end" : 782 }, 
        {"sofa" : 12,  "begin" : 782,  "end" : 783 }, 
        {"sofa" : 12,  "begin" : 784,  "end" : 786 }, 
        {"sofa" : 12,  "begin" : 787,  "end" : 794 }, 
        {"sofa" : 12,  "begin" : 795,  "end" : 799 }, 
        {"sofa" : 12,  "begin" : 800,  "end" : 803 }, 
        {"sofa" : 12,  "begin" : 804,  "end" : 807 }, 
        {"sofa" : 12,  "begin" : 807,  "end" : 808 }, 
        {"sofa" : 12,  "begin" : 809,  "end" : 817 }, 
        {"sofa" : 12,  "begin" : 818,  "end" : 822 }, 
        {"sofa" : 12,  "begin" : 823,  "end" : 826 }, 
        {"sofa" : 12,  "begin" : 827,  "end" : 835 }, 
        {"sofa" : 12,  "begin" : 835,  "end" : 836 }, 
        {"sofa" : 12,  "begin" : 837,  "end" : 840 }, 
        {"sofa" : 12,  "begin" : 841,  "end" : 842 }, 
        {"sofa" : 12,  "begin" : 843,  "end" : 854 }, 
        {"sofa" : 12,  "begin" : 855,  "end" : 860 }, 
        {"sofa" : 12,  "begin" : 861,  "end" : 862 }, 
        {"sofa" : 12,  "begin" : 862,  "end" : 863 }, 
        {"sofa" : 12,  "begin" : 864,  "end" : 866 }, 
        {"sofa" : 12,  "begin" : 867,  "end" : 869 }, 
        {"sofa" : 12,  "begin" : 870,  "end" : 873 }, 
        {"sofa" : 12,  "begin" : 874,  "end" : 877 }, 
        {"sofa" : 12,  "begin" : 878,  "end" : 881 }, 
        {"sofa" : 12,  "begin" : 882,  "end" : 892 }, 
        {"sofa" : 12,  "begin" : 893,  "end" : 900 }, 
        {"sofa" : 12,  "begin" : 901,  "end" : 904 }, 
        {"sofa" : 12,  "begin" : 905,  "end" : 913 }, 
        {"sofa" : 12,  "begin" : 914,  "end" : 916 }, 
        {"sofa" : 12,  "begin" : 917,  "end" : 920 }, 
        {"sofa" : 12,  "begin" : 921,  "end" : 926 }, 
        {"sofa" : 12,  "begin" : 927,  "end" : 929 }, 
        {"sofa" : 12,  "begin" : 930,  "end" : 933 }, 
        {"sofa" : 12,  "begin" : 934,  "end" : 939 }, 
        {"sofa" : 12,  "begin" : 940,  "end" : 945 }, 
        {"sofa" : 12,  "begin" : 946,  "end" : 956 }, 
        {"sofa" : 12,  "begin" : 956,  "end" : 957 }, 
        {"sofa" : 12,  "begin" : 958,  "end" : 967 }, 
        {"sofa" : 12,  "begin" : 967,  "end" : 968 }, 
        {"sofa" : 12,  "begin" : 969,  "end" : 980 }, 
        {"sofa" : 12,  "begin" : 981,  "end" : 982 }, 
        {"sofa" : 12,  "begin" : 983,  "end" : 985 }, 
        {"sofa" : 12,  "begin" : 986,  "end" : 987 }, 
        {"sofa" : 12,  "begin" : 988,  "end" : 995 }, 
        {"sofa" : 12,  "begin" : 996,  "end" : 1002 }, 
        {"sofa" : 12,  "begin" : 1002,  "end" : 1003 }, 
        {"sofa" : 12,  "begin" : 1004,  "end" : 1007 }, 
        {"sofa" : 12,  "begin" : 1008,  "end" : 1011 }, 
        {"sofa" : 12,  "begin" : 1012,  "end" : 1022 }, 
        {"sofa" : 12,  "begin" : 1023,  "end" : 1029 }, 
        {"sofa" : 12,  "begin" : 1030,  "end" : 1032 }, 
        {"sofa" : 12,  "begin" : 1033,  "end" : 1038 }, 
        {"sofa" : 12,  "begin" : 1039,  "end" : 1041 }, 
        {"sofa" : 12,  "begin" : 1042,  "end" : 1049 }, 
        {"sofa" : 12,  "begin" : 1050,  "end" : 1052 }, 
        {"sofa" : 12,  "begin" : 1052,  "end" : 1053 }, 
        {"sofa" : 12,  "begin" : 1054,  "end" : 1058 }, 
        {"sofa" : 12,  "begin" : 1059,  "end" : 1061 }, 
        {"sofa" : 12,  "begin" : 1062,  "end" : 1069 }, 
        {"sofa" : 12,  "begin" : 1070,  "end" : 1073 }, 
        {"sofa" : 12,  "begin" : 1074,  "end" : 1082 }, 
        {"sofa" : 12,  "begin" : 1083,  "end" : 1085 }, 
        {"sofa" : 12,  "begin" : 1086,  "end" : 1091 }, 
        {"sofa" : 12,  "begin" : 1092,  "end" : 1097 }, 
        {"sofa" : 12,  "begin" : 1098,  "end" : 1103 }, 
        {"sofa" : 12,  "begin" : 1104,  "end" : 1105 }, 
        {"sofa" : 12,  "begin" : 1106,  "end" : 1107 }, 
        {"sofa" : 12,  "begin" : 1108,  "end" : 1110 }, 
        {"sofa" : 12,  "begin" : 1111,  "end" : 1112 }, 
        {"sofa" : 12,  "begin" : 1113,  "end" : 1122 }, 
        {"sofa" : 12,  "begin" : 1123,  "end" : 1125 }, 
        {"sofa" : 12,  "begin" : 1126,  "end" : 1129 }, 
        {"sofa" : 12,  "begin" : 1130,  "end" : 1131 }, 
        {"sofa" : 12,  "begin" : 1132,  "end" : 1136 }, 
        {"sofa" : 12,  "begin" : 1137,  "end" : 1139 }, 
        {"sofa" : 12,  "begin" : 1140,  "end" : 1142 }, 
        {"sofa" : 12,  "begin" : 1142,  "end" : 1143 }, 
        {"sofa" : 12,  "begin" : 1144,  "end" : 1146 }, 
        {"sofa" : 12,  "begin" : 1146,  "end" : 1147 }, 
        {"sofa" : 12,  "begin" : 1147,  "end" : 1148 }, 
        {"sofa" : 12,  "begin" : 1149,  "end" : 1153 }, 
        {"sofa" : 12,  "begin" : 1154,  "end" : 1157 }, 
        {"sofa" : 12,  "begin" : 1158,  "end" : 1160 }, 
        {"sofa" : 12,  "begin" : 1161,  "end" : 1168 }, 
        {"sofa" : 12,  "begin" : 1169,  "end" : 1171 }, 
        {"sofa" : 12,  "begin" : 1172,  "end" : 1179 }, 
        {"sofa" : 12,  "begin" : 1180,  "end" : 1181 }, 
        {"sofa" : 12,  "begin" : 1181,  "end" : 1182 }, 
        {"sofa" : 12,  "begin" : 1183,  "end" : 1184 }, 
        {"sofa" : 12,  "begin" : 1184,  "end" : 1185 }, 
        {"sofa" : 12,  "begin" : 1186,  "end" : 1189 }, 
        {"sofa" : 12,  "begin" : 1190,  "end" : 1193 }, 
        {"sofa" : 12,  "begin" : 1194,  "end" : 1199 }, 
        {"sofa" : 12,  "begin" : 1200,  "end" : 1204 }, 
        {"sofa" : 12,  "begin" : 1204,  "end" : 1205 }, 
        {"sofa" : 12,  "begin" : 1207,  "end" : 1208 }, 
        {"sofa" : 12,  "begin" : 1209,  "end" : 1210 }, 
        {"sofa" : 12,  "begin" : 1211,  "end" : 1213 }, 
        {"sofa" : 12,  "begin" : 1214,  "end" : 1215 }, 
        {"sofa" : 12,  "begin" : 1216,  "end" : 1221 }, 
        {"sofa" : 12,  "begin" : 1222,  "end" : 1226 }, 
        {"sofa" : 12,  "begin" : 1227,  "end" : 1231 }, 
        {"sofa" : 12,  "begin" : 1232,  "end" : 1238 }, 
        {"sofa" : 12,  "begin" : 1239,  "end" : 1241 }, 
        {"sofa" : 12,  "begin" : 1242,  "end" : 1245 }, 
        {"sofa" : 12,  "begin" : 1246,  "end" : 1248 }, 
        {"sofa" : 12,  "begin" : 1249,  "end" : 1255 }, 
        {"sofa" : 12,  "begin" : 1256,  "end" : 1258 }, 
        {"sofa" : 12,  "begin" : 1259,  "end" : 1262 }, 
        {"sofa" : 12,  "begin" : 1263,  "end" : 1272 }, 
        {"sofa" : 12,  "begin" : 1273,  "end" : 1282 }, 
        {"sofa" : 12,  "begin" : 1282,  "end" : 1283 }, 
        {"sofa" : 12,  "begin" : 1284,  "end" : 1285 }, 
        {"sofa" : 12,  "begin" : 1286,  "end" : 1289 }, 
        {"sofa" : 12,  "begin" : 1290,  "end" : 1292 }, 
        {"sofa" : 12,  "begin" : 1293,  "end" : 1295 }, 
        {"sofa" : 12,  "begin" : 1295,  "end" : 1296 }, 
        {"sofa" : 12,  "begin" : 1297,  "end" : 1305 }, 
        {"sofa" : 12,  "begin" : 1305,  "end" : 1306 }, 
        {"sofa" : 12,  "begin" : 1306,  "end" : 1307 }, 
        {"sofa" : 12,  "begin" : 1307,  "end" : 1308 }, 
        {"sofa" : 12,  "begin" : 1308,  "end" : 1309 }, 
        {"sofa" : 12,  "begin" : 1310,  "end" : 1313 }, 
        {"sofa" : 12,  "begin" : 1314,  "end" : 1318 }, 
        {"sofa" : 12,  "begin" : 1319,  "end" : 1323 }, 
        {"sofa" : 12,  "begin" : 1324,  "end" : 1326 }, 
        {"sofa" : 12,  "begin" : 1327,  "end" : 1332 }, 
        {"sofa" : 12,  "begin" : 1333,  "end" : 1336 }, 
        {"sofa" : 12,  "begin" : 1337,  "end" : 1340 }, 
        {"sofa" : 12,  "begin" : 1341,  "end" : 1344 }, 
        {"sofa" : 12,  "begin" : 1345,  "end" : 1350 }, 
        {"sofa" : 12,  "begin" : 1351,  "end" : 1355 }, 
        {"sofa" : 12,  "begin" : 1356,  "end" : 1358 }, 
        {"sofa" : 12,  "begin" : 1359,  "end" : 1363 }, 
        {"sofa" : 12,  "begin" : 1363,  "end" : 1364 }, 
        {"sofa" : 12,  "begin" : 1365,  "end" : 1369 }, 
        {"sofa" : 12,  "begin" : 1370,  "end" : 1376 }, 
        {"sofa" : 12,  "begin" : 1377,  "end" : 1381 }, 
        {"sofa" : 12,  "begin" : 1382,  "end" : 1384 }, 
        {"sofa" : 12,  "begin" : 1385,  "end" : 1393 }, 
        {"sofa" : 12,  "begin" : 1394,  "end" : 1398 }, 
        {"sofa" : 12,  "begin" : 1399,  "end" : 1400 }, 
        {"sofa" : 12,  "begin" : 1401,  "end" : 1402 }, 
        {"sofa" : 12,  "begin" : 1403,  "end" : 1405 }, 
        {"sofa" : 12,  "begin" : 1406,  "end" : 1407 }, 
        {"sofa" : 12,  "begin" : 1407,  "end" : 1408 }, 
        {"sofa" : 12,  "begin" : 1409,  "end" : 1416 }, 
        {"sofa" : 12,  "begin" : 1417,  "end" : 1419 }, 
        {"sofa" : 12,  "begin" : 1420,  "end" : 1429 }, 
        {"sofa" : 12,  "begin" : 1429,  "end" : 1430 }, 
        {"sofa" : 12,  "begin" : 1431,  "end" : 1443 }, 
        {"sofa" : 12,  "begin" : 1444,  "end" : 1446 }, 
        {"sofa" : 12,  "begin" : 1447,  "end" : 1459 }, 
        {"sofa" : 12,  "begin" : 1460,  "end" : 1465 }, 
        {"sofa" : 12,  "begin" : 1466,  "end" : 1469 }, 
        {"sofa" : 12,  "begin" : 1470,  "end" : 1480 }, 
        {"sofa" : 12,  "begin" : 1481,  "end" : 1483 }, 
        {"sofa" : 12,  "begin" : 1484,  "end" : 1487 }, 
        {"sofa" : 12,  "begin" : 1488,  "end" : 1494 }, 
        {"sofa" : 12,  "begin" : 1494,  "end" : 1495 }, 
        {"sofa" : 12,  "begin" : 1496,  "end" : 1499 }, 
        {"sofa" : 12,  "begin" : 1500,  "end" : 1511 }, 
        {"sofa" : 12,  "begin" : 1512,  "end" : 1514 }, 
        {"sofa" : 12,  "begin" : 1515,  "end" : 1523 }, 
        {"sofa" : 12,  "begin" : 1524,  "end" : 1529 }, 
        {"sofa" : 12,  "begin" : 1529,  "end" : 1530 }, 
        {"sofa" : 12,  "begin" : 1531,  "end" : 1533 }, 
        {"sofa" : 12,  "begin" : 1534,  "end" : 1536 }, 
        {"sofa" : 12,  "begin" : 1537,  "end" : 1539 }, 
        {"sofa" : 12,  "begin" : 1540,  "end" : 1544 }, 
        {"sofa" : 12,  "begin" : 1545,  "end" : 1546 }, 
        {"sofa" : 12,  "begin" : 1547,  "end" : 1551 }, 
        {"sofa" : 12,  "begin" : 1552,  "end" : 1559 }, 
        {"sofa" : 12,  "begin" : 1560,  "end" : 1562 }, 
        {"sofa" : 12,  "begin" : 1563,  "end" : 1567 }, 
        {"sofa" : 12,  "begin" : 1568,  "end" : 1573 }, 
        {"sofa" : 12,  "begin" : 1574,  "end" : 1576 }, 
        {"sofa" : 12,  "begin" : 1577,  "end" : 1581 }, 
        {"sofa" : 12,  "begin" : 1582,  "end" : 1589 }, 
        {"sofa" : 12,  "begin" : 1590,  "end" : 1602 }, 
        {"sofa" : 12,  "begin" : 1603,  "end" : 1606 }, 
        {"sofa" : 12,  "begin" : 1607,  "end" : 1610 }, 
        {"sofa" : 12,  "begin" : 1611,  "end" : 1613 }, 
        {"sofa" : 12,  "begin" : 1614,  "end" : 1618 }, 
        {"sofa" : 12,  "begin" : 1619,  "end" : 1627 }, 
        {"sofa" : 12,  "begin" : 1627,  "end" : 1628 }, 
        {"sofa" : 12,  "begin" : 1629,  "end" : 1633 }, 
        {"sofa" : 12,  "begin" : 1634,  "end" : 1639 }, 
        {"sofa" : 12,  "begin" : 1640,  "end" : 1643 }, 
        {"sofa" : 12,  "begin" : 1644,  "end" : 1647 }, 
        {"sofa" : 12,  "begin" : 1648,  "end" : 1659 }, 
        {"sofa" : 12,  "begin" : 1659,  "end" : 1660 }, 
        {"sofa" : 12,  "begin" : 1661,  "end" : 1669 }, 
        {"sofa" : 12,  "begin" : 1670,  "end" : 1675 }, 
        {"sofa" : 12,  "begin" : 1676,  "end" : 1677 }, 
        {"sofa" : 12,  "begin" : 1677,  "end" : 1678 }, 
        {"sofa" : 12,  "begin" : 1679,  "end" : 1682 }, 
        {"sofa" : 12,  "begin" : 1683,  "end" : 1684 }, 
        {"sofa" : 12,  "begin" : 1684,  "end" : 1685 }, 
        {"sofa" : 12,  "begin" : 1685,  "end" : 1686 }, 
        {"sofa" : 12,  "begin" : 1687,  "end" : 1688 }, 
        {"sofa" : 12,  "begin" : 1688,  "end" : 1689 }, 
        {"sofa" : 12,  "begin" : 1689,  "end" : 1690 }, 
        {"sofa" : 12,  "begin" : 1691,  "end" : 1693 }, 
        {"sofa" : 12,  "begin" : 1694,  "end" : 1697 }, 
        {"sofa" : 12,  "begin" : 1698,  "end" : 1702 }, 
        {"sofa" : 12,  "begin" : 1703,  "end" : 1705 }, 
        {"sofa" : 12,  "begin" : 1706,  "end" : 1714 }, 
        {"sofa" : 12,  "begin" : 1715,  "end" : 1724 }, 
        {"sofa" : 12,  "begin" : 1725,  "end" : 1729 }, 
        {"sofa" : 12,  "begin" : 1730,  "end" : 1736 }, 
        {"sofa" : 12,  "begin" : 1737,  "end" : 1739 }, 
        {"sofa" : 12,  "begin" : 1740,  "end" : 1743 }, 
        {"sofa" : 12,  "begin" : 1744,  "end" : 1753 }, 
        {"sofa" : 12,  "begin" : 1754,  "end" : 1756 }, 
        {"sofa" : 12,  "begin" : 1757,  "end" : 1765 }, 
        {"sofa" : 12,  "begin" : 1766,  "end" : 1774 }, 
        {"sofa" : 12,  "begin" : 1775,  "end" : 1778 }, 
        {"sofa" : 12,  "begin" : 1779,  "end" : 1787 }, 
        {"sofa" : 12,  "begin" : 1788,  "end" : 1790 }, 
        {"sofa" : 12,  "begin" : 1791,  "end" : 1794 }, 
        {"sofa" : 12,  "begin" : 1795,  "end" : 1802 }, 
        {"sofa" : 12,  "begin" : 1803,  "end" : 1805 }, 
        {"sofa" : 12,  "begin" : 1806,  "end" : 1811 }, 
        {"sofa" : 12,  "begin" : 1812,  "end" : 1815 }, 
        {"sofa" : 12,  "begin" : 1815,  "end" : 1816 }, 
        {"sofa" : 12,  "begin" : 1818,  "end" : 1821 }, 
        {"sofa" : 12,  "begin" : 1822,  "end" : 1833 }, 
        {"sofa" : 12,  "begin" : 1833,  "end" : 1834 }, 
        {"sofa" : 12,  "begin" : 1835,  "end" : 1842 }, 
        {"sofa" : 12,  "begin" : 1842,  "end" : 1843 }, 
        {"sofa" : 12,  "begin" : 1844,  "end" : 1851 }, 
        {"sofa" : 12,  "begin" : 1852,  "end" : 1863 }, 
        {"sofa" : 12,  "begin" : 1864,  "end" : 1869 }, 
        {"sofa" : 12,  "begin" : 1870,  "end" : 1875 }, 
        {"sofa" : 12,  "begin" : 1876,  "end" : 1877 }, 
        {"sofa" : 12,  "begin" : 1877,  "end" : 1878 }, 
        {"sofa" : 12,  "begin" : 1879,  "end" : 1881 }, 
        {"sofa" : 12,  "begin" : 1882,  "end" : 1884 }, 
        {"sofa" : 12,  "begin" : 1885,  "end" : 1888 }, 
        {"sofa" : 12,  "begin" : 1889,  "end" : 1892 }, 
        {"sofa" : 12,  "begin" : 1893,  "end" : 1897 }, 
        {"sofa" : 12,  "begin" : 1898,  "end" : 1902 }, 
        {"sofa" : 12,  "begin" : 1903,  "end" : 1906 }, 
        {"sofa" : 12,  "begin" : 1907,  "end" : 1917 }, 
        {"sofa" : 12,  "begin" : 1918,  "end" : 1920 }, 
        {"sofa" : 12,  "begin" : 1921,  "end" : 1924 }, 
        {"sofa" : 12,  "begin" : 1925,  "end" : 1935 }, 
        {"sofa" : 12,  "begin" : 1935,  "end" : 1936 }, 
        {"sofa" : 12,  "begin" : 1937,  "end" : 1943 }, 
        {"sofa" : 12,  "begin" : 1944,  "end" : 1951 }, 
        {"sofa" : 12,  "begin" : 1952,  "end" : 1960 }, 
        {"sofa" : 12,  "begin" : 1961,  "end" : 1964 }, 
        {"sofa" : 12,  "begin" : 1964,  "end" : 1965 }, 
        {"sofa" : 12,  "begin" : 1966,  "end" : 1970 }, 
        {"sofa" : 12,  "begin" : 1971,  "end" : 1972 }, 
        {"sofa" : 12,  "begin" : 1972,  "end" : 1975 }, 
        {"sofa" : 12,  "begin" : 1976,  "end" : 1978 }, 
        {"sofa" : 12,  "begin" : 1979,  "end" : 1983 }, 
        {"sofa" : 12,  "begin" : 1983,  "end" : 1984 }, 
        {"sofa" : 12,  "begin" : 1984,  "end" : 1985 }, 
        {"sofa" : 12,  "begin" : 1986,  "end" : 1988 }, 
        {"sofa" : 12,  "begin" : 1989,  "end" : 1996 }, 
        {"sofa" : 12,  "begin" : 1997,  "end" : 2000 }, 
        {"sofa" : 12,  "begin" : 2001,  "end" : 2007 }, 
        {"sofa" : 12,  "begin" : 2008,  "end" : 2010 }, 
        {"sofa" : 12,  "begin" : 2011,  "end" : 2018 }, 
        {"sofa" : 12,  "begin" : 2019,  "end" : 2021 }, 
        {"sofa" : 12,  "begin" : 2022,  "end" : 2026 }, 
        {"sofa" : 12,  "begin" : 2027,  "end" : 2034 }, 
        {"sofa" : 12,  "begin" : 2034,  "end" : 2035 }, 
        {"sofa" : 12,  "begin" : 2036,  "end" : 2039 }, 
        {"sofa" : 12,  "begin" : 2040,  "end" : 2048 }, 
        {"sofa" : 12,  "begin" : 2049,  "end" : 2053 }, 
        {"sofa" : 12,  "begin" : 2054,  "end" : 2064 }, 
        {"sofa" : 12,  "begin" : 2065,  "end" : 2074 }, 
        {"sofa" : 12,  "begin" : 2075,  "end" : 2077 }, 
        {"sofa" : 12,  "begin" : 2078,  "end" : 2081 }, 
        {"sofa" : 12,  "begin" : 2082,  "end" : 2093 }, 
        {"sofa" : 12,  "begin" : 2094,  "end" : 2100 }, 
        {"sofa" : 12,  "begin" : 2101,  "end" : 2104 }, 
        {"sofa" : 12,  "begin" : 2105,  "end" : 2117 }, 
        {"sofa" : 12,  "begin" : 2118,  "end" : 2120 }, 
        {"sofa" : 12,  "begin" : 2121,  "end" : 2124 }, 
        {"sofa" : 12,  "begin" : 2125,  "end" : 2131 }, 
        {"sofa" : 12,  "begin" : 2132,  "end" : 2135 }, 
        {"sofa" : 12,  "begin" : 2136,  "end" : 2141 }, 
        {"sofa" : 12,  "begin" : 2142,  "end" : 2152 }, 
        {"sofa" : 12,  "begin" : 2152,  "end" : 2153 }, 
        {"sofa" : 12,  "begin" : 2154,  "end" : 2157 }, 
        {"sofa" : 12,  "begin" : 2158,  "end" : 2168 }, 
        {"sofa" : 12,  "begin" : 2169,  "end" : 2171 }, 
        {"sofa" : 12,  "begin" : 2172,  "end" : 2180 }, 
        {"sofa" : 12,  "begin" : 2181,  "end" : 2184 }, 
        {"sofa" : 12,  "begin" : 2185,  "end" : 2198 }, 
        {"sofa" : 12,  "begin" : 2199,  "end" : 2205 }, 
        {"sofa" : 12,  "begin" : 2205,  "end" : 2206 }, 
        {"sofa" : 12,  "begin" : 2207,  "end" : 2210 }, 
        {"sofa" : 12,  "begin" : 2211,  "end" : 2215 }, 
        {"sofa" : 12,  "begin" : 2216,  "end" : 2225 }, 
        {"sofa" : 12,  "begin" : 2226,  "end" : 2231 }, 
        {"sofa" : 12,  "begin" : 2232,  "end" : 2235 }, 
        {"sofa" : 12,  "begin" : 2236,  "end" : 2244 }, 
        {"sofa" : 12,  "begin" : 2245,  "end" : 2250 }, 
        {"sofa" : 12,  "begin" : 2251,  "end" : 2254 }, 
        {"sofa" : 12,  "begin" : 2254,  "end" : 2255 }, 
        {"sofa" : 12,  "begin" : 2256,  "end" : 2259 }, 
        {"sofa" : 12,  "begin" : 2260,  "end" : 2262 }, 
        {"sofa" : 12,  "begin" : 2263,  "end" : 2266 }, 
        {"sofa" : 12,  "begin" : 2267,  "end" : 2279 }, 
        {"sofa" : 12,  "begin" : 2280,  "end" : 2283 }, 
        {"sofa" : 12,  "begin" : 2284,  "end" : 2285 }, 
        {"sofa" : 12,  "begin" : 2286,  "end" : 2290 }, 
        {"sofa" : 12,  "begin" : 2291,  "end" : 2293 }, 
        {"sofa" : 12,  "begin" : 2294,  "end" : 2305 }, 
        {"sofa" : 12,  "begin" : 2306,  "end" : 2308 }, 
        {"sofa" : 12,  "begin" : 2309,  "end" : 2314 }, 
        {"sofa" : 12,  "begin" : 2315,  "end" : 2320 }, 
        {"sofa" : 12,  "begin" : 2321,  "end" : 2323 }, 
        {"sofa" : 12,  "begin" : 2324,  "end" : 2333 }, 
        {"sofa" : 12,  "begin" : 2334,  "end" : 2336 }, 
        {"sofa" : 12,  "begin" : 2337,  "end" : 2340 }, 
        {"sofa" : 12,  "begin" : 2341,  "end" : 2347 }, 
        {"sofa" : 12,  "begin" : 2348,  "end" : 2352 }, 
        {"sofa" : 12,  "begin" : 2353,  "end" : 2356 }, 
        {"sofa" : 12,  "begin" : 2357,  "end" : 2368 }, 
        {"sofa" : 12,  "begin" : 2369,  "end" : 2372 }, 
        {"sofa" : 12,  "begin" : 2373,  "end" : 2384 }, 
        {"sofa" : 12,  "begin" : 2385,  "end" : 2387 }, 
        {"sofa" : 12,  "begin" : 2388,  "end" : 2391 }, 
        {"sofa" : 12,  "begin" : 2392,  "end" : 2399 }, 
        {"sofa" : 12,  "begin" : 2400,  "end" : 2405 }, 
        {"sofa" : 12,  "begin" : 2406,  "end" : 2409 }, 
        {"sofa" : 12,  "begin" : 2410,  "end" : 2417 }, 
        {"sofa" : 12,  "begin" : 2418,  "end" : 2426 }, 
        {"sofa" : 12,  "begin" : 2427,  "end" : 2430 }, 
        {"sofa" : 12,  "begin" : 2431,  "end" : 2433 }, 
        {"sofa" : 12,  "begin" : 2434,  "end" : 2441 }, 
        {"sofa" : 12,  "begin" : 2441,  "end" : 2442 }, 
        {"sofa" : 12,  "begin" : 2444,  "end" : 2446 }, 
        {"sofa" : 12,  "begin" : 2447,  "end" : 2450 }, 
        {"sofa" : 12,  "begin" : 2451,  "end" : 2459 }, 
        {"sofa" : 12,  "begin" : 2459,  "end" : 2460 }, 
        {"sofa" : 12,  "begin" : 2461,  "end" : 2464 }, 
        {"sofa" : 12,  "begin" : 2465,  "end" : 2476 }, 
        {"sofa" : 12,  "begin" : 2477,  "end" : 2482 }, 
        {"sofa" : 12,  "begin" : 2483,  "end" : 2487 }, 
        {"sofa" : 12,  "begin" : 2488,  "end" : 2496 }, 
        {"sofa" : 12,  "begin" : 2497,  "end" : 2499 }, 
        {"sofa" : 12,  "begin" : 2500,  "end" : 2504 }, 
        {"sofa" : 12,  "begin" : 2505,  "end" : 2509 }, 
        {"sofa" : 12,  "begin" : 2510,  "end" : 2520 }, 
        {"sofa" : 12,  "begin" : 2521,  "end" : 2526 }, 
        {"sofa" : 12,  "begin" : 2527,  "end" : 2528 }, 
        {"sofa" : 12,  "begin" : 2528,  "end" : 2529 }, 
        {"sofa" : 12,  "begin" : 2530,  "end" : 2532 }, 
        {"sofa" : 12,  "begin" : 2533,  "end" : 2535 }, 
        {"sofa" : 12,  "begin" : 2536,  "end" : 2539 }, 
        {"sofa" : 12,  "begin" : 2540,  "end" : 2543 }, 
        {"sofa" : 12,  "begin" : 2544,  "end" : 2547 }, 
        {"sofa" : 12,  "begin" : 2548,  "end" : 2551 }, 
        {"sofa" : 12,  "begin" : 2552,  "end" : 2562 }, 
        {"sofa" : 12,  "begin" : 2563,  "end" : 2566 }, 
        {"sofa" : 12,  "begin" : 2567,  "end" : 2573 }, 
        {"sofa" : 12,  "begin" : 2574,  "end" : 2582 }, 
        {"sofa" : 12,  "begin" : 2582,  "end" : 2583 }, 
        {"sofa" : 12,  "begin" : 2584,  "end" : 2587 }, 
        {"sofa" : 12,  "begin" : 2588,  "end" : 2597 }, 
        {"sofa" : 12,  "begin" : 2598,  "end" : 2601 }, 
        {"sofa" : 12,  "begin" : 2602,  "end" : 2610 }, 
        {"sofa" : 12,  "begin" : 2611,  "end" : 2616 }, 
        {"sofa" : 12,  "begin" : 2617,  "end" : 2618 }, 
        {"sofa" : 12,  "begin" : 2618,  "end" : 2619 }, 
        {"sofa" : 12,  "begin" : 2620,  "end" : 2622 }, 
        {"sofa" : 12,  "begin" : 2623,  "end" : 2626 }, 
        {"sofa" : 12,  "begin" : 2627,  "end" : 2630 }, 
        {"sofa" : 12,  "begin" : 2631,  "end" : 2640 }, 
        {"sofa" : 12,  "begin" : 2640,  "end" : 2641 }, 
        {"sofa" : 12,  "begin" : 2642,  "end" : 2646 }, 
        {"sofa" : 12,  "begin" : 2647,  "end" : 2656 }, 
        {"sofa" : 12,  "begin" : 2657,  "end" : 2661 }, 
        {"sofa" : 12,  "begin" : 2662,  "end" : 2667 }, 
        {"sofa" : 12,  "begin" : 2668,  "end" : 2669 }, 
        {"sofa" : 12,  "begin" : 2669,  "end" : 2670 }, 
        {"sofa" : 12,  "begin" : 2671,  "end" : 2674 }, 
        {"sofa" : 12,  "begin" : 2675,  "end" : 2677 }, 
        {"sofa" : 12,  "begin" : 2678,  "end" : 2681 }, 
        {"sofa" : 12,  "begin" : 2682,  "end" : 2686 }, 
        {"sofa" : 12,  "begin" : 2687,  "end" : 2689 }, 
        {"sofa" : 12,  "begin" : 2690,  "end" : 2698 }, 
        {"sofa" : 12,  "begin" : 2699,  "end" : 2708 }, 
        {"sofa" : 12,  "begin" : 2709,  "end" : 2712 }, 
        {"sofa" : 12,  "begin" : 2713,  "end" : 2720 }, 
        {"sofa" : 12,  "begin" : 2721,  "end" : 2723 }, 
        {"sofa" : 12,  "begin" : 2724,  "end" : 2726 }, 
        {"sofa" : 12,  "begin" : 2727,  "end" : 2729 }, 
        {"sofa" : 12,  "begin" : 2730,  "end" : 2736 }, 
        {"sofa" : 12,  "begin" : 2737,  "end" : 2739 }, 
        {"sofa" : 12,  "begin" : 2740,  "end" : 2742 }, 
        {"sofa" : 12,  "begin" : 2743,  "end" : 2744 }, 
        {"sofa" : 12,  "begin" : 2745,  "end" : 2751 }, 
        {"sofa" : 12,  "begin" : 2752,  "end" : 2755 }, 
        {"sofa" : 12,  "begin" : 2756,  "end" : 2759 }, 
        {"sofa" : 12,  "begin" : 2760,  "end" : 2762 }, 
        {"sofa" : 12,  "begin" : 2763,  "end" : 2765 }, 
        {"sofa" : 12,  "begin" : 2766,  "end" : 2774 }, 
        {"sofa" : 12,  "begin" : 2775,  "end" : 2784 }, 
        {"sofa" : 12,  "begin" : 2785,  "end" : 2787 }, 
        {"sofa" : 12,  "begin" : 2788,  "end" : 2793 }, 
        {"sofa" : 12,  "begin" : 2794,  "end" : 2801 }, 
        {"sofa" : 12,  "begin" : 2802,  "end" : 2812 }, 
        {"sofa" : 12,  "begin" : 2813,  "end" : 2815 }, 
        {"sofa" : 12,  "begin" : 2816,  "end" : 2819 }, 
        {"sofa" : 12,  "begin" : 2820,  "end" : 2829 }, 
        {"sofa" : 12,  "begin" : 2830,  "end" : 2832 }, 
        {"sofa" : 12,  "begin" : 2833,  "end" : 2840 }, 
        {"sofa" : 12,  "begin" : 2841,  "end" : 2846 }, 
        {"sofa" : 12,  "begin" : 2847,  "end" : 2850 }, 
        {"sofa" : 12,  "begin" : 2851,  "end" : 2855 }, 
        {"sofa" : 12,  "begin" : 2856,  "end" : 2858 }, 
        {"sofa" : 12,  "begin" : 2859,  "end" : 2864 }, 
        {"sofa" : 12,  "begin" : 2865,  "end" : 2874 }, 
        {"sofa" : 12,  "begin" : 2874,  "end" : 2875 }, 
        {"sofa" : 12,  "begin" : 2876,  "end" : 2880 }, 
        {"sofa" : 12,  "begin" : 2880,  "end" : 2881 }, 
        {"sofa" : 12,  "begin" : 2882,  "end" : 2891 }, 
        {"sofa" : 12,  "begin" : 2891,  "end" : 2892 }, 
        {"sofa" : 12,  "begin" : 2893,  "end" : 2902 }, 
        {"sofa" : 12,  "begin" : 2903,  "end" : 2907 }, 
        {"sofa" : 12,  "begin" : 2908,  "end" : 2911 }, 
        {"sofa" : 12,  "begin" : 2912,  "end" : 2921 }, 
        {"sofa" : 12,  "begin" : 2922,  "end" : 2927 }, 
        {"sofa" : 12,  "begin" : 2928,  "end" : 2929 }, 
        {"sofa" : 12,  "begin" : 2929,  "end" : 2930 }, 
        {"sofa" : 12,  "begin" : 2931,  "end" : 2933 }, 
        {"sofa" : 12,  "begin" : 2934,  "end" : 2936 }, 
        {"sofa" : 12,  "begin" : 2937,  "end" : 2940 }, 
        {"sofa" : 12,  "begin" : 2941,  "end" : 2944 }, 
        {"sofa" : 12,  "begin" : 2945,  "end" : 2948 }, 
        {"sofa" : 12,  "begin" : 2949,  "end" : 2951 }, 
        {"sofa" : 12,  "begin" : 2952,  "end" : 2958 }, 
        {"sofa" : 12,  "begin" : 2959,  "end" : 2963 }, 
        {"sofa" : 12,  "begin" : 2963,  "end" : 2964 }, 
        {"sofa" : 12,  "begin" : 2965,  "end" : 2968 }, 
        {"sofa" : 12,  "begin" : 2969,  "end" : 2974 }, 
        {"sofa" : 12,  "begin" : 2975,  "end" : 2978 }, 
        {"sofa" : 12,  "begin" : 2979,  "end" : 2981 }, 
        {"sofa" : 12,  "begin" : 2982,  "end" : 2991 }, 
        {"sofa" : 12,  "begin" : 2992,  "end" : 2996 }, 
        {"sofa" : 12,  "begin" : 2996,  "end" : 2997 }, 
        {"sofa" : 12,  "begin" : 2998,  "end" : 3005 }, 
        {"sofa" : 12,  "begin" : 3006,  "end" : 3008 }, 
        {"sofa" : 12,  "begin" : 3009,  "end" : 3011 }, 
        {"sofa" : 12,  "begin" : 3012,  "end" : 3015 }, 
        {"sofa" : 12,  "begin" : 3016,  "end" : 3019 }, 
        {"sofa" : 12,  "begin" : 3019,  "end" : 3020 }, 
        {"sofa" : 12,  "begin" : 3021,  "end" : 3023 }, 
        {"sofa" : 12,  "begin" : 3024,  "end" : 3027 }, 
        {"sofa" : 12,  "begin" : 3028,  "end" : 3030 }, 
        {"sofa" : 12,  "begin" : 3031,  "end" : 3033 }, 
        {"sofa" : 12,  "begin" : 3034,  "end" : 3036 }, 
        {"sofa" : 12,  "begin" : 3037,  "end" : 3045 }, 
        {"sofa" : 12,  "begin" : 3045,  "end" : 3046 }, 
        {"sofa" : 12,  "begin" : 3047,  "end" : 3052 }, 
        {"sofa" : 12,  "begin" : 3053,  "end" : 3055 }, 
        {"sofa" : 12,  "begin" : 3056,  "end" : 3063 }, 
        {"sofa" : 12,  "begin" : 3064,  "end" : 3067 }, 
        {"sofa" : 12,  "begin" : 3068,  "end" : 3074 }, 
        {"sofa" : 12,  "begin" : 3075,  "end" : 3078 }, 
        {"sofa" : 12,  "begin" : 3079,  "end" : 3080 }, 
        {"sofa" : 12,  "begin" : 3080,  "end" : 3081 }, 
        {"sofa" : 12,  "begin" : 3081,  "end" : 3082 }, 
        {"sofa" : 12,  "begin" : 3083,  "end" : 3088 }, 
        {"sofa" : 12,  "begin" : 3089,  "end" : 3091 }, 
        {"sofa" : 12,  "begin" : 3092,  "end" : 3095 }, 
        {"sofa" : 12,  "begin" : 3096,  "end" : 3102 }, 
        {"sofa" : 12,  "begin" : 3103,  "end" : 3106 }, 
        {"sofa" : 12,  "begin" : 3107,  "end" : 3111 }, 
        {"sofa" : 12,  "begin" : 3112,  "end" : 3119 }, 
        {"sofa" : 12,  "begin" : 3119,  "end" : 3120 }, 
        {"sofa" : 12,  "begin" : 3121,  "end" : 3124 }, 
        {"sofa" : 12,  "begin" : 3125,  "end" : 3128 }, 
        {"sofa" : 12,  "begin" : 3129,  "end" : 3137 }, 
        {"sofa" : 12,  "begin" : 3138,  "end" : 3140 }, 
        {"sofa" : 12,  "begin" : 3141,  "end" : 3144 }, 
        {"sofa" : 12,  "begin" : 3145,  "end" : 3150 }, 
        {"sofa" : 12,  "begin" : 3151,  "end" : 3155 }, 
        {"sofa" : 12,  "begin" : 3156,  "end" : 3159 }, 
        {"sofa" : 12,  "begin" : 3159,  "end" : 3160 }, 
        {"sofa" : 12,  "begin" : 3161,  "end" : 3163 }, 
        {"sofa" : 12,  "begin" : 3164,  "end" : 3165 }, 
        {"sofa" : 12,  "begin" : 3165,  "end" : 3166 }, 
        {"sofa" : 12,  "begin" : 3166,  "end" : 3167 }, 
        {"sofa" : 12,  "begin" : 3167,  "end" : 3179 }, 
        {"sofa" : 12,  "begin" : 3180,  "end" : 3186 }, 
        {"sofa" : 12,  "begin" : 3187,  "end" : 3190 }, 
        {"sofa" : 12,  "begin" : 3191,  "end" : 3198 }, 
        {"sofa" : 12,  "begin" : 3199,  "end" : 3201 }, 
        {"sofa" : 12,  "begin" : 3202,  "end" : 3205 }, 
        {"sofa" : 12,  "begin" : 3206,  "end" : 3209 }, 
        {"sofa" : 12,  "begin" : 3210,  "end" : 3218 }, 
        {"sofa" : 12,  "begin" : 3219,  "end" : 3221 }, 
        {"sofa" : 12,  "begin" : 3222,  "end" : 3225 }, 
        {"sofa" : 12,  "begin" : 3226,  "end" : 3231 }, 
        {"sofa" : 12,  "begin" : 3232,  "end" : 3234 }, 
        {"sofa" : 12,  "begin" : 3235,  "end" : 3245 }, 
        {"sofa" : 12,  "begin" : 3246,  "end" : 3248 }, 
        {"sofa" : 12,  "begin" : 3249,  "end" : 3250 }, 
        {"sofa" : 12,  "begin" : 3251,  "end" : 3261 }, 
        {"sofa" : 12,  "begin" : 3262,  "end" : 3264 }, 
        {"sofa" : 12,  "begin" : 3265,  "end" : 3268 }, 
        {"sofa" : 12,  "begin" : 3269,  "end" : 3274 }, 
        {"sofa" : 12,  "begin" : 3275,  "end" : 3280 }, 
        {"sofa" : 12,  "begin" : 3280,  "end" : 3281 }, 
        {"sofa" : 12,  "begin" : 3282,  "end" : 3284 }, 
        {"sofa" : 12,  "begin" : 3285,  "end" : 3291 }, 
        {"sofa" : 12,  "begin" : 3292,  "end" : 3294 }, 
        {"sofa" : 12,  "begin" : 3295,  "end" : 3296 }, 
        {"sofa" : 12,  "begin" : 3297,  "end" : 3301 }, 
        {"sofa" : 12,  "begin" : 3302,  "end" : 3307 }, 
        {"sofa" : 12,  "begin" : 3308,  "end" : 3311 }, 
        {"sofa" : 12,  "begin" : 3312,  "end" : 3318 }, 
        {"sofa" : 12,  "begin" : 3319,  "end" : 3321 }, 
        {"sofa" : 12,  "begin" : 3322,  "end" : 3325 }, 
        {"sofa" : 12,  "begin" : 3326,  "end" : 3334 }, 
        {"sofa" : 12,  "begin" : 3335,  "end" : 3341 }, 
        {"sofa" : 12,  "begin" : 3342,  "end" : 3345 }, 
        {"sofa" : 12,  "begin" : 3346,  "end" : 3348 }, 
        {"sofa" : 12,  "begin" : 3349,  "end" : 3352 }, 
        {"sofa" : 12,  "begin" : 3353,  "end" : 3357 }, 
        {"sofa" : 12,  "begin" : 3358,  "end" : 3360 }, 
        {"sofa" : 12,  "begin" : 3361,  "end" : 3362 }, 
        {"sofa" : 12,  "begin" : 3363,  "end" : 3373 }, 
        {"sofa" : 12,  "begin" : 3374,  "end" : 3379 }, 
        {"sofa" : 12,  "begin" : 3380,  "end" : 3386 }, 
        {"sofa" : 12,  "begin" : 3387,  "end" : 3388 }, 
        {"sofa" : 12,  "begin" : 3388,  "end" : 3389 }, 
        {"sofa" : 12,  "begin" : 3389,  "end" : 3390 }, 
        {"sofa" : 12,  "begin" : 3390,  "end" : 3391 }, 
        {"sofa" : 12,  "begin" : 3392,  "end" : 3393 }, 
        {"sofa" : 12,  "begin" : 3393,  "end" : 3394 }, 
        {"sofa" : 12,  "begin" : 3394,  "end" : 3395 }, 
        {"sofa" : 12,  "begin" : 3396,  "end" : 3399 }, 
        {"sofa" : 12,  "begin" : 3400,  "end" : 3410 }, 
        {"sofa" : 12,  "begin" : 3411,  "end" : 3416 }, 
        {"sofa" : 12,  "begin" : 3417,  "end" : 3424 }, 
        {"sofa" : 12,  "begin" : 3425,  "end" : 3427 }, 
        {"sofa" : 12,  "begin" : 3428,  "end" : 3431 }, 
        {"sofa" : 12,  "begin" : 3432,  "end" : 3437 }, 
        {"sofa" : 12,  "begin" : 3438,  "end" : 3441 }, 
        {"sofa" : 12,  "begin" : 3442,  "end" : 3445 }, 
        {"sofa" : 12,  "begin" : 3446,  "end" : 3451 }, 
        {"sofa" : 12,  "begin" : 3452,  "end" : 3455 }, 
        {"sofa" : 12,  "begin" : 3456,  "end" : 3462 }, 
        {"sofa" : 12,  "begin" : 3463,  "end" : 3472 }, 
        {"sofa" : 12,  "begin" : 3473,  "end" : 3476 }, 
        {"sofa" : 12,  "begin" : 3477,  "end" : 3483 }, 
        {"sofa" : 12,  "begin" : 3484,  "end" : 3486 }, 
        {"sofa" : 12,  "begin" : 3487,  "end" : 3493 }, 
        {"sofa" : 12,  "begin" : 3494,  "end" : 3496 }, 
        {"sofa" : 12,  "begin" : 3497,  "end" : 3500 }, 
        {"sofa" : 12,  "begin" : 3501,  "end" : 3504 }, 
        {"sofa" : 12,  "begin" : 3505,  "end" : 3508 }, 
        {"sofa" : 12,  "begin" : 3509,  "end" : 3512 }, 
        {"sofa" : 12,  "begin" : 3513,  "end" : 3515 }, 
        {"sofa" : 12,  "begin" : 3516,  "end" : 3525 }, 
        {"sofa" : 12,  "begin" : 3526,  "end" : 3531 }, 
        {"sofa" : 12,  "begin" : 3532,  "end" : 3534 }, 
        {"sofa" : 12,  "begin" : 3535,  "end" : 3546 }, 
        {"sofa" : 12,  "begin" : 3547,  "end" : 3549 }, 
        {"sofa" : 12,  "begin" : 3550,  "end" : 3552 }, 
        {"sofa" : 12,  "begin" : 3553,  "end" : 3555 }, 
        {"sofa" : 12,  "begin" : 3556,  "end" : 3560 }, 
        {"sofa" : 12,  "begin" : 3561,  "end" : 3562 }, 
        {"sofa" : 12,  "begin" : 3563,  "end" : 3567 }, 
        {"sofa" : 12,  "begin" : 3568,  "end" : 3573 }, 
        {"sofa" : 12,  "begin" : 3574,  "end" : 3577 }, 
        {"sofa" : 12,  "begin" : 3578,  "end" : 3582 }, 
        {"sofa" : 12,  "begin" : 3583,  "end" : 3585 }, 
        {"sofa" : 12,  "begin" : 3586,  "end" : 3594 }, 
        {"sofa" : 12,  "begin" : 3595,  "end" : 3604 }, 
        {"sofa" : 12,  "begin" : 3605,  "end" : 3608 }, 
        {"sofa" : 12,  "begin" : 3609,  "end" : 3612 }, 
        {"sofa" : 12,  "begin" : 3613,  "end" : 3622 }, 
        {"sofa" : 12,  "begin" : 3623,  "end" : 3625 }, 
        {"sofa" : 12,  "begin" : 3626,  "end" : 3631 }, 
        {"sofa" : 12,  "begin" : 3631,  "end" : 3632 }, 
        {"sofa" : 12,  "begin" : 3634,  "end" : 3636 }, 
        {"sofa" : 12,  "begin" : 3637,  "end" : 3644 }, 
        {"sofa" : 12,  "begin" : 3645,  "end" : 3649 }, 
        {"sofa" : 12,  "begin" : 3650,  "end" : 3653 }, 
        {"sofa" : 12,  "begin" : 3654,  "end" : 3662 }, 
        {"sofa" : 12,  "begin" : 3662,  "end" : 3663 }, 
        {"sofa" : 12,  "begin" : 3664,  "end" : 3667 }, 
        {"sofa" : 12,  "begin" : 3668,  "end" : 3675 }, 
        {"sofa" : 12,  "begin" : 3676,  "end" : 3682 }, 
        {"sofa" : 12,  "begin" : 3683,  "end" : 3685 }, 
        {"sofa" : 12,  "begin" : 3686,  "end" : 3689 }, 
        {"sofa" : 12,  "begin" : 3690,  "end" : 3694 }, 
        {"sofa" : 12,  "begin" : 3695,  "end" : 3700 }, 
        {"sofa" : 12,  "begin" : 3701,  "end" : 3705 }, 
        {"sofa" : 12,  "begin" : 3706,  "end" : 3710 }, 
        {"sofa" : 12,  "begin" : 3711,  "end" : 3712 }, 
        {"sofa" : 12,  "begin" : 3712,  "end" : 3713 }, 
        {"sofa" : 12,  "begin" : 3714,  "end" : 3716 }, 
        {"sofa" : 12,  "begin" : 3717,  "end" : 3719 }, 
        {"sofa" : 12,  "begin" : 3720,  "end" : 3723 }, 
        {"sofa" : 12,  "begin" : 3724,  "end" : 3727 }, 
        {"sofa" : 12,  "begin" : 3728,  "end" : 3731 }, 
        {"sofa" : 12,  "begin" : 3732,  "end" : 3734 }, 
        {"sofa" : 12,  "begin" : 3735,  "end" : 3738 }, 
        {"sofa" : 12,  "begin" : 3739,  "end" : 3745 }, 
        {"sofa" : 12,  "begin" : 3746,  "end" : 3748 }, 
        {"sofa" : 12,  "begin" : 3749,  "end" : 3750 }, 
        {"sofa" : 12,  "begin" : 3751,  "end" : 3758 }, 
        {"sofa" : 12,  "begin" : 3759,  "end" : 3762 }, 
        {"sofa" : 12,  "begin" : 3762,  "end" : 3763 }, 
        {"sofa" : 12,  "begin" : 3764,  "end" : 3768 }, 
        {"sofa" : 12,  "begin" : 3769,  "end" : 3774 }, 
        {"sofa" : 12,  "begin" : 3775,  "end" : 3778 }, 
        {"sofa" : 12,  "begin" : 3779,  "end" : 3786 }, 
        {"sofa" : 12,  "begin" : 3787,  "end" : 3796 }, 
        {"sofa" : 12,  "begin" : 3797,  "end" : 3807 }, 
        {"sofa" : 12,  "begin" : 3808,  "end" : 3810 }, 
        {"sofa" : 12,  "begin" : 3811,  "end" : 3812 }, 
        {"sofa" : 12,  "begin" : 3812,  "end" : 3813 }, 
        {"sofa" : 12,  "begin" : 3814,  "end" : 3816 }, 
        {"sofa" : 12,  "begin" : 3817,  "end" : 3819 }, 
        {"sofa" : 12,  "begin" : 3820,  "end" : 3823 }, 
        {"sofa" : 12,  "begin" : 3824,  "end" : 3827 }, 
        {"sofa" : 12,  "begin" : 3828,  "end" : 3832 }, 
        {"sofa" : 12,  "begin" : 3833,  "end" : 3837 }, 
        {"sofa" : 12,  "begin" : 3838,  "end" : 3839 }, 
        {"sofa" : 12,  "begin" : 3839,  "end" : 3840 }, 
        {"sofa" : 12,  "begin" : 3841,  "end" : 3844 }, 
        {"sofa" : 12,  "begin" : 3845,  "end" : 3847 }, 
        {"sofa" : 12,  "begin" : 3848,  "end" : 3851 }, 
        {"sofa" : 12,  "begin" : 3852,  "end" : 3856 }, 
        {"sofa" : 12,  "begin" : 3857,  "end" : 3859 }, 
        {"sofa" : 12,  "begin" : 3860,  "end" : 3868 }, 
        {"sofa" : 12,  "begin" : 3869,  "end" : 3878 }, 
        {"sofa" : 12,  "begin" : 3879,  "end" : 3882 }, 
        {"sofa" : 12,  "begin" : 3883,  "end" : 3885 }, 
        {"sofa" : 12,  "begin" : 3886,  "end" : 3893 }, 
        {"sofa" : 12,  "begin" : 3893,  "end" : 3894 }, 
        {"sofa" : 12,  "begin" : 3895,  "end" : 3899 }, 
        {"sofa" : 12,  "begin" : 3899,  "end" : 3900 }, 
        {"sofa" : 12,  "begin" : 3901,  "end" : 3908 }, 
        {"sofa" : 12,  "begin" : 3908,  "end" : 3909 }, 
        {"sofa" : 12,  "begin" : 3910,  "end" : 3917 }, 
        {"sofa" : 12,  "begin" : 3918,  "end" : 3922 }, 
        {"sofa" : 12,  "begin" : 3922,  "end" : 3923 }, 
        {"sofa" : 12,  "begin" : 3924,  "end" : 3929 }, 
        {"sofa" : 12,  "begin" : 3930,  "end" : 3933 }, 
        {"sofa" : 12,  "begin" : 3934,  "end" : 3937 }, 
        {"sofa" : 12,  "begin" : 3938,  "end" : 3947 }, 
        {"sofa" : 12,  "begin" : 3948,  "end" : 3957 }, 
        {"sofa" : 12,  "begin" : 3958,  "end" : 3963 }, 
        {"sofa" : 12,  "begin" : 3964,  "end" : 3965 }, 
        {"sofa" : 12,  "begin" : 3965,  "end" : 3966 }, 
        {"sofa" : 12,  "begin" : 3967,  "end" : 3969 }, 
        {"sofa" : 12,  "begin" : 3970,  "end" : 3972 }, 
        {"sofa" : 12,  "begin" : 3973,  "end" : 3976 }, 
        {"sofa" : 12,  "begin" : 3977,  "end" : 3980 }, 
        {"sofa" : 12,  "begin" : 3981,  "end" : 3985 }, 
        {"sofa" : 12,  "begin" : 3986,  "end" : 3990 }, 
        {"sofa" : 12,  "begin" : 3991,  "end" : 4000 }, 
        {"sofa" : 12,  "begin" : 4001,  "end" : 4006 }, 
        {"sofa" : 12,  "begin" : 4007,  "end" : 4008 }, 
        {"sofa" : 12,  "begin" : 4008,  "end" : 4009 }, 
        {"sofa" : 12,  "begin" : 4010,  "end" : 4013 }, 
        {"sofa" : 12,  "begin" : 4014,  "end" : 4016 }, 
        {"sofa" : 12,  "begin" : 4017,  "end" : 4020 }, 
        {"sofa" : 12,  "begin" : 4021,  "end" : 4025 }, 
        {"sofa" : 12,  "begin" : 4026,  "end" : 4028 }, 
        {"sofa" : 12,  "begin" : 4029,  "end" : 4037 }, 
        {"sofa" : 12,  "begin" : 4038,  "end" : 4047 }, 
        {"sofa" : 12,  "begin" : 4047,  "end" : 4048 }, 
        {"sofa" : 12,  "begin" : 4049,  "end" : 4051 }, 
        {"sofa" : 12,  "begin" : 4052,  "end" : 4055 }, 
        {"sofa" : 12,  "begin" : 4056,  "end" : 4059 }, 
        {"sofa" : 12,  "begin" : 4060,  "end" : 4069 }, 
        {"sofa" : 12,  "begin" : 4070,  "end" : 4072 }, 
        {"sofa" : 12,  "begin" : 4073,  "end" : 4079 }, 
        {"sofa" : 12,  "begin" : 4080,  "end" : 4084 }, 
        {"sofa" : 12,  "begin" : 4085,  "end" : 4090 }, 
        {"sofa" : 12,  "begin" : 4091,  "end" : 4097 }, 
        {"sofa" : 12,  "begin" : 4098,  "end" : 4100 }, 
        {"sofa" : 12,  "begin" : 4101,  "end" : 4104 }, 
        {"sofa" : 12,  "begin" : 4105,  "end" : 4116 }, 
        {"sofa" : 12,  "begin" : 4117,  "end" : 4122 }, 
        {"sofa" : 12,  "begin" : 4123,  "end" : 4124 }, 
        {"sofa" : 12,  "begin" : 4124,  "end" : 4125 }, 
        {"sofa" : 12,  "begin" : 4126,  "end" : 4129 }, 
        {"sofa" : 12,  "begin" : 4130,  "end" : 4134 }, 
        {"sofa" : 12,  "begin" : 4135,  "end" : 4137 }, 
        {"sofa" : 12,  "begin" : 4138,  "end" : 4145 }, 
        {"sofa" : 12,  "begin" : 4145,  "end" : 4146 }, 
        {"sofa" : 12,  "begin" : 4147,  "end" : 4151 }, 
        {"sofa" : 12,  "begin" : 4152,  "end" : 4160 }, 
        {"sofa" : 12,  "begin" : 4161,  "end" : 4165 }, 
        {"sofa" : 12,  "begin" : 4166,  "end" : 4168 }, 
        {"sofa" : 12,  "begin" : 4169,  "end" : 4172 }, 
        {"sofa" : 12,  "begin" : 4173,  "end" : 4181 }, 
        {"sofa" : 12,  "begin" : 4182,  "end" : 4187 }, 
        {"sofa" : 12,  "begin" : 4187,  "end" : 4188 }, 
        {"sofa" : 12,  "begin" : 4189,  "end" : 4193 }, 
        {"sofa" : 12,  "begin" : 4194,  "end" : 4199 }, 
        {"sofa" : 12,  "begin" : 4200,  "end" : 4208 }, 
        {"sofa" : 12,  "begin" : 4209,  "end" : 4211 }, 
        {"sofa" : 12,  "begin" : 4211,  "end" : 4212 }, 
        {"sofa" : 12,  "begin" : 4214,  "end" : 4217 }, 
        {"sofa" : 12,  "begin" : 4218,  "end" : 4222 }, 
        {"sofa" : 12,  "begin" : 4223,  "end" : 4225 }, 
        {"sofa" : 12,  "begin" : 4226,  "end" : 4237 }, 
        {"sofa" : 12,  "begin" : 4238,  "end" : 4241 }, 
        {"sofa" : 12,  "begin" : 4242,  "end" : 4249 }, 
        {"sofa" : 12,  "begin" : 4250,  "end" : 4252 }, 
        {"sofa" : 12,  "begin" : 4253,  "end" : 4256 }, 
        {"sofa" : 12,  "begin" : 4257,  "end" : 4261 }, 
        {"sofa" : 12,  "begin" : 4262,  "end" : 4267 }, 
        {"sofa" : 12,  "begin" : 4267,  "end" : 4268 }, 
        {"sofa" : 12,  "begin" : 4269,  "end" : 4272 }, 
        {"sofa" : 12,  "begin" : 4273,  "end" : 4284 }, 
        {"sofa" : 12,  "begin" : 4285,  "end" : 4288 }, 
        {"sofa" : 12,  "begin" : 4289,  "end" : 4292 }, 
        {"sofa" : 12,  "begin" : 4293,  "end" : 4299 }, 
        {"sofa" : 12,  "begin" : 4300,  "end" : 4302 }, 
        {"sofa" : 12,  "begin" : 4303,  "end" : 4307 }, 
        {"sofa" : 12,  "begin" : 4308,  "end" : 4313 }, 
        {"sofa" : 12,  "begin" : 4313,  "end" : 4314 }, 
        {"sofa" : 12,  "begin" : 4315,  "end" : 4317 }, 
        {"sofa" : 12,  "begin" : 4318,  "end" : 4322 }, 
        {"sofa" : 12,  "begin" : 4323,  "end" : 4328 }, 
        {"sofa" : 12,  "begin" : 4329,  "end" : 4336 }, 
        {"sofa" : 12,  "begin" : 4337,  "end" : 4344 }, 
        {"sofa" : 12,  "begin" : 4345,  "end" : 4348 }, 
        {"sofa" : 12,  "begin" : 4349,  "end" : 4352 }, 
        {"sofa" : 12,  "begin" : 4353,  "end" : 4363 }, 
        {"sofa" : 12,  "begin" : 4363,  "end" : 4364 }, 
        {"sofa" : 12,  "begin" : 4365,  "end" : 4368 }, 
        {"sofa" : 12,  "begin" : 4369,  "end" : 4372 }, 
        {"sofa" : 12,  "begin" : 4373,  "end" : 4378 }, 
        {"sofa" : 12,  "begin" : 4379,  "end" : 4382 }, 
        {"sofa" : 12,  "begin" : 4383,  "end" : 4392 }, 
        {"sofa" : 12,  "begin" : 4393,  "end" : 4395 }, 
        {"sofa" : 12,  "begin" : 4396,  "end" : 4399 }, 
        {"sofa" : 12,  "begin" : 4400,  "end" : 4403 }, 
        {"sofa" : 12,  "begin" : 4404,  "end" : 4412 }, 
        {"sofa" : 12,  "begin" : 4413,  "end" : 4423 }, 
        {"sofa" : 12,  "begin" : 4424,  "end" : 4426 }, 
        {"sofa" : 12,  "begin" : 4427,  "end" : 4430 }, 
        {"sofa" : 12,  "begin" : 4431,  "end" : 4434 }, 
        {"sofa" : 12,  "begin" : 4434,  "end" : 4435 }, 
        {"sofa" : 12,  "begin" : 4436,  "end" : 4439 }, 
        {"sofa" : 12,  "begin" : 4440,  "end" : 4448 }, 
        {"sofa" : 12,  "begin" : 4449,  "end" : 4454 }, 
        {"sofa" : 12,  "begin" : 4455,  "end" : 4461 }, 
        {"sofa" : 12,  "begin" : 4462,  "end" : 4464 }, 
        {"sofa" : 12,  "begin" : 4465,  "end" : 4472 }, 
        {"sofa" : 12,  "begin" : 4473,  "end" : 4474 }, 
        {"sofa" : 12,  "begin" : 4474,  "end" : 4475 }, 
        {"sofa" : 12,  "begin" : 4476,  "end" : 4478 }, 
        {"sofa" : 12,  "begin" : 4479,  "end" : 4483 }, 
        {"sofa" : 12,  "begin" : 4484,  "end" : 4486 }, 
        {"sofa" : 12,  "begin" : 4487,  "end" : 4492 }, 
        {"sofa" : 12,  "begin" : 4493,  "end" : 4495 }, 
        {"sofa" : 12,  "begin" : 4496,  "end" : 4503 }, 
        {"sofa" : 12,  "begin" : 4504,  "end" : 4508 }, 
        {"sofa" : 12,  "begin" : 4509,  "end" : 4510 }, 
        {"sofa" : 12,  "begin" : 4510,  "end" : 4511 }, 
        {"sofa" : 12,  "begin" : 4512,  "end" : 4514 }, 
        {"sofa" : 12,  "begin" : 4515,  "end" : 4517 }, 
        {"sofa" : 12,  "begin" : 4518,  "end" : 4521 }, 
        {"sofa" : 12,  "begin" : 4522,  "end" : 4525 }, 
        {"sofa" : 12,  "begin" : 4525,  "end" : 4526 }, 
        {"sofa" : 12,  "begin" : 4527,  "end" : 4531 }, 
        {"sofa" : 12,  "begin" : 4532,  "end" : 4535 }, 
        {"sofa" : 12,  "begin" : 4536,  "end" : 4544 }, 
        {"sofa" : 12,  "begin" : 4545,  "end" : 4548 }, 
        {"sofa" : 12,  "begin" : 4549,  "end" : 4553 }, 
        {"sofa" : 12,  "begin" : 4554,  "end" : 4557 }, 
        {"sofa" : 12,  "begin" : 4558,  "end" : 4562 }, 
        {"sofa" : 12,  "begin" : 4563,  "end" : 4566 }, 
        {"sofa" : 12,  "begin" : 4567,  "end" : 4575 }, 
        {"sofa" : 12,  "begin" : 4576,  "end" : 4578 }, 
        {"sofa" : 12,  "begin" : 4579,  "end" : 4586 }, 
        {"sofa" : 12,  "begin" : 4587,  "end" : 4589 }, 
        {"sofa" : 12,  "begin" : 4590,  "end" : 4593 }, 
        {"sofa" : 12,  "begin" : 4593,  "end" : 4594 }, 
        {"sofa" : 12,  "begin" : 4595,  "end" : 4598 }, 
        {"sofa" : 12,  "begin" : 4598,  "end" : 4599 }, 
        {"sofa" : 12,  "begin" : 4600,  "end" : 4602 }, 
        {"sofa" : 12,  "begin" : 4603,  "end" : 4606 }, 
        {"sofa" : 12,  "begin" : 4607,  "end" : 4614 }, 
        {"sofa" : 12,  "begin" : 4615,  "end" : 4619 }, 
        {"sofa" : 12,  "begin" : 4620,  "end" : 4627 }, 
        {"sofa" : 12,  "begin" : 4628,  "end" : 4630 }, 
        {"sofa" : 12,  "begin" : 4631,  "end" : 4634 }, 
        {"sofa" : 12,  "begin" : 4635,  "end" : 4639 }, 
        {"sofa" : 12,  "begin" : 4640,  "end" : 4645 }, 
        {"sofa" : 12,  "begin" : 4645,  "end" : 4646 }, 
        {"sofa" : 12,  "begin" : 4647,  "end" : 4651 }, 
        {"sofa" : 12,  "begin" : 4652,  "end" : 4654 }, 
        {"sofa" : 12,  "begin" : 4655,  "end" : 4658 }, 
        {"sofa" : 12,  "begin" : 4659,  "end" : 4670 }, 
        {"sofa" : 12,  "begin" : 4671,  "end" : 4673 }, 
        {"sofa" : 12,  "begin" : 4674,  "end" : 4677 }, 
        {"sofa" : 12,  "begin" : 4678,  "end" : 4685 }, 
        {"sofa" : 12,  "begin" : 4686,  "end" : 4689 }, 
        {"sofa" : 12,  "begin" : 4690,  "end" : 4698 }, 
        {"sofa" : 12,  "begin" : 4699,  "end" : 4701 }, 
        {"sofa" : 12,  "begin" : 4702,  "end" : 4712 }, 
        {"sofa" : 12,  "begin" : 4713,  "end" : 4716 }, 
        {"sofa" : 12,  "begin" : 4717,  "end" : 4721 }, 
        {"sofa" : 12,  "begin" : 4722,  "end" : 4724 }, 
        {"sofa" : 12,  "begin" : 4725,  "end" : 4732 }, 
        {"sofa" : 12,  "begin" : 4733,  "end" : 4736 }, 
        {"sofa" : 12,  "begin" : 4737,  "end" : 4746 }, 
        {"sofa" : 12,  "begin" : 4747,  "end" : 4757 }, 
        {"sofa" : 12,  "begin" : 4757,  "end" : 4758 }, 
        {"sofa" : 12,  "begin" : 4759,  "end" : 4768 }, 
        {"sofa" : 12,  "begin" : 4769,  "end" : 4771 }, 
        {"sofa" : 12,  "begin" : 4772,  "end" : 4775 }, 
        {"sofa" : 12,  "begin" : 4776,  "end" : 4786 }, 
        {"sofa" : 12,  "begin" : 4786,  "end" : 4787 }, 
        {"sofa" : 12,  "begin" : 4788,  "end" : 4790 }, 
        {"sofa" : 12,  "begin" : 4791,  "end" : 4797 }, 
        {"sofa" : 12,  "begin" : 4798,  "end" : 4800 }, 
        {"sofa" : 12,  "begin" : 4801,  "end" : 4805 }, 
        {"sofa" : 12,  "begin" : 4806,  "end" : 4810 }, 
        {"sofa" : 12,  "begin" : 4811,  "end" : 4814 }, 
        {"sofa" : 12,  "begin" : 4815,  "end" : 4825 }, 
        {"sofa" : 12,  "begin" : 4826,  "end" : 4828 }, 
        {"sofa" : 12,  "begin" : 4829,  "end" : 4833 }, 
        {"sofa" : 12,  "begin" : 4834,  "end" : 4841 }, 
        {"sofa" : 12,  "begin" : 4842,  "end" : 4846 }, 
        {"sofa" : 12,  "begin" : 4847,  "end" : 4850 }, 
        {"sofa" : 12,  "begin" : 4851,  "end" : 4856 }, 
        {"sofa" : 12,  "begin" : 4856,  "end" : 4857 }, 
        {"sofa" : 12,  "begin" : 4858,  "end" : 4865 }, 
        {"sofa" : 12,  "begin" : 4866,  "end" : 4871 }, 
        {"sofa" : 12,  "begin" : 4872,  "end" : 4874 }, 
        {"sofa" : 12,  "begin" : 4875,  "end" : 4879 }, 
        {"sofa" : 12,  "begin" : 4880,  "end" : 4884 }, 
        {"sofa" : 12,  "begin" : 4885,  "end" : 4887 }, 
        {"sofa" : 12,  "begin" : 4888,  "end" : 4894 }, 
        {"sofa" : 12,  "begin" : 4895,  "end" : 4902 }, 
        {"sofa" : 12,  "begin" : 4903,  "end" : 4907 }, 
        {"sofa" : 12,  "begin" : 4907,  "end" : 4908 }, 
        {"sofa" : 12,  "begin" : 4909,  "end" : 4911 }, 
        {"sofa" : 12,  "begin" : 4912,  "end" : 4914 }, 
        {"sofa" : 12,  "begin" : 4915,  "end" : 4918 }, 
        {"sofa" : 12,  "begin" : 4919,  "end" : 4921 }, 
        {"sofa" : 12,  "begin" : 4922,  "end" : 4925 }, 
        {"sofa" : 12,  "begin" : 4926,  "end" : 4930 }, 
        {"sofa" : 12,  "begin" : 4931,  "end" : 4933 }, 
        {"sofa" : 12,  "begin" : 4934,  "end" : 4942 }, 
        {"sofa" : 12,  "begin" : 4943,  "end" : 4945 }, 
        {"sofa" : 12,  "begin" : 4946,  "end" : 4955 }, 
        {"sofa" : 12,  "begin" : 4955,  "end" : 4956 }, 
        {"sofa" : 12,  "begin" : 4957,  "end" : 4964 }, 
        {"sofa" : 12,  "begin" : 4965,  "end" : 4967 }, 
        {"sofa" : 12,  "begin" : 4967,  "end" : 4968 }, 
        {"sofa" : 12,  "begin" : 4969,  "end" : 4971 }, 
        {"sofa" : 12,  "begin" : 4972,  "end" : 4980 }, 
        {"sofa" : 12,  "begin" : 4981,  "end" : 4983 }, 
        {"sofa" : 12,  "begin" : 4984,  "end" : 4992 }, 
        {"sofa" : 12,  "begin" : 4993,  "end" : 4995 }, 
        {"sofa" : 12,  "begin" : 4996,  "end" : 4999 }, 
        {"sofa" : 12,  "begin" : 5000,  "end" : 5006 }, 
        {"sofa" : 12,  "begin" : 5006,  "end" : 5007 }, 
        {"sofa" : 12,  "begin" : 5008,  "end" : 5013 }, 
        {"sofa" : 12,  "begin" : 5014,  "end" : 5017 }, 
        {"sofa" : 12,  "begin" : 5018,  "end" : 5023 }, 
        {"sofa" : 12,  "begin" : 5024,  "end" : 5026 }, 
        {"sofa" : 12,  "begin" : 5027,  "end" : 5030 }, 
        {"sofa" : 12,  "begin" : 5031,  "end" : 5041 }, 
        {"sofa" : 12,  "begin" : 5042,  "end" : 5044 }, 
        {"sofa" : 12,  "begin" : 5045,  "end" : 5052 }, 
        {"sofa" : 12,  "begin" : 5053,  "end" : 5056 }, 
        {"sofa" : 12,  "begin" : 5057,  "end" : 5065 }, 
        {"sofa" : 12,  "begin" : 5066,  "end" : 5069 }, 
        {"sofa" : 12,  "begin" : 5070,  "end" : 5078 }, 
        {"sofa" : 12,  "begin" : 5079,  "end" : 5081 }, 
        {"sofa" : 12,  "begin" : 5082,  "end" : 5086 }, 
        {"sofa" : 12,  "begin" : 5087,  "end" : 5089 }, 
        {"sofa" : 12,  "begin" : 5090,  "end" : 5092 }, 
        {"sofa" : 12,  "begin" : 5093,  "end" : 5100 }, 
        {"sofa" : 12,  "begin" : 5101,  "end" : 5103 }, 
        {"sofa" : 12,  "begin" : 5104,  "end" : 5111 }, 
        {"sofa" : 12,  "begin" : 5112,  "end" : 5114 }, 
        {"sofa" : 12,  "begin" : 5115,  "end" : 5119 }, 
        {"sofa" : 12,  "begin" : 5119,  "end" : 5120 }, 
        {"sofa" : 12,  "begin" : 5121,  "end" : 5123 }, 
        {"sofa" : 12,  "begin" : 5124,  "end" : 5136 }, 
        {"sofa" : 12,  "begin" : 5136,  "end" : 5137 }, 
        {"sofa" : 12,  "begin" : 5138,  "end" : 5146 }, 
        {"sofa" : 12,  "begin" : 5147,  "end" : 5148 }, 
        {"sofa" : 12,  "begin" : 5148,  "end" : 5149 } ], 
      "ACCEPTED" : [
        {"sofa" : 12,  "begin" : 5138,  "end" : 5146 } ], 
      "RANK1" : [
        {"sofa" : 12,  "begin" : 4436,  "end" : 4956 } ], 
      "Rank2" : [
        {"sofa" : 12,  "begin" : 2207,  "end" : 2997 }, 
        {"sofa" : 12,  "begin" : 3634,  "end" : 4268 }, 
        {"sofa" : 12,  "begin" : 4957,  "end" : 5137 } ] } }, 
  "_referenced_fss" : {
    "12" : {"_type" : "Sofa",  "sofaNum" : 1,  "sofaID" : "_InitialView",  "mimeType" : "text",  "sofaString" : "The State of Kerala and the Tahsildars of Kottayam and Kanjirappally Taluks are the appellants, and C.M. Francis Co., a partnership firm, is the first respondent, and the partners of the firm are the remaining respondents. The respondents were doing business in hill produce like pepper, ginger, betelnuts etc., and were assessed to sales tax under the Travancore-Cochin General Sales Tax Act XI of 1125 (referred to as the Act), for the years 1950 to 1954. The respondents have to pay a sum of Rs. 1,01,716-4-3 as tax. In 1954, proceedings were started against them under s. 13 of the Act, which provides that if the tax is not paid as laid down in that section, the whole of the amount or such part thereof as remains due, may be recovered as if it were an arrears of land revenue. It appears that the pro- ceedings were not fruitful, and a prosecution under s. 19 of the Act was instituted against the partners in the Court of the First Class Magistrate, Ponkunnam. Respondents 2 to 5 pleaded guilty, and the Magistrate passed an order on October 18, 1955 as follows The sentence or other final order A 1 to 4 sentenced to pay a fine of Rs. 50/- each and in default to undergo S. 1. for one month each.\n A 1 to 4 admit that they failed to pay on demand by the competent authority, a sum of Rs. 1,01,716-4-3 due from them as sales tax for the years 1950 to 1954. This amount will be realised from A 1 to 4, jointly or severally, individually or collectively under the provisions of the Cr.P.C. for realisation of criminal fines, as if it were a fine imposed by this court on each accused individually and all of them together. Take steps for the realisation. Warrants under s. 386 (1) (b) of the Code of Criminal Procedure were issued to the Collector of Kottayam District for recovery of the arrears of sales tax.\n The authorities, however, started proceedings again under s. 13 of the Act read with the provisions of the Travancore- Cochin Revenue Recovery Act, 1951 (VII of 1951), to recover the amount as arrears of land revenue, and attached some properties belonging to the respondents within the jurisdiction of the second and third appellants, the Tahsildars of Kottayam and Kanjirappally Taluks. The firm thereupon filed the petition under Art. 226 of the Constitution for a writ of prohibition or other order or direction to the effect that the proceedings for realisation of the arrears under the Revenue Recovery Act be quashed.\n In the petition, the respondents urged that inasmuch as they were prosecuted under s. 19 of the Act and the Magistrate had issued warrants, the procedure for recovery under s. 13 was not available. They contended that under s. 386 of the Code of Criminal Procedure the warrant is to be deemed to be a decree and has to be executed according to civil process applicable to the execution of decrees under the Code of Civil Procedure. They, therefore, submitted that the procedure under s. 19 of the Act was no longer open, and could not be proceeded with. Section 19 of the Act, so far as it is material, reads as follows Any person who (b) fails to pay within the time allowed, any tax assessed on him under this Act, or (d)fraudulently evades the payment of any tax assessed on him shall on conviction by a Magistrate of the first class, be liable to a fine which may extend to one thousand rupees and in the case of a conviction under clause (b), (d) the Magistrate shall specify in the order the tax which the person convicted has failed or evaded to pay and the tax so specified shall be recoverable as if it were a fine under the Code of Criminal Procedure for the timebeing in force.\n In dealing with the question, the learned Judges of the High Court felt that s. 13 of the Act was in the nature of a general law, over which the special procedure prescribed by s. 19 of the Act read with s. 386 of the Code of Criminal Procedure was to prevail. They, however, thought that, since all the processes available under s. 19 of the Act were also available under s. 386 of the Code of Criminal Procedure, it was not necessary to decide what would happen if the proceedings under s. 386 came to nothing. They observed that if the question arose, they would consider it.\n The writ of prohibition was granted by the High Court. The respondents did not appear in this Court. We have heard learned counsel for the appellants, who has drawn our attention to all the relevant provisions of the law. The question which arises is whether s. 19 must be taken to prevail over s. 13 of the Act. Both the sections lay down the mode for recovery of arrears of tax, and, as has already been noticed by the High Court, lead to the application of the process for recovery by attachment and sale of movable and immovable properties, belonging to the tax-evader. It cannot be said that one proceeding is more general than the other, because there is much that is common between them, in so far as the mode of recovery is concerned. Section 19, in addition to recovery of the amount, gives the power to the Magistrate to convict and sentence the offender to fine or in default of payment of fine, to imprisonment.\nDECISION ??" } } }